    Updating crates.io index
 Downloading crates ...
  Downloaded symphonia-metadata v0.5.5
  Downloaded zune-core v0.5.3
  Downloaded multiversion_no_op v1.0.0
  Downloaded color_quant v1.1.0
  Downloaded bitflags v1.3.2
  Downloaded byteorder-lite v0.1.0
  Downloaded simdutf8 v0.1.5
  Downloaded fax v0.2.7
  Downloaded symphonia-codec-alac v0.5.5
  Downloaded lazy_static v1.5.0
  Downloaded symphonia v0.5.5
  Downloaded quick-error v2.0.1
  Downloaded symphonia-bundle-mp3 v0.5.5
  Downloaded symphonia-format-ogg v0.5.5
  Downloaded symphonia-codec-pcm v0.5.5
  Downloaded symphonia-format-isomp4 v0.5.5
  Downloaded weezl v0.1.12
  Downloaded half v2.7.1
  Downloaded tiff v0.11.3
  Downloaded image-webp v0.2.4
  Downloaded image v0.25.10
  Downloaded moxcms v0.8.1
  Downloaded zlib-rs v0.6.8
  Downloaded symphonia-bundle-flac v0.5.5
  Downloaded symphonia-format-riff v0.5.5
  Downloaded fdeflate v0.3.7
  Downloaded pxfm v0.1.30
  Downloaded gif v0.14.2
  Downloaded symphonia-codec-vorbis v0.5.5
  Downloaded encoding_rs v0.8.42
  Downloaded symphonia-codec-aac v0.5.5
  Downloaded symphonia-utils-xiph v0.5.5
  Downloaded bytemuck v1.25.2
  Downloaded miniz_oxide v0.8.9
  Downloaded extended v0.1.0
  Downloaded zune-jpeg v0.5.15
  Downloaded arrayvec v0.7.8
  Downloaded symphonia-core v0.5.5
  Downloaded png v0.18.1
  Downloaded scopeguard v1.2.0
   Compiling proc-macro2 v1.0.107
   Compiling unicode-ident v1.0.26
   Compiling quote v1.0.47
   Compiling cfg-if v1.0.5
   Compiling bytemuck v1.25.2
   Compiling crossbeam-utils v0.8.23
   Compiling rustversion v1.0.23
   Compiling thiserror v2.0.21
   Compiling crossbeam-epoch v0.9.21
   Compiling crossbeam-deque v0.8.8
   Compiling arrayvec v0.7.8
   Compiling log v0.4.34
   Compiling bitflags v1.3.2
   Compiling lazy_static v1.5.0
   Compiling rayon-core v1.13.0
   Compiling simdutf8 v0.1.5
   Compiling multiversion_no_op v1.0.0
   Compiling symphonia-core v0.5.5
   Compiling either v1.18.0
   Compiling scopeguard v1.2.0
   Compiling simd-adler32 v0.3.10
   Compiling filmcraft-bitstream v0.2.0 ([PRIVATE_WORK]/media54-runtime-source/crates/bitstream)
   Compiling adler2 v2.0.1
   Compiling crc32fast v1.5.2
   Compiling serde_core v1.0.229
   Compiling miniz_oxide v0.9.1
   Compiling serde v1.0.229
   Compiling autocfg v1.5.1
   Compiling zerocopy v0.8.59
   Compiling flate2 v1.1.10
   Compiling miniz_oxide v0.8.9
   Compiling fdeflate v0.3.7
   Compiling num-traits v0.2.19
   Compiling weezl v0.1.12
   Compiling bitflags v2.13.2
   Compiling syn v3.0.6
   Compiling syn v2.0.119
   Compiling quick-error v2.0.1
   Compiling zune-core v0.5.3
   Compiling png v0.18.1
   Compiling pxfm v0.1.30
   Compiling zune-jpeg v0.5.15
   Compiling fax v0.2.7
   Compiling byteorder-lite v0.1.0
   Compiling color_quant v1.1.0
   Compiling gif v0.14.2
   Compiling image-webp v0.2.4
   Compiling rayon v1.12.0
   Compiling encoding_rs v0.8.42
   Compiling extended v0.1.0
   Compiling symphonia-codec-aac v0.5.5
   Compiling symphonia-codec-alac v0.5.5
   Compiling symphonia-codec-pcm v0.5.5
   Compiling moxcms v0.8.1
   Compiling filmcraft-ogg v0.2.0 ([PRIVATE_WORK]/media54-runtime-source/crates/ogg)
   Compiling filmcraft-mxf v0.2.0 ([PRIVATE_WORK]/media54-runtime-source/crates/mxf)
   Compiling web-time v1.1.0
   Compiling filmcraft-matroska v0.2.0 ([PRIVATE_WORK]/media54-runtime-source/crates/matroska)
   Compiling filmcraft-opus v0.2.0 ([PRIVATE_WORK]/media54-runtime-source/crates/opus)
   Compiling filmcraft-testkit v0.2.0 ([PRIVATE_WORK]/media54-runtime-source/crates/testkit)
   Compiling symphonia-metadata v0.5.5
   Compiling symphonia-utils-xiph v0.5.5
   Compiling symphonia-format-ogg v0.5.5
   Compiling symphonia-codec-vorbis v0.5.5
   Compiling symphonia-format-isomp4 v0.5.5
   Compiling thiserror-impl v2.0.21
   Compiling serde_derive v1.0.229
   Compiling symphonia-bundle-flac v0.5.5
   Compiling symphonia-bundle-mp3 v0.5.5
   Compiling symphonia-format-riff v0.5.5
   Compiling symphonia v0.5.5
   Compiling zerocopy-derive v0.8.59
   Compiling filmcraft-av1 v0.2.0 ([PRIVATE_WORK]/media54-runtime-source/crates/av1)
   Compiling filmcraft-hevc v0.2.0 ([PRIVATE_WORK]/media54-runtime-source/crates/hevc)
   Compiling filmcraft-aac v0.2.0 ([PRIVATE_WORK]/media54-runtime-source/crates/aac)
   Compiling filmcraft-mpegts v0.2.0 ([PRIVATE_WORK]/media54-runtime-source/crates/mpegts)
   Compiling filmcraft-vp9 v0.2.0 ([PRIVATE_WORK]/media54-runtime-source/crates/vp9)
   Compiling filmcraft-dnx v0.2.0 ([PRIVATE_WORK]/media54-runtime-source/crates/dnx)
   Compiling filmcraft-h264 v0.2.0 ([PRIVATE_WORK]/media54-runtime-source/crates/h264)
   Compiling filmcraft-isobmff v0.2.0 ([PRIVATE_WORK]/media54-runtime-source/crates/isobmff)
   Compiling filmcraft-time v0.2.0 ([PRIVATE_WORK]/media54-runtime-source/crates/time)
   Compiling filmcraft-color v0.2.0 ([PRIVATE_WORK]/media54-runtime-source/crates/color)
   Compiling filmcraft-mpeg2v v0.2.0 ([PRIVATE_WORK]/media54-runtime-source/crates/mpeg2v)
   Compiling filmcraft-prores v0.2.0 ([PRIVATE_WORK]/media54-runtime-source/crates/prores)
   Compiling filmcraft-ac3 v0.2.0 ([PRIVATE_WORK]/media54-runtime-source/crates/ac3)
   Compiling filmcraft-frame v0.2.0 ([PRIVATE_WORK]/media54-runtime-source/crates/frame)
   Compiling half v2.7.1
   Compiling tiff v0.11.3
   Compiling image v0.25.10
   Compiling filmcraft-media v0.2.0 ([PRIVATE_WORK]/media54-runtime-source/crates/media)
   Compiling filmcraft-codecs v0.2.0 ([PRIVATE_WORK]/media54-runtime-source/crates/codecs)
    Finished `test` profile [optimized + debuginfo] target(s) in 43.88s
     Running tests/pcm_packet_timing.rs ([PRIVATE_WORK]/media54-cargo-target/debug/deps/pcm_packet_timing-f1e461be9e25c018)

running 2 tests
test pcm_packet_real_gap_is_not_collapsed ... ok
test pcm_packets_are_sample_exact_despite_millisecond_timestamps ... FAILED

failures:

---- pcm_packets_are_sample_exact_despite_millisecond_timestamps stdout ----

thread 'pcm_packets_are_sample_exact_despite_millisecond_timestamps' (42842330) panicked at crates/codecs/tests/pcm_packet_timing.rs:31:5:
assertion `left == right` failed: rounded packet timestamps insert gaps or overwrite samples
  left: [-0.91552734, -0.67385864, -0.43218994, -0.19052124, 0.05114746, 0.29281616, 0.53448486, 0.77615356, -0.8132324, -0.5715637, -0.32989502, -0.08822632, 0.15344238, 0.39511108, 0.6367798, 0.8784485, -0.7109375, -0.4692688, -0.2276001, 0.0140686035, 0.2557373, 0.497406, 0.7390747, -0.8503113, -0.6086426, -0.36697388, -0.12530518, 0.116363525, 0.35803223, 0.5997009, 0.8413696, -0.74801636, -0.50634766, -0.26467896, -0.023010254, 0.21865845, 0.46032715, 0.70199585, -0.88739014, -0.64572144, -0.40405273, -0.16238403, 0.07928467, 0.32095337, 0.5626221, 0.8042908, -0.7850952, -0.5434265, -0.3017578, -0.06008911, 0.18157959, 0.4232483, 0.664917, 0.9065857, -0.6828003, -0.4411316, -0.19946289, 0.04220581, 0.2838745, 0.5255432, 0.7672119, -0.8221741, -0.5805054, -0.33883667, -0.09716797, 0.14450073, 0.38616943, 0.62783813, 0.86950684, -0.71987915, -0.47821045, -0.23654175, 0.005126953, 0.24679565, 0.48846436, 0.73013306, -0.8592529, -0.6175842, -0.37591553, -0.13424683, 0.107421875, 0.34909058, 0.5907593, 0.832428, -0.756958, -0.5152893, -0.2736206, -0.031951904, 0.2097168, 0.4513855, 0.6930542, -0.8963318, -0.6546631, -0.41299438, -0.17132568, 0.07034302, 0.31201172, 0.5536804, 0.7953491, -0.79403687, -0.55236816, -0.31069946, -0.06903076, 0.17263794, 0.41430664, 0.65597534, 0.89764404, -0.69174194, -0.45007324, -0.20840454, 0.03326416, 0.27493286, 0.51660156, 0.75827026, -0.8311157, -0.589447, -0.34777832, -0.10610962, 0.13555908, 0.37722778, 0.6188965, 0.8605652, -0.7288208, -0.4871521, -0.2454834, -0.0038146973, 0.237854, 0.4795227, 0.7211914, -0.8681946, -0.6265259, -0.38485718, -0.14318848, 0.098480225, 0.34014893, 0.5818176, 0.8234863, -0.76589966, -0.52423096, -0.28256226, -0.040893555, 0.20077515, 0.44244385, 0.68411255, -0.90527344, -0.66360474, -0.42193604, -0.18026733, 0.061401367, 0.30307007, 0.54473877, 0.7864075, -0.8029785, -0.5613098, -0.3196411, -0.07797241, 0.16369629, 0.405365, 0.6470337, 0.8887024, -0.7006836, -0.4590149, -0.21734619, 0.02432251, 0.2659912, 0.5076599, 0.7493286, -0.8400574, -0.5983887, -0.35671997, -0.11505127, 0.12661743, 0.36828613, 0.60995483, 0.85162354, -0.73776245, -0.49609375, -0.25442505, -0.012756348, 0.22891235, 0.47058105, 0.71224976, -0.87713623, -0.6354675, -0.39379883, -0.15213013, 0.089538574, 0.33120728, 0.572876, 0.8145447, -0.7748413, -0.5331726, -0.2915039, -0.049835205, 0.1918335, 0.4335022, 0.6751709, -0.9142151, -0.6725464, -0.4308777, -0.18920898, 0.052459717, 0.29412842, 0.5357971, 0.7774658, -0.81192017, -0.57025146, -0.32858276, -0.08691406, 0.15475464, 0.39642334, 0.63809204, 0.87976074, -0.70962524, -0.46795654, -0.22628784, 0.015380859, 0.25704956, 0.49871826, 0.74038696, -0.848999, -0.6073303, -0.36566162, -0.12399292, 0.11767578, 0.35934448, 0.6010132, 0.8426819, -0.7467041, -0.5050354, -0.2633667, -0.021697998, 0.2199707, 0.4616394, 0.7033081, -0.8860779, -0.6444092, -0.40274048, -0.16107178, 0.080596924, 0.32226563, 0.5639343, 0.805603, -0.78378296, -0.54211426, -0.30044556, -0.058776855, 0.18289185, 0.42456055, 0.66622925, 0.90789795, -0.68148804, -0.43981934, -0.19815063, 0.043518066, 0.28518677, 0.52685547, 0.76852417, -0.8208618, -0.5791931, -0.3375244, -0.09585571, 0.14581299, 0.3874817, 0.6291504, 0.8708191, -0.7185669, -0.4768982, -0.23522949, 0.006439209, 0.24810791, 0.4897766, 0.7314453, -0.8579407, -0.616272, -0.37460327, -0.13293457, 0.10873413, 0.35040283, 0.59207153, 0.83374023, -0.75564575, -0.51397705, -0.27230835, -0.030639648, 0.21102905, 0.45269775, 0.69436646, -0.89501953, -0.65335083, -0.41168213, -0.17001343, 0.07165527, 0.31332397, 0.5549927, 0.7966614, -0.7927246, -0.5510559, -0.3093872, -0.067718506, 0.1739502, 0.4156189, 0.6572876, 0.8989563, -0.6904297, -0.448761, -0.20709229, 0.034576416, 0.27624512, 0.5179138, 0.7595825, -0.82980347, -0.58813477, -0.34646606, -0.10479736, 0.13687134, 0.37854004, 0.62020874, 0.86187744, -0.72750854, -0.48583984, -0.24417114, -0.0025024414, 0.23916626, 0.48083496, 0.72250366, -0.8668823, -0.6252136, -0.38354492, -0.14187622, 0.09979248, 0.34146118, 0.5831299, 0.8247986, -0.7645874, -0.5229187, -0.28125, -0.0395813, 0.2020874, 0.4437561, 0.6854248, -0.9039612, -0.6622925, -0.42062378, -0.17895508, 0.06271362, 0.30438232, 0.546051, 0.7877197, -0.80166626, -0.55999756, -0.31832886, -0.076660156, 0.16500854, 0.40667725, 0.64834595, 0.89001465, -0.69937134, -0.45770264, -0.21603394, 0.025634766, 0.26730347, 0.50897217, 0.75064087, -0.8387451, -0.5970764, -0.3554077, -0.11373901, 0.12792969, 0.3695984, 0.6112671, 0.8529358, -0.7364502, -0.4947815, -0.2531128, -0.011444092, 0.23022461, 0.4718933, 0.713562, -0.875824, -0.6341553, -0.39248657, -0.15081787, 0.09085083, 0.33251953, 0.57418823, 0.81585693, -0.77352905, -0.53186035, -0.29019165, -0.04852295, 0.19314575, 0.43481445, 0.67648315, -0.91290283, -0.67123413, -0.42956543, -0.18789673, 0.053771973, 0.29544067, 0.5371094, 0.7787781, -0.8106079, -0.5689392, -0.3272705, -0.08560181, 0.1560669, 0.3977356, 0.6394043, 0.881073, -0.708313, -0.4666443, -0.22497559, 0.016693115, 0.25836182, 0.5000305, 0.7416992, -0.84768677, -0.60601807, -0.36434937, -0.122680664, 0.11898804, 0.36065674, 0.60232544, 0.84399414, -0.74539185, -0.50372314, -0.26205444, -0.020385742, 0.22128296, 0.46295166, 0.70462036, -0.8847656, -0.6430969, -0.40142822, -0.15975952, 0.08190918, 0.32357788, 0.5652466, 0.8069153, -0.7824707, -0.540802, -0.2991333, -0.0574646, 0.1842041, 0.4258728, 0.6675415, 0.9092102, -0.6801758, -0.43850708, -0.19683838, 0.044830322, 0.28649902, 0.5281677, 0.7698364, -0.81954956, -0.57788086, -0.33621216, -0.09454346, 0.14712524, 0.38879395, 0.63046265, 0.87213135, -0.71725464, -0.47558594, -0.23391724, 0.007751465, 0.24942017, 0.49108887, 0.73275757, -0.8566284, -0.6149597, -0.37329102, -0.13162231, 0.11004639, 0.3517151, 0.5933838, 0.8350525, -0.7543335, -0.5126648, -0.2709961, -0.029327393, 0.21234131, 0.45401, 0.6956787, -0.8937073, -0.6520386, -0.41036987, -0.16870117, 0.07296753, 0.31463623, 0.55630493, 0.79797363, -0.79141235, -0.54974365, -0.30807495, -0.06640625, 0.17526245, 0.41693115, 0.65859985, 0.90026855, -0.68911743, -0.44744873, -0.20578003, 0.035888672, 0.27755737, 0.5192261, 0.7608948, -0.8284912, -0.5868225, -0.3451538, -0.10348511, 0.1381836, 0.3798523, 0.621521, 0.8631897, -0.7261963, -0.4845276, -0.24285889, -0.0011901855, 0.24047852, 0.48214722, 0.7238159, -0.86557007, -0.62390137, -0.38223267, -0.14056396, 0.10110474, 0.34277344, 0.58444214, 0.82611084, -0.76327515, -0.52160645, -0.27993774, -0.038269043, 0.20339966, 0.44506836, 0.68673706, -0.9026489, -0.6609802, -0.41931152, -0.17764282, 0.06402588, 0.30569458, 0.5473633, 0.789032, -0.800354, -0.5586853, -0.3170166, -0.0753479, 0.1663208, 0.4079895, 0.6496582, 0.8913269, -0.6980591, -0.45639038, -0.21472168, 0.026947021, 0.26861572, 0.5102844, 0.7519531, -0.83743286, -0.59576416, -0.35409546, -0.11242676, 0.12924194, 0.37091064, 0.61257935, 0.85424805, -0.73513794, -0.49346924, -0.25180054, -0.010131836, 0.23153687, 0.47320557, 0.71487427, -0.8745117, -0.632843, -0.39117432, -0.14950562, 0.092163086, 0.3338318, 0.5755005, 0.8171692, -0.7722168, -0.5305481, -0.2888794, -0.047210693, 0.19445801, 0.4361267, 0.6777954, -0.9115906, -0.6699219, -0.42825317, -0.18658447, 0.05508423, 0.29675293, 0.53842163, 0.78009033, -0.80929565, -0.56762695, -0.32595825, -0.08428955, 0.15737915, 0.39904785, 0.64071655, 0.88238525, -0.70700073, -0.46533203, -0.22366333, 0.018005371, 0.25967407, 0.5013428, 0.7430115, -0.8463745, -0.6047058, -0.3630371, -0.12136841, 0.12030029, 0.361969, 0.6036377, 0.8453064, -0.7440796, -0.5024109, -0.2607422, -0.019073486, 0.22259521, 0.46426392, 0.7059326, -0.88345337, -0.64178467, -0.40011597, -0.15844727, 0.083221436, 0.32489014, 0.56655884, 0.80822754, -0.78115845, -0.53948975, -0.29782104, -0.056152344, 0.18551636, 0.42718506, 0.66885376, 0.91052246, -0.6788635, -0.43719482, -0.19552612, 0.046142578, 0.28781128, 0.52948, 0.7711487, -0.8182373, -0.5765686, -0.3348999, -0.0932312, 0.1484375, 0.3901062, 0.6317749, 0.8734436, -0.7159424, -0.47427368, -0.23260498, 0.009063721, 0.25073242, 0.49240112, 0.7340698, -0.85531616, -0.61364746, -0.37197876, -0.13031006, 0.11135864, 0.35302734, 0.59469604, 0.83636475, -0.75302124, -0.51135254, -0.26968384, -0.028015137, 0.21365356, 0.45532227, 0.69699097, -0.892395, -0.6507263, -0.40905762, -0.16738892, 0.074279785, 0.3159485, 0.5576172, 0.7992859, -0.7901001, -0.5484314, -0.3067627, -0.065093994, 0.1765747, 0.4182434, 0.6599121, 0.9015808, -0.6878052, -0.44613647, -0.20446777, 0.037200928, 0.27886963, 0.52053833, 0.76220703, -0.82717896, -0.58551025, -0.34384155, -0.10217285, 0.13949585, 0.38116455, 0.62283325, 0.86450195, -0.72488403, -0.48321533, -0.24154663, 0.00012207031, 0.24179077, 0.48345947, 0.7251282, -0.8642578, -0.6225891, -0.3809204, -0.13925171, 0.10241699, 0.3440857, 0.5857544, 0.8274231, -0.7619629, -0.5202942, -0.2786255, -0.036956787, 0.20471191, 0.44638062, 0.6880493, -0.90133667, -0.65966797, -0.41799927, -0.17633057, 0.065338135, 0.30700684, 0.54867554, 0.79034424, -0.79904175, -0.55737305, -0.31570435, -0.074035645, 0.16763306, 0.40930176, 0.65097046, 0.89263916, -0.6967468, -0.45507813, -0.21340942, 0.028259277, 0.26992798, 0.5115967, 0.7532654, -0.8361206, -0.5944519, -0.3527832, -0.1111145, 0.1305542, 0.3722229, 0.6138916, 0.8555603, -0.7338257, -0.49215698, -0.25048828, -0.00881958, 0.23284912, 0.47451782, 0.7161865, -0.87319946, -0.63153076, -0.38986206, -0.14819336, 0.09347534, 0.33514404, 0.57681274, 0.81848145, -0.77090454, -0.52923584, -0.28756714, -0.045898438, 0.19577026, 0.43743896, 0.67910767, -0.9102783, -0.6686096, -0.42694092, -0.18527222, 0.056396484, 0.2980652, 0.5397339, 0.7814026, -0.8079834, -0.5663147, -0.324646, -0.082977295, 0.1586914, 0.4003601, 0.6420288, 0.8836975, -0.7056885, -0.46401978, -0.22235107, 0.019317627, 0.26098633, 0.502655, 0.74432373, -0.84506226, -0.60339355, -0.36172485, -0.12005615, 0.12161255, 0.36328125, 0.60494995, 0.84661865, -0.74276733, -0.50109863, -0.25942993, -0.01776123, 0.22390747, 0.46557617, 0.7072449, -0.8821411, -0.6404724, -0.3988037, -0.15713501, 0.08453369, 0.3262024, 0.5678711, 0.8095398, -0.7798462, -0.5381775, -0.2965088, -0.054840088, 0.18682861, 0.4284973, 0.670166, 0.9118347, -0.67755127, -0.43588257, -0.19421387, 0.047454834, 0.28912354, 0.53079224, 0.77246094, -0.81692505, -0.57525635, -0.33358765, -0.091918945, 0.14974976, 0.39141846, 0.63308716, 0.87475586, -0.7146301, -0.47296143, -0.23129272, 0.010375977, 0.25204468, 0.49371338, 0.7353821, -0.8540039, -0.6123352, -0.3706665, -0.1289978, 0.1126709, 0.3543396, 0.5960083, 0.837677, -0.751709, -0.5100403, -0.26837158, -0.02670288, 0.21496582, 0.45663452, 0.6983032, -0.89108276, -0.64941406, -0.40774536, -0.16607666, 0.07559204, 0.31726074, 0.55892944, 0.80059814, -0.78878784, -0.54711914, -0.30545044, -0.06378174, 0.17788696, 0.41955566, 0.66122437, 0.90289307, -0.6864929, -0.44482422, -0.20315552, 0.038513184, 0.28018188, 0.5218506, 0.7635193, -0.8258667, -0.584198, -0.3425293, -0.100860596, 0.1408081, 0.3824768, 0.6241455, 0.8658142, -0.7235718, -0.48190308, -0.24023438, 0.0014343262, 0.24310303, 0.48477173, 0.7264404, -0.86294556, -0.62127686, -0.37960815, -0.13793945, 0.10372925, 0.34539795, 0.58706665, 0.82873535, -0.76065063, -0.51898193, -0.27731323, -0.03564453, 0.20602417, 0.44769287, 0.6893616, -0.9000244, -0.6583557, -0.416687, -0.17501831, 0.06665039, 0.3083191, 0.5499878, 0.7916565, -0.7977295, -0.5560608, -0.3143921, -0.07272339, 0.16894531, 0.410614, 0.6522827, 0.8939514, -0.6954346, -0.45376587, -0.21209717, 0.029571533, 0.27124023, 0.51290894, 0.75457764, -0.83480835, -0.59313965, -0.35147095, -0.109802246, 0.13186646, 0.37353516, 0.61520386, 0.85687256, -0.7325134, -0.49084473, -0.24917603, -0.007507324, 0.23416138, 0.47583008, 0.7174988, -0.8718872, -0.6302185, -0.3885498, -0.1468811, 0.0947876, 0.3364563, 0.578125, 0.8197937, -0.7695923, -0.5279236, -0.28625488, -0.04458618, 0.19708252, 0.43875122, 0.6804199, -0.90896606, -0.66729736, -0.42562866, -0.18395996, 0.05770874, 0.29937744, 0.54104614, 0.78271484, -0.80667114, -0.56500244, -0.32333374, -0.08166504, 0.16000366, 0.40167236, 0.64334106, 0.88500977, -0.7043762, -0.46270752, -0.22103882, 0.020629883, 0.26229858, 0.5039673, 0.745636, -0.84375, -0.6020813, -0.3604126, -0.1187439, 0.122924805, 0.3645935, -0.63916016, -0.39749146, -0.15582275, 0.08584595, 0.32751465, 0.56918335, 0.81085205, -0.77853394, -0.53686523, -0.29519653, -0.053527832, 0.18814087, 0.42980957, 0.6714783, 0.913147, -0.676239, -0.4345703, -0.19290161, 0.04876709, 0.2904358, 0.5321045, 0.7737732, -0.8156128, -0.5739441, -0.3322754, -0.09060669, 0.15106201, 0.3927307, 0.6343994, 0.8760681, -0.7133179, -0.47164917, -0.22998047, 0.011688232, 0.25335693, 0.49502563, 0.73669434, -0.85269165, -0.61102295, -0.36935425, -0.12768555, 0.113983154, 0.35565186, 0.59732056, 0.83898926, -0.7503967, -0.508728, -0.26705933, -0.025390625, 0.21627808, 0.45794678, 0.6996155, -0.8897705, -0.6481018, -0.4064331, -0.1647644, 0.0769043, 0.318573, 0.5602417, 0.8019104, -0.7874756, -0.5458069, -0.30413818, -0.062469482, 0.17919922, 0.42086792, 0.6625366, 0.9042053, -0.68518066, -0.44351196, -0.20184326, 0.03982544, 0.28149414, 0.52316284, 0.76483154, -0.82455444, -0.58288574, -0.34121704, -0.09954834, 0.14212036, 0.38378906, 0.62545776, 0.86712646, -0.7222595, -0.48059082, -0.23892212, 0.002746582, 0.24441528, 0.48608398, 0.7277527, -0.8616333, -0.6199646, -0.3782959, -0.1366272, 0.105041504, 0.3467102, 0.5883789, 0.8300476, -0.7593384, -0.5176697, -0.27600098, -0.034332275, 0.20733643, 0.44900513, 0.6906738, -0.89871216, -0.65704346, -0.41537476, -0.17370605, 0.06796265, 0.30963135, 0.55130005, 0.79296875, -0.79641724, -0.55474854, -0.31307983, -0.07141113, 0.17025757, 0.41192627, 0.653595, 0.8952637, -0.6941223, -0.4524536, -0.21078491, 0.030883789, 0.2725525, 0.5142212, 0.7558899, -0.8334961, -0.5918274, -0.3501587, -0.10848999, 0.13317871, 0.3748474, 0.6165161, 0.8581848, -0.7312012, -0.48953247, -0.24786377, -0.0061950684, 0.23547363, 0.47714233, 0.71881104, -0.87057495, -0.62890625, -0.38723755, -0.14556885, 0.09609985, 0.33776855, 0.57943726, 0.82110596, -0.76828, -0.5266113, -0.28494263, -0.043273926, 0.19839478, 0.44006348, 0.6817322, -0.9076538, -0.6659851, -0.4243164, -0.1826477, 0.059020996, 0.3006897, 0.5423584, 0.7840271, -0.8053589, -0.5636902, -0.32202148, -0.08035278, 0.16131592, 0.40298462, 0.6446533, 0.886322, -0.70306396, -0.46139526, -0.21972656, 0.021942139, 0.26361084, 0.50527954, 0.74694824, -0.84243774, -0.60076904, -0.35910034, -0.11743164, 0.12423706, 0.36590576, 0.60757446, 0.84924316, -0.7401428, -0.49847412, -0.25680542, -0.015136719, 0.22653198, 0.46820068, 0.7098694, -0.8795166, -0.6378479, -0.3961792, -0.1545105, 0.0871582, 0.3288269, 0.5704956, 0.8121643, -0.7772217, -0.535553, -0.29388428, -0.052215576, 0.18945313, 0.43112183, 0.6727905, 0.9144592, -0.67492676, -0.43325806, -0.19158936, 0.050079346, 0.29174805, 0.53341675, 0.77508545, -0.81430054, -0.57263184, -0.33096313, -0.08929443, 0.15237427, 0.39404297, 0.63571167, 0.8773804, -0.7120056, -0.4703369, -0.22866821, 0.013000488, 0.2546692, 0.4963379, 0.7380066, -0.8513794, -0.6097107, -0.368042, -0.12637329, 0.11529541, 0.3569641, 0.5986328, 0.8403015, -0.7490845, -0.5074158, -0.26574707, -0.02407837, 0.21759033, 0.45925903, 0.70092773, -0.88845825, -0.64678955, -0.40512085, -0.16345215, 0.07821655, 0.31988525, 0.56155396, 0.80322266, -0.78616333, -0.5444946, -0.30282593, -0.061157227, 0.18051147, 0.42218018, 0.6638489, 0.9055176, -0.6838684, -0.4421997, -0.200531, 0.041137695, 0.2828064, 0.5244751, 0.7661438, -0.8232422, -0.5815735, -0.3399048, -0.098236084, 0.14343262, 0.38510132, 0.62677, 0.8684387, -0.72094727, -0.47927856, -0.23760986, 0.004058838, 0.24572754, 0.48739624, 0.72906494, -0.86032104, -0.61865234, -0.37698364, -0.13531494, 0.10635376, 0.34802246, 0.58969116, 0.83135986, -0.7580261, -0.5163574, -0.27468872, -0.03302002, 0.20864868, 0.45031738, 0.6919861, -0.8973999, -0.6557312, -0.4140625, -0.1723938, 0.0692749, 0.3109436, 0.5526123, 0.794281, -0.795105, -0.5534363, -0.31176758, -0.07009888, 0.17156982, 0.41323853, 0.6549072, 0.8965759, -0.69281006, -0.45114136, -0.20947266, 0.032196045, 0.27386475, 0.51553345, 0.75720215, -0.83218384, -0.59051514, -0.34884644, -0.107177734, 0.13449097, 0.37615967, 0.61782837, 0.8594971, -0.7298889, -0.4882202, -0.24655151, -0.0048828125, 0.23678589, 0.4784546, 0.7201233, -0.8692627, -0.627594, -0.3859253, -0.14425659, 0.09741211, 0.3390808, 0.5807495, 0.8224182, -0.7669678, -0.5252991, -0.28363037, -0.04196167, 0.19970703, 0.44137573, 0.68304443, -0.90634155, -0.66467285, -0.42300415, -0.18133545, 0.060333252, 0.30200195, 0.54367065, 0.78533936, -0.80404663, -0.5623779, -0.32070923, -0.07904053, 0.16262817, 0.40429688, 0.6459656, 0.8876343, -0.7017517, -0.460083, -0.2184143, 0.023254395, 0.2649231, 0.5065918, 0.7482605, -0.8411255, -0.5994568, -0.3577881, -0.116119385, 0.12554932, 0.36721802, 0.6088867, 0.8505554, -0.73883057, -0.49716187, -0.25549316, -0.013824463, 0.22784424, 0.46951294, 0.71118164, -0.87820435, -0.63653564, -0.39486694, -0.15319824, 0.08847046, 0.33013916, 0.57180786, 0.81347656, -0.7759094, -0.5342407, -0.29257202, -0.05090332, 0.19076538, 0.43243408, 0.6741028, -0.9152832, -0.6736145, -0.4319458, -0.1902771, 0.0513916, 0.2930603, 0.534729, 0.7763977, -0.8129883, -0.5713196, -0.32965088, -0.08798218, 0.15368652, 0.39535522, 0.6370239, 0.8786926, -0.71069336, -0.46902466, -0.22735596, 0.014312744, 0.25598145, 0.49765015, 0.73931885, -0.85006714, -0.60839844, -0.36672974, -0.12506104, 0.116607666, 0.35827637, 0.59994507, 0.84161377, -0.7477722, -0.5061035, -0.2644348, -0.022766113, 0.21890259, 0.4605713, 0.70224, -0.887146, -0.6454773, -0.4038086, -0.1621399, 0.07952881, 0.3211975, 0.5628662, 0.8045349, -0.7848511, -0.5431824, -0.30151367, -0.05984497, 0.18182373, 0.42349243, 0.66516113, 0.90682983, -0.68255615, -0.44088745, -0.19921875, 0.04244995, 0.28411865, 0.52578735, 0.76745605, -0.82192993, -0.58026123, -0.33859253, -0.09692383, 0.14474487, 0.38641357, 0.6280823, 0.869751, -0.719635, -0.4779663, -0.2362976, 0.0053710938, 0.2470398, 0.4887085, 0.7303772, -0.8590088, -0.6173401, -0.3756714, -0.13400269, 0.107666016, 0.34933472, 0.5910034, 0.8326721, -0.75671387, -0.51504517, -0.27337646, -0.031707764, 0.20996094, 0.45162964, 0.69329834, -0.89608765, -0.65441895, -0.41275024, -0.17108154, 0.07058716, 0.31225586, 0.55392456, 0.79559326, -0.7937927, -0.552124, -0.31045532, -0.06878662, 0.17288208, 0.41455078, 0.6562195, 0.8978882, -0.6914978, -0.4498291, -0.2081604, 0.0335083, 0.275177, 0.5168457, 0.7585144, -0.8308716, -0.5892029, -0.34753418, -0.10586548, 0.13580322, 0.37747192, 0.6191406, 0.8608093, -0.72857666, -0.48690796, -0.24523926, -0.0035705566, 0.23809814, 0.47976685, 0.72143555, -0.86795044, -0.62628174, -0.38461304, -0.14294434, 0.098724365, 0.34039307, 0.58206177, 0.82373047, -0.7656555, -0.5239868, -0.28231812, -0.040649414, 0.20101929, 0.442688, 0.6843567, -0.9050293, -0.6633606, -0.4216919, -0.1800232, 0.061645508, 0.3033142, 0.5449829, 0.7866516, -0.8027344, -0.5610657, -0.31939697, -0.07772827, 0.16394043, 0.40560913, 0.64727783, 0.88894653, -0.70043945, -0.45877075, -0.21710205, 0.02456665, 0.26623535, 0.50790405, 0.74957275, -0.83981323, -0.59814453, -0.35647583, -0.11480713, 0.12686157, 0.36853027, 0.610199, 0.8518677, -0.7375183, -0.4958496, -0.2541809, -0.012512207, 0.2291565, 0.4708252, 0.7124939, -0.8768921, -0.6352234, -0.3935547, -0.15188599, 0.089782715, 0.33145142, 0.5731201, 0.8147888, -0.77459717, -0.53292847, -0.29125977, -0.049591064, 0.19207764, 0.43374634, 0.67541504, -0.91397095, -0.67230225, -0.43063354, -0.18896484, 0.052703857, 0.29437256, 0.53604126, 0.77770996, -0.811676, -0.5700073, -0.32833862, -0.08666992, 0.15499878, 0.39666748, 0.6383362, 0.8800049, -0.7093811, -0.4677124, -0.2260437, 0.015625, 0.2572937, 0.4989624, 0.7406311, -0.8487549, -0.6070862, -0.36541748, -0.12374878, 0.11791992, 0.35958862, 0.6012573, 0.842926, -0.74645996, -0.50479126, -0.26312256, -0.021453857, 0.22021484, 0.46188354, 0.70355225, -0.88583374, -0.64416504, -0.40249634, -0.16082764, 0.080841064, 0.32250977, 0.56417847, 0.80584717, -0.7835388, -0.5418701, -0.30020142, -0.058532715, 0.18313599, 0.4248047, 0.6664734, 0.9081421, -0.6812439, -0.4395752, -0.1979065, 0.043762207, 0.2854309, 0.5270996, 0.7687683, -0.8206177, -0.578949, -0.33728027, -0.09561157, 0.14605713, 0.38772583, 0.62939453, 0.87106323, -0.71832275, -0.47665405, -0.23498535, 0.0066833496, 0.24835205, 0.49002075, 0.73168945, -0.85769653, -0.61602783, -0.37435913, -0.13269043, 0.10897827, 0.35064697, 0.5923157, 0.8339844, -0.7554016, -0.5137329, -0.2720642, -0.030395508, 0.2112732, 0.4529419, 0.6946106, -0.8947754, -0.6531067, -0.411438, -0.16976929, 0.071899414, 0.31356812, 0.5552368, 0.7969055, -0.79248047, -0.55081177, -0.30914307, -0.067474365, 0.17419434, 0.41586304, 0.65753174, 0.89920044, -0.69018555, -0.44851685, -0.20684814, 0.034820557, 0.27648926, 0.51815796, 0.75982666, -0.8295593, -0.5878906, -0.34622192, -0.10455322, 0.13711548, 0.37878418, 0.6204529, 0.8621216, -0.7272644, -0.4855957, -0.243927, -0.0022583008, 0.2394104, 0.4810791, 0.7227478, -0.8666382, -0.6249695, -0.38330078, -0.14163208, 0.10003662, 0.34170532, 0.583374, 0.8250427, -0.76434326, -0.52267456, -0.28100586, -0.03933716, 0.20233154, 0.44400024, 0.68566895, -0.90371704, -0.66204834, -0.42037964, -0.17871094, 0.06295776, 0.30462646, 0.54629517, 0.78796387, -0.8014221, -0.5597534, -0.31808472, -0.076416016, 0.16525269, 0.4069214, 0.6485901, 0.8902588, -0.6991272, -0.4574585, -0.2157898, 0.025878906, 0.2675476, 0.5092163, 0.750885, -0.838501, -0.5968323, -0.35516357, -0.11349487, 0.12817383, 0.36984253, 0.61151123, 0.85317993, -0.73620605, -0.49453735, -0.25286865, -0.011199951, 0.23046875, 0.47213745, 0.71380615, -0.87557983, -0.63391113, -0.39224243, -0.15057373, 0.09109497, 0.33276367, 0.5744324, 0.8161011, -0.7732849, -0.5316162, -0.2899475, -0.04827881, 0.1933899, 0.4350586, 0.6767273, -0.9126587, -0.67099, -0.4293213, -0.18765259, 0.054016113, 0.2956848, 0.5373535, 0.7790222, -0.81036377, -0.56869507, -0.32702637, -0.085357666, 0.15631104, 0.39797974, 0.63964844, 0.88131714, -0.70806885, -0.46640015, -0.22473145, 0.016937256, 0.25860596, 0.50027466, 0.74194336, -0.8474426, -0.6057739, -0.36410522, -0.12243652, 0.11923218, 0.36090088, 0.6025696, 0.8442383, -0.7451477, -0.503479, -0.2618103, -0.020141602, 0.2215271, 0.4631958, 0.7048645, -0.8845215, -0.6428528, -0.40118408, -0.15951538, 0.08215332, 0.32382202, 0.5654907, 0.8071594, -0.78222656, -0.54055786, -0.29888916, -0.05722046, 0.18444824, 0.42611694, 0.66778564, 0.90945435, -0.67993164, -0.43826294, -0.19659424, 0.045074463, 0.28674316, 0.52841187, 0.77008057, -0.8193054, -0.5776367, -0.33596802, -0.09429932, 0.14736938, 0.3890381, 0.6307068, 0.8723755, -0.7170105, -0.4753418, -0.2336731, 0.0079956055, 0.2496643, 0.491333, 0.7330017, -0.8563843, -0.6147156, -0.37304688, -0.13137817, 0.11029053, 0.35195923, 0.5936279, 0.83529663, -0.75408936, -0.51242065, -0.27075195, -0.029083252, 0.21258545, 0.45425415, 0.69592285, -0.89346313, -0.65179443, -0.41012573, -0.16845703, 0.07321167, 0.31488037, 0.5565491, 0.7982178, -0.7911682, -0.5494995, -0.3078308, -0.06616211, 0.17550659, 0.4171753, 0.658844, 0.9005127, -0.6888733, -0.4472046, -0.20553589, 0.036132813, 0.2778015, 0.5194702, 0.7611389, -0.8282471, -0.58657837, -0.34490967, -0.10324097, 0.13842773, 0.38009644, 0.62176514, 0.86343384, -0.72595215, -0.48428345, -0.24261475, -0.0009460449, 0.24072266, 0.48239136, 0.72406006, -0.8653259, -0.6236572, -0.38198853, -0.14031982, 0.10134888, 0.34301758, 0.5846863, 0.826355, -0.763031, -0.5213623, -0.2796936, -0.038024902, 0.2036438, 0.4453125, 0.6869812, -0.9024048, -0.6607361, -0.41906738, -0.17739868, 0.06427002, 0.30593872, 0.5476074, 0.7892761, -0.80010986, -0.55844116, -0.31677246, -0.07510376, 0.16656494, 0.40823364, 0.64990234, 0.89157104, -0.69781494, -0.45614624, -0.21447754, 0.027191162, 0.26885986, 0.51052856, 0.75219727, -0.8371887, -0.59552, -0.35385132, -0.11218262, 0.12948608, 0.3711548, 0.6128235, 0.8544922, -0.7348938, -0.4932251, -0.2515564, -0.009887695, 0.231781, 0.4734497, 0.7151184, -0.8742676, -0.6325989, -0.39093018, -0.14926147, 0.09240723, 0.33407593, 0.5757446, 0.81741333, -0.77197266, -0.53030396, -0.28863525, -0.046966553, 0.19470215, 0.43637085, 0.67803955, -0.91134644, -0.66967773, -0.42800903, -0.18634033, 0.05532837, 0.29699707, 0.5386658, 0.7803345, -0.8090515, -0.5673828, -0.3257141, -0.08404541, 0.15762329, 0.399292, 0.6409607, -0.36279297, -0.12112427, 0.12054443, 0.36221313, 0.60388184, 0.84555054, -0.74383545, -0.50216675, -0.26049805, -0.018829346, 0.22283936, 0.46450806, 0.70617676, -0.8832092, -0.6415405, -0.39987183, -0.15820313, 0.083465576, 0.32513428, 0.566803, 0.8084717, -0.7809143, -0.5392456, -0.2975769, -0.055908203, 0.1857605, 0.4274292, 0.6690979, 0.9107666, -0.6786194, -0.43695068, -0.19528198, 0.04638672, 0.28805542, 0.5297241, 0.7713928, -0.81799316, -0.57632446, -0.33465576, -0.09298706, 0.14868164, 0.39035034, 0.63201904, 0.87368774, -0.71569824, -0.47402954, -0.23236084, 0.009307861, 0.25097656, 0.49264526, 0.73431396, -0.855072, -0.6134033, -0.37173462, -0.13006592, 0.11160278, 0.35327148, 0.5949402, 0.8366089, -0.7527771, -0.5111084, -0.2694397, -0.027770996, 0.2138977, 0.4555664, 0.6972351, -0.8921509, -0.6504822, -0.40881348, -0.16714478, 0.074523926, 0.31619263, 0.5578613, 0.79953, -0.78985596, -0.54818726, -0.30651855, -0.06484985, 0.17681885, 0.41848755, 0.66015625, 0.90182495, -0.68756104, -0.44589233, -0.20422363, 0.03744507, 0.27911377, 0.5207825, 0.7624512, -0.8269348, -0.5852661, -0.3435974, -0.10192871, 0.13973999, 0.3814087, 0.6230774, 0.8647461, -0.7246399, -0.4829712, -0.24130249, 0.00036621094, 0.24203491, 0.4837036, 0.7253723, -0.8640137, -0.622345, -0.38067627, -0.13900757, 0.10266113, 0.34432983, 0.58599854, 0.82766724, -0.76171875, -0.52005005, -0.27838135, -0.036712646, 0.20495605, 0.44662476, 0.68829346, -0.9010925, -0.6594238, -0.41775513, -0.17608643, 0.065582275, 0.30725098, 0.5489197, 0.7905884, -0.7987976, -0.5571289, -0.3154602, -0.073791504, 0.1678772, 0.4095459, 0.6512146, 0.8928833, -0.6965027, -0.45483398, -0.21316528, 0.028503418, 0.27017212, 0.5118408, 0.7535095, -0.83587646, -0.59420776, -0.35253906, -0.11087036, 0.13079834, 0.37246704, 0.61413574, 0.85580444, -0.73358154, -0.49191284, -0.25024414, -0.008575439, 0.23309326, 0.47476196, 0.71643066, -0.8729553, -0.6312866, -0.38961792, -0.14794922, 0.09371948, 0.33538818, 0.5770569, 0.8187256, -0.7706604, -0.5289917, -0.287323, -0.045654297, 0.1960144, 0.4376831, 0.6793518, -0.9100342, -0.6683655, -0.42669678, -0.18502808, 0.056640625, 0.29830933, 0.539978, 0.7816467, -0.80773926, -0.56607056, -0.32440186, -0.082733154, 0.15893555, 0.40060425, 0.64227295, 0.88394165, -0.70544434, -0.46377563, -0.22210693, 0.019561768, 0.26123047, 0.50289917, 0.7445679, -0.8448181, -0.6031494, -0.3614807, -0.11981201, 0.12185669, 0.3635254, 0.6051941, 0.8468628, -0.7425232, -0.5008545, -0.2591858, -0.01751709, 0.22415161, 0.4658203, 0.707489, -0.881897, -0.6402283, -0.39855957, -0.15689087, 0.08477783, 0.32644653, 0.56811523, 0.80978394, -0.77960205, -0.53793335, -0.29626465, -0.054595947, 0.18707275, 0.42874146, 0.67041016, 0.91207886, -0.6773071, -0.43563843, -0.19396973, 0.047698975, 0.28936768, 0.5310364, 0.7727051, -0.8166809, -0.5750122, -0.3333435, -0.091674805, 0.1499939, 0.3916626, 0.6333313, 0.875, -0.714386, -0.4727173, -0.23104858, 0.010620117, 0.25228882, 0.49395752, 0.7356262, -0.85375977, -0.61209106, -0.37042236, -0.12875366, 0.11291504, 0.35458374, 0.59625244, 0.83792114, -0.75146484, -0.50979614, -0.26812744, -0.02645874, 0.21520996, 0.45687866, 0.69854736, -0.8908386, -0.6491699, -0.40750122, -0.16583252, 0.07583618, 0.31750488, 0.5591736, 0.8008423, -0.7885437, -0.546875, -0.3052063, -0.0635376, 0.1781311, 0.4197998, 0.6614685, 0.9031372, -0.6862488, -0.44458008, -0.20291138, 0.038757324, 0.28042603, 0.5220947, 0.7637634, -0.82562256, -0.58395386, -0.34228516, -0.100616455, 0.14105225, 0.38272095, 0.62438965, 0.86605835, -0.72332764, -0.48165894, -0.23999023, 0.0016784668, 0.24334717, 0.48501587, 0.7266846, -0.8627014, -0.6210327, -0.379364, -0.13769531, 0.10397339, 0.3456421, 0.5873108, 0.8289795, -0.7604065, -0.5187378, -0.2770691, -0.03540039, 0.20626831, 0.447937, 0.6896057, -0.8997803, -0.6581116, -0.41644287, -0.17477417, 0.06689453, 0.30856323, 0.55023193, 0.79190063, -0.79748535, -0.55581665, -0.31414795, -0.07247925, 0.16918945, 0.41085815, 0.65252686, 0.89419556, -0.6951904, -0.45352173, -0.21185303, 0.029815674, 0.27148438, 0.5131531, 0.7548218, -0.8345642, -0.5928955, -0.3512268, -0.109558105, 0.1321106, 0.3737793, 0.615448, 0.8571167, -0.7322693, -0.4906006, -0.24893188, -0.0072631836, 0.23440552, 0.47607422, 0.7177429, -0.87164307, -0.62997437, -0.38830566, -0.14663696, 0.09503174, 0.33670044, 0.57836914, 0.82003784, -0.76934814, -0.52767944, -0.28601074, -0.04434204, 0.19732666, 0.43899536, 0.68066406, -0.9087219, -0.6670532, -0.42538452, -0.18371582, 0.05795288, 0.29962158, 0.5412903, 0.782959, -0.806427, -0.5647583, -0.3230896, -0.0814209, 0.1602478, 0.4019165, 0.6435852, 0.8852539, -0.7041321, -0.46246338, -0.22079468, 0.020874023, 0.26254272, 0.5042114, 0.7458801, -0.84350586, -0.60183716, -0.36016846, -0.118499756, 0.123168945, 0.36483765, 0.60650635, 0.84817505, -0.74121094, -0.49954224, -0.25787354, -0.016204834, 0.22546387, 0.46713257, 0.70880127, -0.8805847, -0.638916, -0.3972473, -0.15557861, 0.08609009, 0.3277588, 0.5694275, 0.8110962, -0.7782898, -0.5366211, -0.2949524, -0.05328369, 0.18838501, 0.4300537, 0.6717224, 0.9133911, -0.6759949, -0.43432617, -0.19265747, 0.04901123, 0.29067993, 0.53234863, 0.77401733, -0.81536865, -0.57369995, -0.33203125, -0.09036255, 0.15130615, 0.39297485, 0.63464355, 0.87631226, -0.71307373, -0.47140503, -0.22973633, 0.011932373, 0.25360107, 0.49526978, 0.7369385, -0.8524475, -0.6107788, -0.3691101, -0.1274414, 0.114227295, 0.355896, 0.5975647, 0.8392334, -0.7501526, -0.5084839, -0.2668152, -0.025146484, 0.21652222, 0.45819092, 0.6998596, -0.88952637, -0.64785767, -0.40618896, -0.16452026, 0.07714844, 0.31881714, 0.56048584, 0.80215454, -0.78723145, -0.54556274, -0.30389404, -0.06222534, 0.17944336, 0.42111206, 0.66278076, 0.90444946, -0.6849365, -0.44326782, -0.20159912, 0.04006958, 0.28173828, 0.523407, 0.7650757, -0.8243103, -0.5826416, -0.3409729, -0.0993042, 0.1423645, 0.3840332, 0.6257019, 0.8673706, -0.7220154, -0.48034668, -0.23867798, 0.0029907227, 0.24465942, 0.48632813, 0.7279968, -0.86138916, -0.61972046, -0.37805176, -0.13638306, 0.105285645, 0.34695435, 0.58862305, 0.83029175, -0.75909424, -0.51742554, -0.27575684, -0.034088135, 0.20758057, 0.44924927, 0.69091797, -0.898468, -0.6567993, -0.41513062, -0.17346191, 0.06820679, 0.3098755, 0.5515442, 0.7932129, -0.7961731, -0.5545044, -0.3128357, -0.07116699, 0.17050171, 0.4121704, 0.6538391, 0.8955078, -0.6938782, -0.45220947, -0.21054077, 0.03112793, 0.27279663, 0.51446533, 0.75613403, -0.83325195, -0.59158325, -0.34991455, -0.10824585, 0.13342285, 0.37509155, 0.61676025, 0.85842896, -0.73095703, -0.48928833, -0.24761963, -0.0059509277, 0.23571777, 0.47738647, 0.7190552, -0.8703308, -0.6286621, -0.3869934, -0.1453247, 0.096343994, 0.3380127, 0.5796814, 0.8213501, -0.7680359, -0.5263672, -0.2846985, -0.043029785, 0.19863892, 0.44030762, 0.6819763, -0.90740967, -0.66574097, -0.42407227, -0.18240356, 0.059265137, 0.30093384, 0.54260254, 0.78427124, -0.80511475, -0.56344604, -0.32177734, -0.08010864, 0.16156006, 0.40322876, 0.64489746, 0.88656616, -0.7028198, -0.46115112, -0.21948242, 0.02218628, 0.26385498, 0.5055237, 0.7471924, -0.8421936, -0.6005249, -0.3588562, -0.1171875, 0.1244812, 0.3661499, 0.6078186, 0.8494873, -0.7398987, -0.49822998, -0.25656128, -0.014892578, 0.22677612, 0.46844482, 0.7101135, -0.87927246, -0.63760376, -0.39593506, -0.15426636, 0.087402344, 0.32907104, 0.57073975, 0.81240845, -0.77697754, -0.53530884, -0.29364014, -0.051971436, 0.18969727, 0.43136597, 0.67303467, 0.91470337, -0.6746826, -0.43301392, -0.19134521, 0.050323486, 0.2919922, 0.5336609, 0.7753296, -0.8140564, -0.5723877, -0.330719, -0.08905029, 0.15261841, 0.3942871, 0.6359558, 0.8776245, -0.7117615, -0.47009277, -0.22842407, 0.013244629, 0.25491333, 0.49658203, 0.73825073, -0.85113525, -0.60946655, -0.36779785, -0.12612915, 0.11553955, 0.35720825, 0.59887695, 0.84054565, -0.74884033, -0.50717163, -0.26550293, -0.023834229, 0.21783447, 0.45950317, 0.7011719, -0.8882141, -0.6465454, -0.4048767, -0.16320801, 0.07846069, 0.3201294, 0.5617981, 0.8034668, -0.7859192, -0.5442505, -0.3025818, -0.060913086, 0.18075562, 0.42242432, 0.664093, 0.9057617, -0.68362427, -0.44195557, -0.20028687, 0.041381836, 0.28305054, 0.52471924, 0.76638794, -0.82299805, -0.58132935, -0.33966064, -0.09799194, 0.14367676, 0.38534546, 0.62701416, 0.86868286, -0.7207031, -0.47903442, -0.23736572, 0.0043029785, 0.24597168, 0.48764038, 0.7293091, -0.8600769, -0.6184082, -0.3767395, -0.1350708, 0.1065979, 0.3482666, 0.5899353, 0.831604, -0.757782, -0.5161133, -0.27444458, -0.03277588, 0.20889282, 0.45056152, 0.6922302, -0.89715576, -0.65548706, -0.41381836, -0.17214966, 0.06951904, 0.31118774, 0.55285645, 0.79452515, -0.79486084, -0.55319214, -0.31152344, -0.06985474, 0.17181396, 0.41348267, 0.65515137, 0.89682007, -0.6925659, -0.45089722, -0.20922852, 0.032440186, 0.2741089, 0.5157776, 0.7574463, -0.8319397, -0.590271, -0.3486023, -0.106933594, 0.1347351, 0.3764038, 0.6180725, 0.8597412, -0.7296448, -0.48797607, -0.24630737, -0.004638672, 0.23703003, 0.47869873, 0.72036743, -0.86901855, -0.62734985, -0.38568115, -0.14401245, 0.09765625, 0.33932495, 0.58099365, 0.82266235, -0.76672363, -0.52505493, -0.28338623, -0.04171753, 0.19995117, 0.44161987, 0.6832886, -0.9060974, -0.6644287, -0.42276, -0.18109131, 0.060577393, 0.3022461, 0.5439148, 0.7855835, -0.8038025, -0.5621338, -0.3204651, -0.07879639, 0.16287231, 0.40454102, 0.6462097, 0.8878784, -0.70150757, -0.45983887, -0.21817017, 0.023498535, 0.26516724, 0.50683594, 0.74850464, -0.84088135, -0.59921265, -0.35754395, -0.115875244, 0.12579346, 0.36746216, 0.60913086, 0.85079956, -0.7385864, -0.49691772, -0.25524902, -0.013580322, 0.22808838, 0.46975708, 0.7114258, -0.8779602, -0.6362915, -0.3946228, -0.1529541, 0.0887146, 0.3303833, 0.572052, 0.8137207, -0.7756653, -0.5339966, -0.29232788, -0.05065918, 0.19100952, 0.43267822, 0.6743469, -0.91503906, -0.67337036, -0.43170166, -0.19003296, 0.051635742, 0.29330444, 0.53497314, 0.77664185, -0.81274414, -0.57107544, -0.32940674, -0.08773804, 0.15393066, 0.39559937, 0.63726807, 0.87893677, -0.7104492, -0.46878052, -0.22711182, 0.014556885, 0.2562256, 0.4978943, 0.739563, -0.849823, -0.6081543, -0.3664856, -0.124816895, 0.11685181, 0.3585205, 0.6001892, 0.8418579, -0.7475281, -0.5058594, -0.26419067, -0.022521973, 0.21914673, 0.46081543, 0.70248413, -0.88690186, -0.64523315, -0.40356445, -0.16189575, 0.07977295, 0.32144165, 0.56311035, 0.80477905, -0.78460693, -0.54293823, -0.30126953, -0.05960083, 0.18206787, 0.42373657, 0.6654053, 0.907074, -0.682312, -0.4406433, -0.19897461, 0.04269409, 0.2843628, 0.5260315, 0.7677002, -0.8216858, -0.5800171, -0.3383484, -0.09667969, 0.14498901, 0.3866577, 0.6283264, 0.8699951, -0.71939087, -0.47772217, -0.23605347, 0.0056152344, 0.24728394, 0.48895264, 0.73062134, -0.85876465, -0.61709595, -0.37542725, -0.13375854, 0.107910156, 0.34957886, 0.59124756, 0.83291626, -0.7564697, -0.514801, -0.27313232, -0.031463623, 0.21020508, 0.45187378, 0.6935425, -0.8958435, -0.6541748, -0.4125061, -0.1708374, 0.0708313, 0.3125, 0.5541687, 0.7958374, -0.7935486, -0.5518799, -0.31021118, -0.06854248, 0.17312622, 0.41479492, 0.6564636, 0.8981323, -0.69125366, -0.44958496, -0.20791626, 0.03375244, 0.27542114, 0.51708984, 0.75875854, -0.83062744, -0.58895874, -0.34729004, -0.10562134, 0.13604736, 0.37771606, 0.61938477, 0.86105347, -0.7283325, -0.48666382, -0.24499512, -0.003326416, 0.23834229, 0.480011, 0.7216797, -0.8677063, -0.6260376, -0.3843689, -0.1427002, 0.098968506, 0.3406372, 0.5823059, 0.8239746, -0.7654114, -0.5237427, -0.28207397, -0.040405273, 0.20126343, 0.44293213, 0.68460083, -0.90478516, -0.66311646, -0.42144775, -0.17977905, 0.06188965, 0.30355835, 0.54522705, 0.78689575, -0.80249023, -0.56082153, -0.31915283, -0.07748413, 0.16418457, 0.40585327, 0.647522, 0.8891907, -0.7001953, -0.4585266, -0.21685791, 0.024810791, 0.2664795, 0.5081482, 0.7498169, -0.8395691, -0.5979004, -0.3562317, -0.11456299, 0.12710571, 0.3687744, 0.6104431, 0.8521118, -0.73727417, -0.49560547, -0.25393677, -0.012268066, 0.22940063, 0.47106934, 0.71273804, -0.87664795, -0.63497925, -0.39331055, -0.15164185, 0.090026855, 0.33169556, 0.57336426, 0.81503296, -0.774353, -0.5326843, -0.29101563, -0.049346924, 0.19232178, 0.43399048, 0.6756592, -0.9137268, -0.6720581, -0.4303894, -0.1887207, 0.052947998, 0.2946167, 0.5362854, 0.7779541, -0.8114319, -0.5697632, -0.32809448, 0.0, 0.0, 0.0, 0.0, 0.0, 0.0, 0.0, 0.0, 0.0, 0.0, 0.0, 0.0, 0.0, 0.0, 0.0, 0.0, 0.0, 0.0, 0.0, 0.0, 0.0, 0.0, 0.0, 0.0, 0.0, 0.0, 0.0, 0.0, 0.0, 0.0, 0.0, 0.0, 0.0, 0.0, 0.0, -0.08642578, 0.15524292, 0.39691162, 0.6385803, 0.880249, -0.70913696, -0.46746826, -0.22579956, 0.01586914, 0.25753784, 0.49920654, 0.74087524, -0.84851074, -0.60684204, -0.36517334, -0.12350464, 0.11816406, 0.35983276, 0.60150146, 0.84317017, -0.7462158, -0.5045471, -0.26287842, -0.021209717, 0.22045898, 0.4621277, 0.7037964, -0.8855896, -0.6439209, -0.4022522, -0.1605835, 0.081085205, 0.3227539, 0.5644226, 0.8060913, -0.7832947, -0.541626, -0.29995728, -0.058288574, 0.18338013, 0.42504883, 0.6667175, 0.90838623, -0.68099976, -0.43933105, -0.19766235, 0.044006348, 0.28567505, 0.52734375, 0.76901245, -0.82037354, -0.57870483, -0.33703613, -0.09536743, 0.14630127, 0.38796997, 0.6296387, 0.8713074, -0.7180786, -0.4764099, -0.23474121, 0.0069274902, 0.24859619, 0.4902649, 0.7319336, -0.8574524, -0.6157837, -0.374115, -0.13244629, 0.10922241, 0.3508911, 0.5925598, 0.8342285, -0.7551575, -0.51348877, -0.27182007, -0.030151367, 0.21151733, 0.45318604, 0.69485474, -0.89453125, -0.65286255, -0.41119385, -0.16952515, 0.072143555, 0.31381226, 0.55548096, 0.79714966, -0.7922363, -0.5505676, -0.30889893, -0.067230225, 0.17443848, 0.41610718, 0.6577759, 0.8994446, -0.6899414, -0.4482727, -0.206604, 0.035064697, 0.2767334, 0.5184021, 0.7600708, -0.8293152, -0.5876465, -0.34597778, -0.10430908, 0.13735962, 0.37902832, 0.620697, 0.8623657, -0.72702026, -0.48535156, -0.24368286, -0.0020141602, 0.23965454, 0.48132324, 0.72299194, -0.86639404, -0.62472534, -0.38305664, -0.14138794, 0.10028076, 0.34194946, 0.58361816, 0.82528687, -0.7640991, -0.5224304, -0.28076172, -0.039093018, 0.20257568, 0.44424438, 0.6859131, -0.9034729, -0.6618042, -0.4201355, -0.1784668, 0.063201904, 0.3048706, 0.5465393, 0.788208, -0.801178, -0.5595093, -0.31784058, -0.076171875, 0.16549683, 0.40716553, 0.6488342, 0.8905029, -0.69888306, -0.45721436, -0.21554565, 0.026123047, 0.26779175, 0.50946045, 0.75112915, -0.83825684, -0.59658813, -0.35491943, -0.11325073, 0.12841797, 0.37008667, 0.6117554, 0.8534241, -0.7359619, -0.4942932, -0.2526245, -0.010955811, 0.23071289, 0.4723816, 0.7140503, -0.8753357, -0.633667, -0.3919983, -0.15032959, 0.09133911, 0.3330078, 0.5746765, 0.8163452, -0.7730408, -0.5313721, -0.28970337, -0.048034668, 0.19363403, 0.43530273, 0.67697144, -0.91241455, -0.67074585, -0.42907715, -0.18740845, 0.054260254, 0.29592896, 0.53759766, 0.77926636, -0.8101196, -0.5684509, -0.32678223, -0.085113525, 0.15655518, 0.39822388, 0.6398926, 0.8815613, -0.7078247, -0.466156, -0.2244873, 0.017181396, 0.2588501, 0.5005188, 0.7421875, -0.8471985, -0.6055298, -0.36386108, -0.12219238, 0.11947632, 0.36114502, 0.6028137, 0.8444824, -0.74490356, -0.50323486, -0.26156616, -0.019897461, 0.22177124, 0.46343994, 0.70510864, -0.88427734, -0.64260864, -0.40093994, -0.15927124, 0.08239746, 0.32406616, 0.56573486, 0.80740356, -0.7819824, -0.5403137, -0.29864502, -0.05697632, 0.18469238, 0.42636108, 0.6680298, 0.9096985, -0.6796875, -0.4380188, -0.1963501, 0.045318604, 0.2869873, 0.528656, 0.7703247, -0.8190613, -0.5773926, -0.33572388, -0.094055176, 0.14761353, 0.38928223, 0.6309509, 0.8726196, -0.71676636, -0.47509766, -0.23342896, 0.008239746, 0.24990845, 0.49157715, 0.73324585, -0.85614014, -0.61447144, -0.37280273, -0.13113403, 0.11053467, 0.35220337, 0.5938721, 0.8355408, -0.7538452, -0.5121765, -0.2705078, -0.028839111, 0.21282959, 0.4544983, 0.696167, -0.893219, -0.6515503, -0.4098816, -0.16821289, 0.07345581, 0.3151245, 0.5567932, 0.7984619, -0.7909241, -0.5492554, -0.30758667, -0.06591797, 0.17575073, 0.41741943, 0.65908813, 0.90075684, -0.68862915, -0.44696045, -0.20529175, 0.036376953, 0.27804565, 0.51971436, 0.76138306, -0.8280029, -0.5863342, -0.34466553, -0.102996826, 0.13867188, 0.38034058, 0.6220093, 0.863678, -0.725708, -0.4840393, -0.2423706, -0.0007019043, 0.2409668, 0.4826355, 0.7243042, -0.8650818, -0.6234131, -0.38174438, -0.14007568, 0.10159302, 0.34326172, 0.5849304, 0.8265991, -0.76278687, -0.52111816, -0.27944946, -0.03778076, 0.20388794, 0.44555664, 0.68722534, -0.90216064, -0.66049194, -0.41882324, -0.17715454, 0.06451416, 0.30618286, 0.54785156, 0.78952026, -0.7998657, -0.558197, -0.31652832, -0.07485962, 0.16680908, 0.40847778, 0.6501465, 0.8918152, -0.6975708, -0.4559021, -0.2142334, 0.027435303, 0.269104, 0.5107727, 0.7524414, -0.8369446, -0.5952759, -0.35360718, -0.11193848, 0.12973022, 0.37139893, 0.6130676, 0.8547363, -0.73464966, -0.49298096, -0.25131226, -0.009643555, 0.23202515, 0.47369385, 0.71536255, -0.87402344, -0.63235474, -0.39068604, -0.14901733, 0.09265137, 0.33432007, 0.57598877, 0.8176575, -0.7717285, -0.5300598, -0.2883911, -0.046722412, 0.19494629, 0.436615, 0.6782837, -0.9111023, -0.6694336, -0.4277649, -0.18609619, 0.05557251, 0.2972412, 0.5389099, 0.7805786, -0.8088074, -0.5671387, -0.32546997, -0.08380127, 0.15786743, 0.39953613, 0.64120483, 0.88287354, -0.70651245, -0.46484375, -0.22317505, 0.018493652, 0.26016235, 0.50183105, 0.74349976, -0.84588623, -0.6042175, -0.36254883, -0.12088013, 0.120788574, 0.36245728, 0.604126, 0.8457947, -0.7435913, -0.5019226, -0.2602539, -0.018585205, 0.2230835, 0.4647522, 0.7064209, -0.8829651, -0.6412964, -0.3996277, -0.15795898, 0.08370972, 0.32537842, 0.5670471, 0.8087158, -0.78067017, -0.53900146, -0.29733276, -0.055664063, 0.18600464, 0.42767334, 0.66934204, 0.91101074, -0.67837524, -0.43670654, -0.19503784, 0.04663086, 0.28829956, 0.52996826, 0.77163696, -0.817749, -0.5760803, -0.33441162, -0.09274292, 0.14892578, 0.39059448, 0.6322632, 0.8739319, -0.7154541, -0.4737854, -0.2321167, 0.009552002, 0.2512207, 0.4928894, 0.7345581, -0.8548279, -0.6131592, -0.37149048, -0.12982178, 0.111846924, 0.35351563, 0.5951843, 0.836853, -0.75253296, -0.51086426, -0.26919556, -0.027526855, 0.21414185, 0.45581055, 0.69747925, -0.89190674, -0.65023804, -0.40856934, -0.16690063, 0.07476807, 0.31643677, 0.55810547, 0.79977417, -0.7896118, -0.5479431, -0.3062744, -0.06460571, 0.17706299, 0.4187317, 0.6604004, 0.9020691, -0.6873169, -0.4456482, -0.20397949, 0.03768921, 0.2793579, 0.5210266, 0.7626953, -0.8266907, -0.585022, -0.34335327, -0.10168457, 0.13998413, 0.38165283, 0.62332153, 0.86499023, -0.72439575, -0.48272705, -0.24105835, 0.00061035156, 0.24227905, 0.48394775, 0.72561646, -0.86376953, -0.62210083, -0.38043213, -0.13876343, 0.10290527, 0.34457397, 0.5862427, 0.8279114, -0.7614746, -0.5198059, -0.2781372, -0.036468506, 0.2052002, 0.4468689, 0.6885376, -0.9008484, -0.6591797, -0.417511, -0.17584229, 0.065826416, 0.30749512, 0.5491638, 0.7908325, -0.79855347, -0.55688477, -0.31521606, -0.07354736, 0.16812134, 0.40979004, 0.65145874, 0.89312744, -0.69625854, -0.45458984, -0.21292114, 0.028747559, 0.27041626, 0.51208496, 0.75375366, -0.8356323, -0.5939636, -0.35229492, -0.11062622, 0.13104248, 0.37271118, 0.6143799, 0.8560486, -0.7333374, -0.4916687, -0.25, -0.008331299, 0.2333374, 0.4750061, 0.7166748, -0.8727112, -0.6310425, -0.38937378, -0.14770508, 0.09396362, 0.33563232, 0.577301, 0.8189697, -0.77041626, -0.52874756, -0.28707886, -0.045410156, 0.19625854, 0.43792725, 0.67959595, -0.90979004, -0.66812134, -0.42645264, -0.18478394, 0.056884766, 0.29855347, 0.54022217, 0.78189087, -0.8074951, -0.5658264, -0.3241577, -0.08248901, 0.15917969, 0.4008484, 0.6425171, 0.8841858, -0.7052002, -0.4635315, -0.2218628, 0.019805908, 0.2614746, 0.5031433, 0.744812, -0.844574, -0.6029053, -0.36123657, -0.11956787, 0.12210083, 0.36376953, 0.60543823, 0.84710693, -0.74227905, -0.50061035, -0.25894165, -0.01727295, 0.22439575, 0.46606445, 0.70773315, -0.88165283, -0.63998413, -0.39831543, -0.15664673, 0.08502197, 0.32669067, 0.5683594, 0.8100281, -0.7793579, -0.5376892, -0.2960205, -0.054351807, 0.1873169, 0.4289856, 0.6706543, 0.912323, -0.677063, -0.4353943, -0.19372559, 0.047943115, 0.28961182, 0.5312805, 0.7729492, -0.81643677, -0.57476807, -0.33309937, -0.091430664, 0.15023804, 0.39190674, 0.63357544, 0.87524414, -0.71414185, -0.47247314, -0.23080444, 0.010864258, 0.25253296, 0.49420166, 0.73587036, -0.8535156, -0.6118469, -0.37017822, -0.12850952, 0.11315918, 0.35482788, 0.5964966, 0.8381653, -0.7512207, -0.509552, -0.2678833, -0.0262146, 0.2154541, 0.4571228, 0.6987915, -0.8905945, -0.6489258, -0.40725708, -0.16558838, 0.07608032, 0.31774902, 0.5594177, 0.8010864, -0.78829956, -0.54663086, -0.30496216, -0.06329346, 0.17837524, 0.42004395, 0.66171265, 0.90338135, -0.68600464, -0.44433594, -0.20266724, 0.039001465, 0.28067017, 0.52233887, 0.76400757, -0.8253784, -0.5837097, -0.34204102, -0.100372314, 0.14129639, 0.3829651, 0.6246338, 0.8663025, -0.7230835, -0.4814148, -0.2397461, 0.0019226074, 0.24359131, 0.48526, 0.7269287, -0.8624573, -0.6207886, -0.37911987, -0.13745117, 0.10421753, 0.34588623, 0.58755493, 0.82922363, -0.76016235, -0.51849365, -0.27682495, -0.03515625, 0.20651245, 0.44818115, 0.68984985, -0.89953613, -0.65786743, -0.41619873, -0.17453003, 0.06713867, 0.30880737, 0.5504761, 0.7921448, -0.7972412, -0.5555725, -0.3139038, -0.07223511, 0.1694336, 0.4111023, 0.652771, 0.8944397, -0.6949463, -0.4532776, -0.21160889, 0.030059814, 0.27172852, 0.5133972, 0.7550659, -0.83432007, -0.59265137, -0.35098267, -0.109313965, 0.13235474, 0.37402344, 0.61569214, 0.85736084, -0.73202515, -0.49035645, -0.24868774, -0.007019043, 0.23464966, 0.47631836, 0.71798706, -0.8713989, -0.6297302, -0.38806152, -0.14639282, 0.09527588, 0.33694458, 0.5786133, 0.820282, -0.769104, -0.5274353, -0.2857666, -0.0440979, 0.1975708, 0.4392395, 0.6809082, -0.9084778, -0.6668091, -0.42514038, -0.18347168, 0.05819702, 0.29986572, 0.5415344, 0.7832031, -0.80618286, -0.56451416, -0.32284546, -0.08117676, 0.16049194, 0.40216064, 0.64382935, 0.88549805, -0.70388794, -0.46221924, -0.22055054, 0.021118164, 0.26278687, 0.50445557, 0.74612427, -0.8432617, -0.601593, -0.35992432, -0.118255615, 0.123413086, 0.3650818, 0.6067505, 0.8484192, -0.7409668, -0.4992981, -0.2576294, -0.015960693, 0.22570801, 0.4673767, 0.7090454, -0.8803406, -0.6386719, -0.39700317, -0.15533447, 0.08633423, 0.32800293, 0.56967163, 0.81134033, -0.77804565, -0.53637695, -0.29470825, -0.05303955, 0.18862915, 0.43029785, 0.67196655, 0.91363525, -0.67575073, -0.43408203, -0.19241333, 0.04925537, 0.29092407, 0.5325928, 0.7742615, -0.8151245, -0.5734558, -0.3317871, -0.09011841, 0.1515503, 0.393219, 0.6348877, 0.8765564, -0.7128296, -0.4711609, -0.22949219, 0.012176514, 0.2538452, 0.49551392, 0.7371826, -0.85220337, -0.61053467, -0.36886597, -0.12719727, 0.114471436, 0.35614014, 0.59780884, 0.83947754, -0.74990845, -0.50823975, -0.26657104, -0.024902344, 0.21676636, 0.45843506, 0.70010376, -0.8892822, -0.6476135, -0.40594482, -0.16427612, 0.07739258, 0.31906128, 0.56073, 0.8023987, -0.7869873, -0.5453186, -0.3036499, -0.0619812, 0.1796875, 0.4213562, 0.6630249, 0.9046936, -0.6846924, -0.44302368, -0.20135498, 0.04031372, 0.28198242, 0.5236511, 0.7653198, -0.82406616, -0.58239746, -0.34072876, -0.09906006, 0.14260864, 0.38427734, 0.62594604, 0.86761475, -0.72177124, -0.48010254, -0.23843384, 0.0032348633, 0.24490356, 0.48657227, 0.72824097, -0.861145, -0.6194763, -0.37780762, -0.13613892, 0.105529785, 0.3471985, 0.5888672, 0.8305359, -0.7588501, -0.5171814, -0.2755127, -0.033843994, 0.2078247, 0.4494934, 0.6911621, -0.8982239, -0.6565552, -0.41488647, -0.17321777, 0.06845093, 0.31011963, 0.55178833, 0.79345703, -0.79592896, -0.55426025, -0.31259155, -0.07092285, 0.17074585, 0.41241455, 0.65408325, 0.89575195, -0.69363403, -0.45196533, -0.21029663, 0.03137207, 0.27304077, 0.5147095, 0.7563782, -0.8330078, -0.5913391, -0.3496704, -0.10800171, 0.13366699, 0.3753357, 0.6170044, 0.8586731, -0.7307129, -0.4890442, -0.24737549, -0.005706787, 0.23596191, 0.47763062, 0.7192993, -0.87008667, -0.62841797, -0.38674927, -0.14508057, 0.096588135, 0.33825684, 0.57992554, 0.82159424, -0.76779175, -0.52612305, -0.28445435, -0.042785645, 0.19888306, 0.44055176, 0.68222046, -0.9071655, -0.6654968, -0.42382813, -0.18215942, 0.059509277, 0.30117798, 0.5428467, 0.7845154, -0.8048706, -0.5632019, -0.3215332, -0.0798645, 0.1618042, 0.4034729, 0.6451416, 0.8868103, -0.7025757, -0.46090698, -0.21923828, 0.02243042, 0.26409912, 0.5057678, 0.7474365, -0.84194946, -0.60028076, -0.35861206, -0.11694336, 0.12472534, 0.36639404, 0.60806274, 0.84973145, -0.73965454, -0.49798584, -0.25631714, -0.0146484375, 0.22702026, 0.46868896, 0.71035767, -0.8790283, -0.6373596, 0.1899414, 0.4316101, 0.6732788, 0.9149475, -0.6744385, -0.43276978, -0.19110107, 0.050567627, 0.29223633, 0.533905, 0.77557373, -0.81381226, -0.57214355, -0.33047485, -0.08880615, 0.15286255, 0.39453125, 0.63619995, 0.87786865, -0.71151733, -0.46984863, -0.22817993, 0.0134887695, 0.25515747, 0.49682617, 0.7384949, -0.8508911, -0.6092224, -0.3675537, -0.12588501, 0.11578369, 0.3574524, 0.5991211, 0.8407898, -0.7485962, -0.5069275, -0.2652588, -0.023590088, 0.21807861, 0.4597473, 0.701416, -0.88797, -0.64630127, -0.40463257, -0.16296387, 0.078704834, 0.32037354, 0.56204224, 0.80371094, -0.78567505, -0.54400635, -0.30233765, -0.060668945, 0.18099976, 0.42266846, 0.66433716, 0.90600586, -0.6833801, -0.44171143, -0.20004272, 0.041625977, 0.28329468, 0.5249634, 0.7666321, -0.8227539, -0.5810852, -0.3394165, -0.0977478, 0.1439209, 0.3855896, 0.6272583, 0.868927, -0.720459, -0.47879028, -0.23712158, 0.004547119, 0.24621582, 0.48788452, 0.7295532, -0.85983276, -0.61816406, -0.37649536, -0.13482666, 0.10684204, 0.34851074, 0.59017944, 0.83184814, -0.75753784, -0.51586914, -0.27420044, -0.03253174, 0.20913696, 0.45080566, 0.69247437, -0.8969116, -0.6552429, -0.41357422, -0.17190552, 0.06976318, 0.31143188, 0.5531006, 0.7947693, -0.7946167, -0.552948, -0.3112793, -0.069610596, 0.1720581, 0.4137268, 0.6553955, 0.8970642, -0.6923218, -0.45065308, -0.20898438, 0.032684326, 0.27435303, 0.5160217, 0.7576904, -0.83169556, -0.59002686, -0.34835815, -0.10668945, 0.13497925, 0.37664795, 0.61831665, 0.85998535, -0.72940063, -0.48773193, -0.24606323, -0.0043945313, 0.23727417, 0.47894287, 0.7206116, -0.8687744, -0.6271057, -0.385437, -0.14376831, 0.09790039, 0.3395691, 0.5812378, 0.8229065, -0.7664795, -0.5248108, -0.2831421, -0.04147339, 0.20019531, 0.441864, 0.6835327, -0.9058533, -0.6641846, -0.42251587, -0.18084717, 0.060821533, 0.30249023, 0.54415894, 0.78582764, -0.80355835, -0.56188965, -0.32022095, -0.078552246, 0.16311646, 0.40478516, 0.64645386, 0.88812256, -0.7012634, -0.45959473, -0.21792603, 0.023742676, 0.26541138, 0.5070801, 0.7487488, -0.8406372, -0.5989685, -0.3572998, -0.1156311, 0.1260376, 0.3677063, 0.609375, 0.8510437, -0.7383423, -0.49667358, -0.25500488, -0.013336182, 0.22833252, 0.47000122, 0.7116699, -0.87771606, -0.63604736, -0.39437866, -0.15270996, 0.08895874, 0.33062744, 0.57229614, 0.81396484, -0.77542114, -0.53375244, -0.29208374, -0.05041504, 0.19125366, 0.43292236, 0.67459106, -0.9147949, -0.6731262, -0.43145752, -0.18978882, 0.051879883, 0.29354858, 0.5352173, 0.776886, -0.8125, -0.5708313, -0.3291626, -0.0874939, 0.1541748, 0.3958435, 0.6375122, 0.8791809, -0.7102051, -0.46853638, -0.22686768, 0.014801025, 0.25646973, 0.49813843, 0.7398071, -0.84957886, -0.60791016, -0.36624146, -0.124572754, 0.11709595, 0.35876465, 0.60043335, 0.84210205, -0.74728394, -0.50561523, -0.26394653, -0.022277832, 0.21939087, 0.46105957, 0.7027283, -0.8866577, -0.644989, -0.4033203, -0.16165161, 0.08001709, 0.3216858, 0.5633545, 0.8050232, -0.7843628, -0.5426941, -0.3010254, -0.05935669, 0.18231201, 0.4239807, 0.6656494, 0.9073181, -0.6820679, -0.44039917, -0.19873047, 0.042938232, 0.28460693, 0.52627563, 0.76794434, -0.82144165, -0.57977295, -0.33810425, -0.09643555, 0.14523315, 0.38690186, 0.62857056, 0.87023926, -0.7191467, -0.47747803, -0.23580933, 0.005859375, 0.24752808, 0.48919678, 0.7308655, -0.8585205, -0.6168518, -0.3751831, -0.1335144, 0.1081543, 0.349823, 0.5914917, 0.8331604, -0.7562256, -0.5145569, -0.27288818, -0.031219482, 0.21044922, 0.45211792, 0.6937866, -0.89559937, -0.65393066, -0.41226196, -0.17059326, 0.07107544, 0.31274414, 0.55441284, 0.79608154, -0.79330444, -0.55163574, -0.30996704, -0.06829834, 0.17337036, 0.41503906, 0.65670776, 0.89837646, -0.6910095, -0.44934082, -0.20767212, 0.033996582, 0.27566528, 0.517334, 0.7590027, -0.8303833, -0.5887146, -0.3470459, -0.1053772, 0.1362915, 0.3779602, 0.6196289, 0.8612976, -0.7280884, -0.48641968, -0.24475098, -0.0030822754, 0.23858643, 0.48025513, 0.7219238, -0.86746216, -0.62579346, -0.38412476, -0.14245605, 0.09921265, 0.34088135, 0.58255005, 0.82421875, -0.76516724, -0.52349854, -0.28182983, -0.040161133, 0.20150757, 0.44317627, 0.684845, -0.904541, -0.6628723, -0.4212036, -0.17953491, 0.06213379, 0.3038025, 0.5454712, 0.7871399, -0.8022461, -0.5605774, -0.3189087, -0.07723999, 0.16442871, 0.4060974, 0.6477661, 0.8894348, -0.6999512, -0.45828247, -0.21661377, 0.025054932, 0.26672363, 0.50839233, 0.75006104, -0.83932495, -0.59765625, -0.35598755, -0.11431885, 0.12734985, 0.36901855, 0.61068726, 0.85235596, -0.73703, -0.49536133, -0.25369263, -0.012023926, 0.22964478, 0.47131348, 0.7129822, -0.8764038, -0.6347351, -0.3930664, -0.1513977, 0.090270996, 0.3319397, 0.5736084, 0.8152771, -0.7741089, -0.5324402, -0.29077148, -0.049102783, 0.19256592, 0.43423462, 0.6759033, -0.91348267, -0.67181396, -0.43014526, -0.18847656, 0.05319214, 0.29486084, 0.53652954, 0.77819824, -0.81118774, -0.56951904, -0.32785034, -0.08618164, 0.15548706, 0.39715576, 0.63882446, 0.88049316, -0.7088928, -0.46722412, -0.22555542, 0.016113281, 0.25778198, 0.49945068, 0.7411194, -0.8482666, -0.6065979, -0.3649292, -0.1232605, 0.1184082, 0.3600769, 0.6017456, 0.8434143, -0.7459717, -0.504303, -0.26263428, -0.020965576, 0.22070313, 0.46237183, 0.7040405, -0.88534546, -0.64367676, -0.40200806, -0.16033936, 0.081329346, 0.32299805, 0.56466675, 0.80633545, -0.78305054, -0.54138184, -0.29971313, -0.058044434, 0.18362427, 0.42529297, 0.66696167, 0.9086304, -0.6807556, -0.4390869, -0.19741821, 0.04425049, 0.2859192, 0.5275879, 0.7692566, -0.8201294, -0.5784607, -0.336792, -0.09512329, 0.14654541, 0.3882141, 0.6298828, 0.8715515, -0.7178345, -0.47616577, -0.23449707, 0.007171631, 0.24884033, 0.49050903, 0.73217773, -0.85720825, -0.61553955, -0.37387085, -0.13220215, 0.10946655, 0.35113525, 0.59280396, 0.83447266, -0.75491333, -0.5132446, -0.27157593, -0.029907227, 0.21176147, 0.45343018, 0.6950989, -0.8942871, -0.6526184, -0.4109497, -0.169281, 0.072387695, 0.3140564, 0.5557251, 0.7973938, -0.7919922, -0.5503235, -0.3086548, -0.066986084, 0.17468262, 0.41635132, 0.65802, 0.8996887, -0.68969727, -0.44802856, -0.20635986, 0.035308838, 0.27697754, 0.51864624, 0.76031494, -0.82907104, -0.58740234, -0.34573364, -0.10406494, 0.13760376, 0.37927246, 0.62094116, 0.86260986, -0.7267761, -0.48510742, -0.24343872, -0.0017700195, 0.23989868, 0.48156738, 0.7232361, -0.8661499, -0.6244812, -0.3828125, -0.1411438, 0.1005249, 0.3421936, 0.5838623, 0.825531, -0.763855, -0.5221863, -0.28051758, -0.038848877, 0.20281982, 0.44448853, 0.6861572, -0.90322876, -0.66156006, -0.41989136, -0.17822266, 0.063446045, 0.30511475, 0.54678345, 0.78845215, -0.80093384, -0.55926514, -0.31759644, -0.075927734, 0.16574097, 0.40740967, 0.64907837, 0.8907471, -0.6986389, -0.4569702, -0.21530151, 0.026367188, 0.2680359, 0.5097046, 0.7513733, -0.8380127, -0.596344, -0.3546753, -0.11300659, 0.12866211, 0.3703308, 0.6119995, 0.8536682, -0.7357178, -0.49404907, -0.25238037, -0.01071167, 0.23095703, 0.47262573, 0.71429443, -0.87509155, -0.63342285, -0.39175415, -0.15008545, 0.09158325, 0.33325195, 0.57492065, 0.81658936, -0.77279663, -0.5311279, -0.28945923, -0.047790527, 0.19387817, 0.43554688, 0.6772156, -0.9121704, -0.6705017, -0.428833, -0.1871643, 0.054504395, 0.2961731, 0.5378418, 0.7795105, -0.8098755, -0.5682068, -0.3265381, -0.084869385, 0.15679932, 0.39846802, 0.6401367, 0.8818054, -0.70758057, -0.46591187, -0.22424316, 0.017425537, 0.25909424, 0.50076294, 0.74243164, -0.84695435, -0.60528564, -0.36361694, -0.12194824, 0.11972046, 0.36138916, 0.60305786, 0.84472656, -0.7446594, -0.5029907, -0.26132202, -0.01965332, 0.22201538, 0.46368408, 0.7053528, -0.8840332, -0.6423645, -0.4006958, -0.1590271, 0.0826416, 0.3243103, 0.565979, 0.8076477, -0.7817383, -0.5400696, -0.29840088, -0.056732178, 0.18493652, 0.42660522, 0.6682739, 0.9099426, -0.67944336, -0.43777466, -0.19610596, 0.045562744, 0.28723145, 0.52890015, 0.77056885, -0.81881714, -0.57714844, -0.33547974, -0.093811035, 0.14785767, 0.38952637, 0.63119507, 0.87286377, -0.7165222, -0.47485352, -0.23318481, 0.008483887, 0.2501526, 0.4918213, 0.73349, -0.855896, -0.6142273, -0.3725586, -0.1308899, 0.11077881, 0.3524475, 0.5941162, 0.8357849, -0.7536011, -0.5119324, -0.27026367, -0.02859497, 0.21307373, 0.45474243, 0.69641113, -0.89297485, -0.65130615, -0.40963745, -0.16796875, 0.07369995, 0.31536865, 0.55703735, 0.79870605, -0.79067993, -0.54901123, -0.30734253, -0.06567383, 0.17599487, 0.41766357, 0.6593323, 0.901001, -0.688385, -0.4467163, -0.2050476, 0.036621094, 0.2782898, 0.5199585, 0.7616272, -0.8277588, -0.5860901, -0.3444214, -0.102752686, 0.13891602, 0.38058472, 0.6222534, 0.8639221, -0.72546387, -0.48379517, -0.24212646, -0.00045776367, 0.24121094, 0.48287964, 0.72454834, -0.86483765, -0.62316895, -0.38150024, -0.13983154, 0.10183716, 0.34350586, 0.58517456, 0.82684326, -0.7625427, -0.520874, -0.27920532, -0.03753662, 0.20413208, 0.44580078, 0.6874695, -0.9019165, -0.6602478, -0.4185791, -0.1769104, 0.0647583, 0.306427, 0.5480957, 0.7897644, -0.7996216, -0.5579529, -0.31628418, -0.07461548, 0.16705322, 0.40872192, 0.6503906, 0.8920593, -0.69732666, -0.45565796, -0.21398926, 0.027679443, 0.26934814, 0.51101685, 0.75268555, -0.83670044, -0.59503174, -0.35336304, -0.111694336, 0.12997437, 0.37164307, 0.61331177, 0.85498047, -0.7344055, -0.49273682, -0.25106812, -0.009399414, 0.23226929, 0.473938, 0.7156067, -0.8737793, -0.6321106, -0.3904419, -0.1487732, 0.09289551, 0.3345642, 0.5762329, 0.8179016, -0.7714844, -0.5298157, -0.28814697, -0.04647827, 0.19519043, 0.43685913, 0.67852783, -0.91085815, -0.66918945, -0.42752075, -0.18585205, 0.05581665, 0.29748535, 0.53915405, 0.78082275, -0.80856323, -0.56689453, -0.32522583, -0.08355713, 0.15811157, 0.39978027, 0.641449, 0.8831177, -0.7062683, -0.4645996, -0.22293091, 0.018737793, 0.2604065, 0.5020752, 0.7437439, -0.8456421, -0.6039734, -0.3623047, -0.12063599, 0.121032715, 0.36270142, 0.6043701, 0.8460388, -0.74334717, -0.50167847, -0.26000977, -0.018341064, 0.22332764, 0.46499634, 0.70666504, -0.88272095, -0.64105225, -0.39938354, -0.15771484, 0.08395386, 0.32562256, 0.56729126, 0.80895996, -0.780426, -0.5387573, -0.29708862, -0.055419922, 0.18624878, 0.42791748, 0.6695862, 0.9112549, -0.6781311, -0.4364624, -0.1947937, 0.046875, 0.2885437, 0.5302124, 0.7718811, -0.8175049, -0.5758362, -0.33416748, -0.09249878, 0.14916992, 0.39083862, 0.6325073, 0.874176, -0.71520996, -0.47354126, -0.23187256, 0.009796143, 0.25146484, 0.49313354, 0.73480225, -0.85458374, -0.61291504, -0.37124634, -0.12957764, 0.112091064, 0.35375977, 0.59542847, 0.83709717, -0.7522888, -0.5106201, -0.26895142, -0.027282715, 0.21438599, 0.4560547, 0.6977234, -0.8916626, -0.6499939, -0.4083252, -0.1666565, 0.07501221, 0.3166809, 0.5583496, 0.8000183, -0.7893677, -0.547699, -0.30603027, -0.06436157, 0.17730713, 0.41897583, 0.66064453, 0.90231323, -0.68707275, -0.44540405, -0.20373535, 0.03793335, 0.27960205, 0.52127075, 0.76293945, -0.82644653, -0.58477783, -0.34310913, -0.10144043, 0.14022827, 0.38189697, 0.6235657, 0.8652344, -0.7241516, -0.4824829, -0.24081421, 0.0008544922, 0.2425232, 0.4841919, 0.7258606, -0.8635254, -0.6218567, -0.380188, -0.13851929, 0.103149414, 0.34481812, 0.5864868, 0.8281555, -0.76123047, -0.51956177, -0.27789307, -0.036224365, 0.20544434, 0.44711304, 0.68878174, -0.90060425, -0.65893555, -0.41726685, -0.17559814, 0.06607056, 0.30773926, 0.54940796, 0.79107666, -0.7983093, -0.5566406, -0.31497192, -0.07330322, 0.16836548, 0.41003418, 0.6517029, 0.8933716, -0.6960144, -0.4543457, -0.212677, 0.0289917, 0.2706604, 0.5123291, 0.7539978, -0.8353882, -0.5937195, -0.35205078, -0.11038208, 0.13128662, 0.37295532, 0.614624, 0.8562927, -0.73309326, -0.49142456, -0.24975586, -0.008087158, 0.23358154, 0.47525024, 0.71691895, -0.87246704, -0.63079834, -0.38912964, -0.14746094, 0.09420776, 0.33587646, 0.57754517, 0.81921387, -0.7701721, -0.5285034, -0.28683472, -0.045166016, 0.19650269, 0.4381714, 0.6798401, -0.9095459, -0.6678772, -0.4262085, -0.1845398, 0.057128906, 0.2987976, 0.5404663, 0.782135, -0.807251, -0.5655823, -0.32391357, -0.08224487, 0.15942383, 0.40109253, 0.64276123, 0.88442993, -0.70495605, -0.46328735, -0.22161865, 0.020050049, 0.26171875, 0.50338745, 0.74505615, -0.84432983, -0.60266113, -0.36099243, 0.4663086, 0.7079773, -0.8814087, -0.63974, -0.3980713, -0.15640259, 0.08526611, 0.3269348, 0.5686035, 0.8102722, -0.77911377, -0.53744507, -0.29577637, -0.054107666, 0.18756104, 0.42922974, 0.67089844, 0.91256714, -0.67681885, -0.43515015, -0.19348145, 0.048187256, 0.28985596, 0.53152466, 0.77319336, -0.8161926, -0.5745239, -0.33285522, -0.09118652, 0.15048218, 0.39215088, 0.6338196, 0.8754883, -0.7138977, -0.472229, -0.2305603, 0.011108398, 0.2527771, 0.4944458, 0.7361145, -0.8532715, -0.6116028, -0.36993408, -0.12826538, 0.11340332, 0.35507202, 0.5967407, 0.8384094, -0.75097656, -0.50930786, -0.26763916, -0.025970459, 0.21569824, 0.45736694, 0.69903564, -0.89035034, -0.64868164, -0.40701294, -0.16534424, 0.07632446, 0.31799316, 0.55966187, 0.80133057, -0.7880554, -0.5463867, -0.30471802, -0.06304932, 0.17861938, 0.4202881, 0.6619568, 0.9036255, -0.6857605, -0.4440918, -0.2024231, 0.039245605, 0.2809143, 0.522583, 0.7642517, -0.8251343, -0.5834656, -0.34179688, -0.100128174, 0.14154053, 0.38320923, 0.6248779, 0.86654663, -0.72283936, -0.48117065, -0.23950195, 0.002166748, 0.24383545, 0.48550415, 0.72717285, -0.86221313, -0.62054443, -0.37887573, -0.13720703, 0.10446167, 0.34613037, 0.5877991, 0.8294678, -0.7599182, -0.5182495, -0.2765808, -0.03491211, 0.20675659, 0.4484253, 0.690094, -0.899292, -0.6576233, -0.4159546, -0.17428589, 0.06738281, 0.3090515, 0.5507202, 0.7923889, -0.7969971, -0.55532837, -0.31365967, -0.07199097, 0.16967773, 0.41134644, 0.65301514, 0.89468384, -0.69470215, -0.45303345, -0.21136475, 0.030303955, 0.27197266, 0.51364136, 0.75531006, -0.8340759, -0.5924072, -0.35073853, -0.109069824, 0.13259888, 0.37426758, 0.6159363, 0.857605, -0.731781, -0.4901123, -0.2484436, -0.0067749023, 0.2348938, 0.4765625, 0.7182312, -0.8711548, -0.6294861, -0.38781738, -0.14614868, 0.09552002, 0.33718872, 0.5788574, 0.8205261, -0.76885986, -0.52719116, -0.28552246, -0.04385376, 0.19781494, 0.43948364, 0.68115234, -0.90823364, -0.66656494, -0.42489624, -0.18322754, 0.058441162, 0.30010986, 0.54177856, 0.78344727, -0.8059387, -0.56427, -0.32260132, -0.08093262, 0.16073608, 0.4024048, 0.6440735, 0.8857422, -0.7036438, -0.4619751, -0.2203064, 0.021362305, 0.263031, 0.5046997, 0.7463684, -0.8430176, -0.6013489, -0.35968018, -0.118011475, 0.12365723, 0.36532593, 0.6069946, 0.84866333, -0.74072266, -0.49905396, -0.25738525, -0.015716553, 0.22595215, 0.46762085, 0.70928955, -0.88009644, -0.63842773, -0.39675903, -0.15509033, 0.08657837, 0.32824707, 0.5699158, 0.8115845, -0.7778015, -0.5361328, -0.2944641, -0.05279541, 0.18887329, 0.430542, 0.6722107, 0.9138794, -0.6755066, -0.4338379, -0.19216919, 0.04949951, 0.2911682, 0.5328369, 0.7745056, -0.8148804, -0.57321167, -0.33154297, -0.08987427, 0.15179443, 0.39346313, 0.63513184, 0.87680054, -0.71258545, -0.47091675, -0.22924805, 0.012420654, 0.25408936, 0.49575806, 0.73742676, -0.8519592, -0.6102905, -0.36862183, -0.12695313, 0.114715576, 0.35638428, 0.598053, 0.8397217, -0.7496643, -0.5079956, -0.2663269, -0.024658203, 0.2170105, 0.4586792, 0.7003479, -0.8890381, -0.6473694, -0.40570068, -0.16403198, 0.07763672, 0.31930542, 0.5609741, 0.8026428, -0.78674316, -0.54507446, -0.30340576, -0.06173706, 0.17993164, 0.42160034, 0.66326904, 0.90493774, -0.68444824, -0.44277954, -0.20111084, 0.04055786, 0.28222656, 0.52389526, 0.76556396, -0.823822, -0.5821533, -0.34048462, -0.09881592, 0.14285278, 0.38452148, 0.6261902, 0.8678589, -0.7215271, -0.4798584, -0.2381897, 0.003479004, 0.2451477, 0.4868164, 0.7284851, -0.8609009, -0.6192322, -0.37756348, -0.13589478, 0.105773926, 0.34744263, 0.5891113, 0.83078, -0.75860596, -0.51693726, -0.27526855, -0.033599854, 0.20806885, 0.44973755, 0.69140625, -0.89797974, -0.65631104, -0.41464233, -0.17297363, 0.06869507, 0.31036377, 0.5520325, 0.7937012, -0.7956848, -0.5540161, -0.3123474, -0.07067871, 0.17098999, 0.4126587, 0.6543274, 0.8959961, -0.6933899, -0.4517212, -0.21005249, 0.03161621, 0.2732849, 0.5149536, 0.7566223, -0.8327637, -0.591095, -0.34942627, -0.10775757, 0.13391113, 0.37557983, 0.61724854, 0.85891724, -0.73046875, -0.48880005, -0.24713135, -0.0054626465, 0.23620605, 0.47787476, 0.71954346, -0.8698425, -0.6281738, -0.38650513, -0.14483643, 0.096832275, 0.33850098, 0.5801697, 0.8218384, -0.7675476, -0.5258789, -0.2842102, -0.042541504, 0.1991272, 0.4407959, 0.6824646, -0.9069214, -0.6652527, -0.42358398, -0.18191528, 0.059753418, 0.30142212, 0.5430908, 0.7847595, -0.80462646, -0.56295776, -0.32128906, -0.07962036, 0.16204834, 0.40371704, 0.64538574, 0.88705444, -0.70233154, -0.46066284, -0.21899414, 0.02267456, 0.26434326, 0.50601196, 0.74768066, -0.8417053, -0.6000366, -0.35836792, -0.11669922, 0.12496948, 0.36663818, 0.6083069, 0.8499756, -0.7394104, -0.4977417, -0.256073, -0.014404297, 0.2272644, 0.4689331, 0.7106018, -0.8787842, -0.6371155, -0.39544678, -0.15377808, 0.087890625, 0.32955933, 0.571228, 0.8128967, -0.77648926, -0.53482056, -0.29315186, -0.051483154, 0.19018555, 0.43185425, 0.67352295, 0.91519165, -0.67419434, -0.43252563, -0.19085693, 0.050811768, 0.29248047, 0.53414917, 0.7758179, -0.8135681, -0.5718994, -0.3302307, -0.08856201, 0.15310669, 0.3947754, 0.6364441, 0.8781128, -0.7112732, -0.4696045, -0.22793579, 0.01373291, 0.2554016, 0.4970703, 0.738739, -0.850647, -0.6089783, -0.36730957, -0.12564087, 0.11602783, 0.35769653, 0.59936523, 0.84103394, -0.74835205, -0.50668335, -0.26501465, -0.023345947, 0.21832275, 0.45999146, 0.70166016, -0.88772583, -0.6460571, -0.40438843, -0.16271973, 0.078948975, 0.32061768, 0.5622864, 0.8039551, -0.7854309, -0.5437622, -0.3020935, -0.060424805, 0.1812439, 0.4229126, 0.6645813, 0.90625, -0.683136, -0.4414673, -0.19979858, 0.041870117, 0.28353882, 0.5252075, 0.7668762, -0.82250977, -0.58084106, -0.33917236, -0.09750366, 0.14416504, 0.38583374, 0.62750244, 0.86917114, -0.72021484, -0.47854614, -0.23687744, 0.0047912598, 0.24645996, 0.48812866, 0.72979736, -0.8595886, -0.6179199, -0.37625122, -0.13458252, 0.10708618, 0.34875488, 0.5904236, 0.8320923, -0.7572937, -0.515625, -0.2739563, -0.032287598, 0.2093811, 0.4510498, 0.6927185, -0.8966675, -0.6549988, -0.41333008, -0.17166138, 0.070007324, 0.31167603, 0.5533447, 0.7950134, -0.79437256, -0.55270386, -0.31103516, -0.069366455, 0.17230225, 0.41397095, 0.65563965, 0.89730835, -0.69207764, -0.45040894, -0.20874023, 0.032928467, 0.27459717, 0.51626587, 0.7579346, -0.8314514, -0.5897827, -0.348114, -0.10644531, 0.13522339, 0.3768921, 0.6185608, 0.8602295, -0.7291565, -0.4874878, -0.24581909, -0.0041503906, 0.23751831, 0.479187, 0.7208557, -0.8685303, -0.6268616, -0.38519287, -0.14352417, 0.09814453, 0.33981323, 0.58148193, 0.82315063, -0.76623535, -0.52456665, -0.28289795, -0.041229248, 0.20043945, 0.44210815, 0.68377686, -0.90560913, -0.6639404, -0.42227173, -0.18060303, 0.061065674, 0.30273438, 0.5444031, 0.7860718, -0.8033142, -0.5616455, -0.3199768, -0.078308105, 0.1633606, 0.4050293, 0.646698, 0.8883667, -0.7010193, -0.4593506, -0.21768188, 0.023986816, 0.26565552, 0.5073242, 0.7489929, -0.84039307, -0.59872437, -0.35705566, -0.11538696, 0.12628174, 0.36795044, 0.60961914, 0.85128784, -0.73809814, -0.49642944, -0.25476074, -0.013092041, 0.22857666, 0.47024536, 0.71191406, -0.8774719, -0.6358032, -0.39413452, -0.15246582, 0.08920288, 0.33087158, 0.5725403, 0.814209, -0.775177, -0.5335083, -0.2918396, -0.0501709, 0.1914978, 0.4331665, 0.6748352, -0.9145508, -0.6728821, -0.43121338, -0.18954468, 0.052124023, 0.29379272, 0.5354614, 0.7771301, -0.81225586, -0.57058716, -0.32891846, -0.087249756, 0.15441895, 0.39608765, 0.63775635, 0.87942505, -0.70996094, -0.46829224, -0.22662354, 0.015045166, 0.25671387, 0.49838257, 0.74005127, -0.8493347, -0.607666, -0.3659973, -0.12432861, 0.11734009, 0.3590088, 0.6006775, 0.8423462, -0.7470398, -0.5053711, -0.2637024, -0.022033691, 0.21963501, 0.4613037, 0.7029724, -0.8864136, -0.6447449, -0.40307617, -0.16140747, 0.08026123, 0.32192993, 0.56359863, 0.80526733, -0.78411865, -0.54244995, -0.30078125, -0.05911255, 0.18255615, 0.42422485, 0.66589355, 0.90756226, -0.68182373, -0.44015503, -0.19848633, 0.043182373, 0.28485107, 0.5265198, 0.7681885, -0.8211975, -0.5795288, -0.3378601, -0.096191406, 0.1454773, 0.387146, 0.6288147, 0.8704834, -0.7189026, -0.4772339, -0.23556519, 0.0061035156, 0.24777222, 0.48944092, 0.7311096, -0.85827637, -0.61660767, -0.37493896, -0.13327026, 0.10839844, 0.35006714, 0.59173584, 0.83340454, -0.75598145, -0.51431274, -0.27264404, -0.030975342, 0.21069336, 0.45236206, 0.69403076, -0.8953552, -0.6536865, -0.41201782, -0.17034912, 0.07131958, 0.31298828, 0.554657, 0.7963257, -0.7930603, -0.5513916, -0.3097229, -0.0680542, 0.1736145, 0.4152832, 0.6569519, 0.8986206, -0.6907654, -0.44909668, -0.20742798, 0.034240723, 0.27590942, 0.5175781, 0.7592468, -0.83013916, -0.58847046, -0.34680176, -0.10513306, 0.13653564, 0.37820435, 0.61987305, 0.86154175, -0.72784424, -0.48617554, -0.24450684, -0.0028381348, 0.23883057, 0.48049927, 0.72216797, -0.867218, -0.6255493, -0.38388062, -0.14221191, 0.09945679, 0.3411255, 0.5827942, 0.8244629, -0.7649231, -0.5232544, -0.2815857, -0.039916992, 0.20175171, 0.4434204, 0.6850891, -0.9042969, -0.6626282, -0.42095947, -0.17929077, 0.06237793, 0.30404663, 0.54571533, 0.78738403, -0.80200195, -0.56033325, -0.31866455, -0.07699585, 0.16467285, 0.40634155, 0.64801025, 0.88967896, -0.69970703, -0.45803833, -0.21636963, 0.025299072, 0.26696777, 0.5086365, 0.7503052, -0.8390808, -0.5974121, -0.3557434, -0.11407471, 0.127594, 0.3692627, 0.6109314, 0.8526001, -0.7367859, -0.4951172, -0.2534485, -0.011779785, 0.22988892, 0.47155762, 0.7132263, -0.87615967, -0.63449097, -0.39282227, -0.15115356, 0.09051514, 0.33218384, 0.57385254, 0.81552124, -0.77386475, -0.53219604, -0.29052734, -0.048858643, 0.19281006, 0.43447876, 0.67614746, -0.9132385, -0.6715698, -0.42990112, -0.18823242, 0.05343628, 0.29510498, 0.5367737, 0.7784424, -0.8109436, -0.5692749, -0.3276062, -0.0859375, 0.1557312, 0.3973999, 0.6390686, 0.8807373, -0.7086487, -0.46697998, -0.22531128, 0.016357422, 0.25802612, 0.49969482, 0.7413635, -0.84802246, -0.60635376, -0.36468506, -0.12301636, 0.118652344, 0.36032104, 0.60198975, 0.84365845, -0.74572754, -0.50405884, -0.26239014, -0.020721436, 0.22094727, 0.46261597, 0.70428467, -0.8851013, -0.6434326, -0.40176392, -0.16009521, 0.08157349, 0.3232422, 0.5649109, 0.8065796, -0.7828064, -0.5411377, -0.299469, -0.057800293, 0.18386841, 0.4255371, 0.6672058, 0.9088745, -0.6805115, -0.43884277, -0.19717407, 0.04449463, 0.28616333, 0.52783203, 0.76950073, -0.81988525, -0.57821655, -0.33654785, -0.09487915, 0.14678955, 0.38845825, 0.63012695, 0.87179565, -0.71759033, -0.47592163, -0.23425293, 0.0074157715, 0.24908447, 0.49075317, 0.7324219, -0.8569641, -0.6152954, -0.3736267, -0.13195801, 0.10971069, 0.3513794, 0.5930481, 0.8347168, -0.7546692, -0.5130005, -0.2713318, -0.029663086, 0.21200562, 0.45367432, 0.695343, -0.89404297, -0.65237427, -0.41070557, -0.16903687, 0.072631836, 0.31430054, 0.55596924, 0.79763794, -0.79174805, -0.55007935, -0.30841064, -0.06674194, 0.17492676, 0.41659546, 0.65826416, 0.89993286, -0.6894531, -0.44778442, -0.20611572, 0.03555298, 0.27722168, 0.5188904, 0.7605591, -0.8288269, -0.5871582, -0.3454895, -0.1038208, 0.1378479, 0.3795166, 0.6211853, 0.862854, -0.726532, -0.48486328, -0.24319458, -0.0015258789, 0.24014282, 0.48181152, 0.7234802, -0.86590576, -0.62423706, -0.38256836, -0.14089966, 0.10076904, 0.34243774, 0.58410645, 0.82577515, -0.76361084, -0.52194214, -0.28027344, -0.038604736, 0.20306396, 0.44473267, 0.68640137, -0.9029846, -0.6613159, -0.41964722, -0.17797852, 0.063690186, 0.3053589, 0.5470276, 0.7886963, -0.8006897, -0.559021, -0.3173523, -0.075683594, 0.1659851, 0.4076538, 0.6493225, 0.8909912, -0.6983948, -0.45672607, -0.21505737, 0.026611328, 0.26828003, 0.50994873, 0.75161743, -0.83776855, -0.59609985, -0.35443115, -0.11276245, 0.12890625, 0.37057495, 0.61224365, 0.85391235, -0.73547363, -0.49380493, -0.25213623, -0.010467529, 0.23120117, 0.47286987, 0.7145386, -0.8748474, -0.6331787, -0.39151, -0.14984131, 0.09182739, 0.3334961, 0.5751648, 0.8168335, -0.7725525, -0.5308838, -0.2892151, -0.047546387, 0.19412231, 0.43579102, 0.6774597, -0.91192627, -0.67025757, -0.42858887, -0.18692017, 0.054748535, 0.29641724, 0.53808594, 0.77975464, -0.80963135, -0.56796265, -0.32629395, -0.084625244, 0.7426758, -0.8467102, -0.6050415, -0.3633728, -0.1217041, 0.1199646, 0.3616333, 0.603302, 0.8449707, -0.7444153, -0.5027466, -0.26107788, -0.01940918, 0.22225952, 0.46392822, 0.7055969, -0.88378906, -0.64212036, -0.40045166, -0.15878296, 0.08288574, 0.32455444, 0.56622314, 0.80789185, -0.78149414, -0.53982544, -0.29815674, -0.056488037, 0.18518066, 0.42684937, 0.66851807, 0.91018677, -0.6791992, -0.43753052, -0.19586182, 0.045806885, 0.2874756, 0.5291443, 0.770813, -0.818573, -0.5769043, -0.3352356, -0.093566895, 0.1481018, 0.3897705, 0.6314392, 0.8731079, -0.7162781, -0.47460938, -0.23294067, 0.008728027, 0.25039673, 0.49206543, 0.73373413, -0.85565186, -0.61398315, -0.37231445, -0.13064575, 0.11102295, 0.35269165, 0.59436035, 0.83602905, -0.75335693, -0.51168823, -0.27001953, -0.02835083, 0.21331787, 0.45498657, 0.6966553, -0.8927307, -0.651062, -0.4093933, -0.16772461, 0.07394409, 0.3156128, 0.5572815, 0.7989502, -0.7904358, -0.5487671, -0.3070984, -0.06542969, 0.17623901, 0.4179077, 0.6595764, 0.9012451, -0.68814087, -0.44647217, -0.20480347, 0.036865234, 0.27853394, 0.52020264, 0.76187134, -0.82751465, -0.58584595, -0.34417725, -0.102508545, 0.13916016, 0.38082886, 0.62249756, 0.86416626, -0.7252197, -0.48355103, -0.24188232, -0.00021362305, 0.24145508, 0.48312378, 0.7247925, -0.8645935, -0.6229248, -0.3812561, -0.1395874, 0.1020813, 0.34375, 0.5854187, 0.8270874, -0.7622986, -0.5206299, -0.27896118, -0.03729248, 0.20437622, 0.44604492, 0.6877136, -0.90167236, -0.66000366, -0.41833496, -0.17666626, 0.06500244, 0.30667114, 0.54833984, 0.79000854, -0.79937744, -0.55770874, -0.31604004, -0.07437134, 0.16729736, 0.40896606, 0.65063477, 0.89230347, -0.6970825, -0.45541382, -0.21374512, 0.027923584, 0.2695923, 0.511261, 0.7529297, -0.8364563, -0.5947876, -0.3531189, -0.111450195, 0.1302185, 0.3718872, 0.6135559, 0.8552246, -0.7341614, -0.49249268, -0.25082397, -0.009155273, 0.23251343, 0.47418213, 0.71585083, -0.87353516, -0.63186646, -0.39019775, -0.14852905, 0.09313965, 0.33480835, 0.57647705, 0.81814575, -0.77124023, -0.52957153, -0.28790283, -0.04623413, 0.19543457, 0.43710327, 0.678772, -0.910614, -0.6689453, -0.4272766, -0.18560791, 0.05606079, 0.2977295, 0.5393982, 0.7810669, -0.8083191, -0.5666504, -0.3249817, -0.08331299, 0.15835571, 0.4000244, 0.6416931, 0.8833618, -0.70602417, -0.46435547, -0.22268677, 0.018981934, 0.26065063, 0.50231934, 0.74398804, -0.84539795, -0.60372925, -0.36206055, -0.120391846, 0.121276855, 0.36294556, 0.60461426, 0.84628296, -0.743103, -0.5014343, -0.25976563, -0.018096924, 0.22357178, 0.46524048, 0.7069092, -0.8824768, -0.6408081, -0.3991394, -0.1574707, 0.084198, 0.3258667, 0.5675354, 0.8092041, -0.7801819, -0.5385132, -0.29684448, -0.05517578, 0.18649292, 0.42816162, 0.6698303, 0.911499, -0.67788696, -0.43621826, -0.19454956, 0.04711914, 0.28878784, 0.53045654, 0.77212524, -0.81726074, -0.57559204, -0.33392334, -0.09225464, 0.14941406, 0.39108276, 0.63275146, 0.87442017, -0.7149658, -0.47329712, -0.23162842, 0.010040283, 0.25170898, 0.4933777, 0.7350464, -0.8543396, -0.6126709, -0.3710022, -0.1293335, 0.112335205, 0.3540039, 0.5956726, 0.8373413, -0.7520447, -0.510376, -0.26870728, -0.027038574, 0.21463013, 0.45629883, 0.6979675, -0.89141846, -0.64974976, -0.40808105, -0.16641235, 0.07525635, 0.31692505, 0.55859375, 0.80026245, -0.78912354, -0.54745483, -0.30578613, -0.06411743, 0.17755127, 0.41921997, 0.6608887, 0.9025574, -0.6868286, -0.4451599, -0.20349121, 0.03817749, 0.2798462, 0.5215149, 0.7631836, -0.8262024, -0.5845337, -0.342865, -0.10119629, 0.14047241, 0.3821411, 0.6238098, 0.8654785, -0.7239075, -0.48223877, -0.24057007, 0.0010986328, 0.24276733, 0.48443604, 0.72610474, -0.86328125, -0.62161255, -0.37994385, -0.13827515, 0.103393555, 0.34506226, 0.58673096, 0.82839966, -0.7609863, -0.5193176, -0.27764893, -0.035980225, 0.20568848, 0.44735718, 0.6890259, -0.9003601, -0.6586914, -0.4170227, -0.175354, 0.0663147, 0.3079834, 0.5496521, 0.7913208, -0.7980652, -0.5563965, -0.31472778, -0.07305908, 0.16860962, 0.41027832, 0.651947, 0.8936157, -0.69577026, -0.45410156, -0.21243286, 0.02923584, 0.27090454, 0.51257324, 0.75424194, -0.83514404, -0.59347534, -0.35180664, -0.11013794, 0.13153076, 0.37319946, 0.61486816, 0.85653687, -0.7328491, -0.49118042, -0.24951172, -0.007843018, 0.23382568, 0.47549438, 0.7171631, -0.8722229, -0.6305542, -0.3888855, -0.1472168, 0.094451904, 0.3361206, 0.5777893, 0.819458, -0.769928, -0.5282593, -0.28659058, -0.044921875, 0.19674683, 0.43841553, 0.6800842, -0.90930176, -0.66763306, -0.42596436, -0.18429565, 0.057373047, 0.29904175, 0.54071045, 0.78237915, -0.80700684, -0.56533813, -0.32366943, -0.08200073, 0.15966797, 0.40133667, 0.6430054, 0.8846741, -0.7047119, -0.4630432, -0.22137451, 0.02029419, 0.2619629, 0.5036316, 0.7453003, -0.8440857, -0.602417, -0.3607483, -0.11907959, 0.12258911, 0.3642578, 0.6059265, 0.8475952, -0.7417908, -0.5001221, -0.25845337, -0.016784668, 0.22488403, 0.46655273, 0.70822144, -0.88116455, -0.63949585, -0.39782715, -0.15615845, 0.085510254, 0.32717896, 0.56884766, 0.81051636, -0.7788696, -0.5372009, -0.29553223, -0.053863525, 0.18780518, 0.42947388, 0.6711426, 0.9128113, -0.6765747, -0.434906, -0.1932373, 0.048431396, 0.2901001, 0.5317688, 0.7734375, -0.8159485, -0.5742798, -0.33261108, -0.09094238, 0.15072632, 0.39239502, 0.6340637, 0.8757324, -0.71365356, -0.47198486, -0.23031616, 0.011352539, 0.25302124, 0.49468994, 0.73635864, -0.85302734, -0.61135864, -0.36968994, -0.12802124, 0.11364746, 0.35531616, 0.59698486, 0.83865356, -0.7507324, -0.5090637, -0.26739502, -0.025726318, 0.21594238, 0.45761108, 0.6992798, -0.8901062, -0.6484375, -0.4067688, -0.1651001, 0.0765686, 0.3182373, 0.559906, 0.8015747, -0.7878113, -0.5461426, -0.30447388, -0.062805176, 0.17886353, 0.42053223, 0.6622009, 0.9038696, -0.68551636, -0.44384766, -0.20217896, 0.039489746, 0.28115845, 0.52282715, 0.76449585, -0.82489014, -0.58322144, -0.34155273, -0.09988403, 0.14178467, 0.38345337, 0.6251221, 0.8667908, -0.7225952, -0.4809265, -0.23925781, 0.0024108887, 0.24407959, 0.4857483, 0.727417, -0.861969, -0.6203003, -0.3786316, -0.13696289, 0.10470581, 0.3463745, 0.5880432, 0.8297119, -0.7596741, -0.5180054, -0.27633667, -0.03466797, 0.20700073, 0.44866943, 0.69033813, -0.89904785, -0.65737915, -0.41571045, -0.17404175, 0.06762695, 0.30929565, 0.55096436, 0.79263306, -0.7967529, -0.5550842, -0.31341553, -0.071746826, 0.16992188, 0.41159058, 0.6532593, 0.894928, -0.694458, -0.4527893, -0.2111206, 0.030548096, 0.2722168, 0.5138855, 0.7555542, -0.8338318, -0.5921631, -0.35049438, -0.10882568, 0.13284302, 0.37451172, 0.6161804, 0.8578491, -0.73153687, -0.48986816, -0.24819946, -0.0065307617, 0.23513794, 0.47680664, 0.71847534, -0.87091064, -0.62924194, -0.38757324, -0.14590454, 0.09576416, 0.33743286, 0.57910156, 0.82077026, -0.7686157, -0.526947, -0.28527832, -0.04360962, 0.19805908, 0.43972778, 0.6813965, -0.9079895, -0.6663208, -0.4246521, -0.1829834, 0.058685303, 0.300354, 0.5420227, 0.7836914, -0.8056946, -0.5640259, -0.32235718, -0.08068848, 0.16098022, 0.40264893, 0.6443176, 0.8859863, -0.70339966, -0.46173096, -0.22006226, 0.021606445, 0.26327515, 0.50494385, 0.74661255, -0.84277344, -0.60110474, -0.35943604, -0.117767334, 0.12390137, 0.36557007, 0.60723877, 0.8489075, -0.7404785, -0.4988098, -0.2571411, -0.015472412, 0.22619629, 0.467865, 0.7095337, -0.8798523, -0.6381836, -0.3965149, -0.15484619, 0.08682251, 0.3284912, 0.5701599, 0.8118286, -0.7775574, -0.5358887, -0.29421997, -0.05255127, 0.18911743, 0.43078613, 0.67245483, 0.91412354, -0.67526245, -0.43359375, -0.19192505, 0.049743652, 0.29141235, 0.53308105, 0.77474976, -0.81463623, -0.5729675, -0.33129883, -0.08963013, 0.15203857, 0.39370728, 0.635376, 0.8770447, -0.7123413, -0.4706726, -0.2290039, 0.012664795, 0.2543335, 0.4960022, 0.7376709, -0.8517151, -0.6100464, -0.3683777, -0.12670898, 0.11495972, 0.35662842, 0.5982971, 0.8399658, -0.74942017, -0.50775146, -0.26608276, -0.024414063, 0.21725464, 0.45892334, 0.70059204, -0.88879395, -0.64712524, -0.40545654, -0.16378784, 0.07788086, 0.31954956, 0.56121826, 0.80288696, -0.786499, -0.5448303, -0.30316162, -0.06149292, 0.18017578, 0.42184448, 0.6635132, 0.9051819, -0.6842041, -0.4425354, -0.2008667, 0.040802002, 0.2824707, 0.5241394, 0.7658081, -0.8235779, -0.5819092, -0.34024048, -0.09857178, 0.14309692, 0.38476563, 0.6264343, 0.868103, -0.72128296, -0.47961426, -0.23794556, 0.0037231445, 0.24539185, 0.48706055, 0.72872925, -0.86065674, -0.61898804, -0.37731934, -0.13565063, 0.10601807, 0.34768677, 0.58935547, 0.83102417, -0.7583618, -0.5166931, -0.2750244, -0.033355713, 0.20831299, 0.4499817, 0.6916504, -0.8977356, -0.6560669, -0.4143982, -0.17272949, 0.06893921, 0.3106079, 0.5522766, 0.7939453, -0.7954407, -0.553772, -0.31210327, -0.07043457, 0.17123413, 0.41290283, 0.65457153, 0.89624023, -0.69314575, -0.45147705, -0.20980835, 0.03186035, 0.27352905, 0.51519775, 0.75686646, -0.83251953, -0.59085083, -0.34918213, -0.10751343, 0.13415527, 0.37582397, 0.6174927, 0.8591614, -0.7302246, -0.4885559, -0.2468872, -0.005218506, 0.2364502, 0.4781189, 0.7197876, -0.8695984, -0.6279297, -0.386261, -0.14459229, 0.097076416, 0.33874512, 0.5804138, 0.8220825, -0.76730347, -0.52563477, -0.28396606, -0.042297363, 0.19937134, 0.44104004, 0.68270874, -0.90667725, -0.66500854, -0.42333984, -0.18167114, 0.05999756, 0.30166626, 0.54333496, 0.78500366, -0.8043823, -0.5627136, -0.32104492, -0.07937622, 0.16229248, 0.40396118, 0.6456299, 0.8872986, -0.7020874, -0.4604187, -0.21875, 0.022918701, 0.2645874, 0.5062561, 0.7479248, -0.8414612, -0.5997925, -0.35812378, -0.11645508, 0.12521362, 0.36688232, 0.608551, 0.8502197, -0.73916626, -0.49749756, -0.25582886, -0.014160156, 0.22750854, 0.46917725, 0.71084595, -0.87854004, -0.63687134, -0.39520264, -0.15353394, 0.088134766, 0.32980347, 0.57147217, 0.81314087, -0.7762451, -0.5345764, -0.2929077, -0.051239014, 0.19042969, 0.4320984, 0.6737671, 0.9154358, -0.6739502, -0.4322815, -0.1906128, 0.05105591, 0.2927246, 0.5343933, 0.776062, -0.813324, -0.5716553, -0.32998657, -0.08831787, 0.15335083, 0.39501953, 0.63668823, 0.87835693, -0.71102905, -0.46936035, -0.22769165, 0.013977051, 0.25564575, 0.49731445, 0.73898315, -0.85040283, -0.60873413, -0.36706543, -0.12539673, 0.11627197, 0.35794067, 0.5996094, 0.8412781, -0.7481079, -0.5064392, -0.2647705, -0.023101807, 0.2185669, 0.4602356, 0.7019043, -0.8874817, -0.645813, -0.4041443, -0.16247559, 0.079193115, 0.32086182, 0.5625305, 0.8041992, -0.78518677, -0.54351807, -0.30184937, -0.060180664, 0.18148804, 0.42315674, 0.66482544, 0.90649414, -0.68289185, -0.44122314, -0.19955444, 0.042114258, 0.28378296, 0.52545166, 0.76712036, -0.8222656, -0.5805969, -0.33892822, -0.09725952, 0.14440918, 0.38607788, 0.6277466, 0.8694153, -0.7199707, -0.478302, -0.2366333, 0.0050354004, 0.2467041, 0.4883728, 0.7300415, -0.8593445, -0.6176758, -0.37600708, -0.13433838, 0.10733032, 0.34899902, 0.5906677, 0.8323364, -0.75704956, -0.51538086, -0.27371216, -0.032043457, 0.20962524, 0.45129395, 0.69296265, -0.89642334, -0.65475464, -0.41308594, -0.17141724, 0.070251465, 0.31192017, 0.55358887, 0.79525757, -0.7941284, -0.5524597, -0.31079102, -0.069122314, 0.17254639, 0.4142151, 0.6558838, 0.8975525, -0.6918335, -0.4501648, -0.2084961, 0.033172607, 0.2748413, 0.51651, 0.7581787, -0.8312073, -0.5895386, -0.34786987, -0.10620117, 0.13546753, 0.37713623, 0.61880493, 0.86047363, -0.72891235, -0.48724365, -0.24557495, -0.00390625, 0.23776245, 0.47943115, 0.72109985, -0.86828613, -0.62661743, -0.38494873, -0.14328003, 0.09838867, 0.34005737, 0.5817261, 0.8233948, -0.7659912, -0.5243225, -0.2826538, -0.040985107, 0.2006836, 0.4423523, 0.684021, -0.905365, -0.6636963, -0.4220276, -0.18035889, 0.061309814, 0.30297852, 0.5446472, 0.7863159, -0.80307007, -0.56140137, -0.31973267, -0.078063965, 0.16360474, 0.40527344, 0.64694214, 0.88861084, -0.70077515, -0.45910645, -0.21743774, 0.024230957, 0.26589966, 0.50756836, 0.74923706, -0.8401489, -0.5984802, -0.35681152, -0.11514282, 0.12652588, 0.36819458, 0.6098633, 0.851532, -0.737854, -0.4961853, -0.2545166, -0.0128479, 0.2288208, 0.4704895, 0.7121582, -0.8772278, -0.6355591, -0.39389038, -0.15222168, 0.08944702, 0.33111572, 0.5727844, 0.8144531, -0.77493286, -0.53326416, -0.29159546, -0.049926758, 0.19174194, 0.43341064, 0.67507935, -0.91430664, -0.67263794, -0.43096924, -0.18930054, 0.052368164, 0.29403687, 0.53570557, 0.77737427, 0.0, 0.0, 0.0, 0.0, 0.0, 0.0, 0.0, 0.0, 0.0, 0.0, 0.0, 0.0, 0.0, 0.0, 0.0, 0.0, 0.0, 0.0, 0.0, 0.0, 0.0, 0.0, 0.0, 0.0, 0.0, 0.0, 0.0, 0.0, 0.0, 0.0, 0.0, 0.0, 0.0, 0.0, 0.0, -0.8120117, -0.570343, -0.32867432, -0.087005615, 0.15466309, 0.3963318, 0.6380005, 0.8796692, -0.7097168, -0.4680481, -0.2263794, 0.015289307, 0.256958, 0.4986267, 0.7402954, -0.8490906, -0.6074219, -0.36575317, -0.12408447, 0.11758423, 0.35925293, 0.60092163, 0.84259033, -0.74679565, -0.50512695, -0.26345825, -0.02178955, 0.21987915, 0.46154785, 0.70321655, -0.88616943, -0.64450073, -0.40283203, -0.16116333, 0.08050537, 0.32217407, 0.5638428, 0.8055115, -0.7838745, -0.5422058, -0.3005371, -0.05886841, 0.1828003, 0.424469, 0.6661377, 0.9078064, -0.6815796, -0.4399109, -0.19824219, 0.043426514, 0.2850952, 0.5267639, 0.7684326, -0.82095337, -0.57928467, -0.33761597, -0.095947266, 0.14572144, 0.38739014, 0.62905884, 0.87072754, -0.71865845, -0.47698975, -0.23532104, 0.0063476563, 0.24801636, 0.48968506, 0.73135376, -0.8580322, -0.6163635, -0.37469482, -0.13302612, 0.10864258, 0.35031128, 0.59198, 0.8336487, -0.7557373, -0.5140686, -0.2723999, -0.030731201, 0.2109375, 0.4526062, 0.6942749, -0.8951111, -0.6534424, -0.41177368, -0.17010498, 0.07156372, 0.31323242, 0.5549011, 0.7965698, -0.79281616, -0.55114746, -0.30947876, -0.06781006, 0.17385864, 0.41552734, 0.65719604, 0.89886475, -0.69052124, -0.44885254, -0.20718384, 0.034484863, 0.27615356, 0.51782227, 0.75949097, -0.829895, -0.5882263, -0.34655762, -0.104888916, 0.13677979, 0.3784485, 0.6201172, 0.8617859, -0.7276001, -0.4859314, -0.2442627, -0.0025939941, 0.2390747, 0.4807434, 0.7224121, -0.8669739, -0.6253052, -0.38363647, -0.14196777, 0.09970093, 0.34136963, 0.58303833, 0.82470703, -0.76467896, -0.52301025, -0.28134155, -0.03967285, 0.20199585, 0.44366455, 0.68533325, -0.90405273, -0.66238403, -0.42071533, -0.17904663, 0.06262207, 0.30429077, 0.5459595, 0.7876282, -0.8017578, -0.5600891, -0.3184204, -0.07675171, 0.16491699, 0.4065857, 0.6482544, 0.8899231, -0.6994629, -0.4577942, -0.21612549, 0.025543213, 0.2672119, 0.5088806, 0.7505493, -0.83883667, -0.59716797, -0.35549927, -0.11383057, 0.12783813, 0.36950684, 0.61117554, 0.85284424, -0.73654175, -0.49487305, -0.25320435, -0.0115356445, 0.23013306, 0.47180176, 0.71347046, -0.8759155, -0.6342468, -0.39257813, -0.15090942, 0.09075928, 0.33242798, 0.5740967, 0.8157654, -0.7736206, -0.5319519, -0.2902832, -0.048614502, 0.1930542, 0.4347229, 0.6763916, -0.9129944, -0.6713257, -0.42965698, -0.18798828, 0.05368042, 0.29534912, 0.5370178, 0.7786865, -0.81069946, -0.56903076, -0.32736206, -0.08569336, 0.15597534, 0.39764404, 0.63931274, 0.88098145, -0.70840454, -0.46673584, -0.22506714, 0.016601563, 0.25827026, 0.49993896, 0.74160767, -0.8477783, -0.6061096, -0.36444092, -0.12277222, 0.118896484, 0.3605652, 0.6022339, 0.8439026, -0.7454834, -0.5038147, -0.262146, -0.020477295, 0.2211914, 0.4628601, 0.7045288, -0.8848572, -0.6431885, -0.40151978, -0.15985107, 0.08181763, 0.32348633, 0.565155, 0.80682373, -0.78256226, -0.54089355, -0.29922485, -0.057556152, 0.18411255, 0.42578125, 0.66744995, 0.90911865, -0.68026733, -0.43859863, -0.19692993, 0.04473877, 0.28640747, 0.5280762, 0.7697449, -0.8196411, -0.5779724, -0.3363037, -0.09463501, 0.14703369, 0.3887024, 0.6303711, 0.8720398, -0.7173462, -0.4756775, -0.23400879, 0.007659912, 0.24932861, 0.4909973, 0.732666, -0.85672, -0.61505127, -0.37338257, -0.13171387, 0.109954834, 0.35162354, 0.59329224, 0.83496094, -0.75442505, -0.51275635, -0.27108765, -0.029418945, 0.21224976, 0.45391846, 0.69558716, -0.8937988, -0.6521301, -0.41046143, -0.16879272, 0.07287598, 0.31454468, 0.5562134, 0.7978821, -0.7915039, -0.5498352, -0.3081665, -0.0664978, 0.1751709, 0.4168396, 0.6585083, 0.900177, -0.689209, -0.44754028, -0.20587158, 0.03579712, 0.27746582, 0.5191345, 0.7608032, -0.82858276, -0.58691406, -0.34524536, -0.10357666, 0.13809204, 0.37976074, 0.62142944, 0.86309814, -0.72628784, -0.48461914, -0.24295044, -0.0012817383, 0.24038696, 0.48205566, 0.72372437, -0.8656616, -0.6239929, -0.38232422, -0.14065552, 0.10101318, 0.34268188, 0.5843506, 0.8260193, -0.7633667, -0.521698, -0.2800293, -0.038360596, 0.2033081, 0.4449768, 0.6866455, -0.9027405, -0.6610718, -0.41940308, -0.17773438, 0.063934326, 0.30560303, 0.5472717, 0.7889404, -0.80044556, -0.55877686, -0.31710815, -0.07543945, 0.16622925, 0.40789795, 0.64956665, 0.89123535, -0.69815063, -0.45648193, -0.21481323, 0.026855469, 0.26852417, 0.5101929, 0.7518616, -0.8375244, -0.5958557, -0.354187, -0.11251831, 0.12915039, 0.3708191, 0.6124878, 0.8541565, -0.7352295, -0.4935608, -0.2518921, -0.010223389, 0.23144531, 0.473114, 0.7147827, -0.8746033, -0.6329346, -0.39126587, -0.14959717, 0.09207153, 0.33374023, 0.57540894, 0.81707764, -0.77230835, -0.53063965, -0.28897095, -0.047302246, 0.19436646, 0.43603516, 0.67770386, -0.9116821, -0.6700134, -0.42834473, -0.18667603, 0.054992676, 0.29666138, 0.5383301, 0.7799988, -0.8093872, -0.5677185, -0.3260498, -0.0843811, 0.1572876, 0.3989563, 0.640625, 0.8822937, -0.7070923, -0.46542358, -0.22375488, 0.017913818, 0.25958252, 0.5012512, 0.7429199, -0.84646606, -0.60479736, -0.36312866, -0.12145996, 0.12020874, 0.36187744, 0.60354614, 0.84521484, -0.74417114, -0.50250244, -0.26083374, -0.019165039, 0.22250366, 0.46417236, 0.70584106, -0.8835449, -0.6418762, -0.40020752, -0.15853882, 0.08312988, 0.32479858, 0.5664673, 0.808136, -0.78125, -0.5395813, -0.2979126, -0.056243896, 0.1854248, 0.4270935, 0.6687622, 0.9104309, -0.6789551, -0.43728638, -0.19561768, 0.046051025, 0.28771973, 0.5293884, 0.7710571, -0.81832886, -0.57666016, -0.33499146, -0.093322754, 0.14834595, 0.39001465, 0.63168335, 0.87335205, -0.71603394, -0.47436523, -0.23269653, 0.008972168, 0.25064087, 0.49230957, 0.7339783, -0.8554077, -0.613739, -0.3720703, -0.13040161, 0.11126709, 0.3529358, 0.5946045, 0.8362732, -0.7531128, -0.5114441, -0.2697754, -0.02810669, 0.21356201, 0.4552307, 0.6968994, -0.8924866, -0.6508179, -0.40914917, -0.16748047, 0.07418823, 0.31585693, 0.55752563, 0.79919434, -0.79019165, -0.54852295, -0.30685425, -0.06518555, 0.17648315, 0.41815186, 0.65982056, 0.90148926, -0.6878967, -0.44622803, -0.20455933, 0.037109375, 0.27877808, 0.5204468, 0.7621155, -0.8272705, -0.5856018, -0.3439331, -0.102264404, 0.1394043, 0.381073, 0.6227417, 0.8644104, -0.7249756, -0.48330688, -0.24163818, 3.0517578e-5, 0.24169922, 0.48336792, 0.7250366, -0.86434937, -0.62268066, -0.38101196, -0.13934326, 0.10232544, 0.34399414, 0.58566284, 0.82733154, -0.76205444, -0.52038574, -0.27871704, -0.03704834, 0.20462036, 0.44628906, 0.68795776, -0.9014282, -0.6597595, -0.41809082, -0.17642212, 0.06524658, 0.30691528, 0.548584, 0.7902527, -0.7991333, -0.5574646, -0.3157959, -0.0741272, 0.1675415, 0.4092102, 0.6508789, 0.8925476, -0.6968384, -0.45516968, -0.21350098, 0.028167725, 0.26983643, 0.5115051, 0.7531738, -0.83621216, -0.59454346, -0.35287476, -0.111206055, 0.13046265, 0.37213135, 0.61380005, 0.85546875, -0.73391724, -0.49224854, -0.25057983, -0.008911133, 0.23275757, 0.47442627, 0.716095, -0.873291, -0.6316223, -0.3899536, -0.14828491, 0.09338379, 0.3350525, 0.5767212, 0.8183899, -0.7709961, -0.5293274, -0.2876587, -0.04598999, 0.19567871, 0.4373474, 0.6790161, -0.9103699, -0.6687012, -0.42703247, -0.18536377, 0.05630493, 0.29797363, 0.53964233, 0.78131104, -0.80807495, -0.56640625, -0.32473755, -0.08306885, 0.15859985, 0.40026855, 0.64193726, 0.88360596, -0.70578, -0.46411133, -0.22244263, 0.019226074, 0.26089478, 0.5025635, 0.7442322, -0.8451538, -0.6034851, -0.3618164, -0.120147705, 0.121520996, 0.3631897, 0.6048584, 0.8465271, -0.7428589, -0.5011902, -0.25952148, -0.017852783, 0.22381592, 0.46548462, 0.7071533, -0.88223267, -0.64056396, -0.39889526, -0.15722656, 0.08444214, 0.32611084, 0.56777954, 0.80944824, -0.77993774, -0.53826904, -0.29660034, -0.05493164, 0.18673706, 0.42840576, 0.67007446, 0.91174316, -0.6776428, -0.43597412, -0.19430542, 0.04736328, 0.28903198, 0.5307007, 0.7723694, -0.8170166, -0.5753479, -0.3336792, -0.0920105, 0.1496582, 0.3913269, 0.6329956, 0.8746643, -0.7147217, -0.47305298, -0.23138428, 0.010284424, 0.25195313, 0.49362183, 0.7352905, -0.85409546, -0.61242676, -0.37075806, -0.12908936, 0.112579346, 0.35424805, 0.59591675, 0.83758545, -0.75180054, -0.51013184, -0.26846313, -0.026794434, 0.21487427, 0.45654297, 0.69821167, -0.8911743, -0.6495056, -0.4078369, -0.16616821, 0.07550049, 0.3171692, 0.5588379, 0.8005066, -0.7888794, -0.5472107, -0.305542, -0.06387329, 0.17779541, 0.4194641, 0.6611328, 0.9028015, -0.6865845, -0.44491577, -0.20324707, 0.03842163, 0.28009033, 0.52175903, 0.76342773, -0.82595825, -0.58428955, -0.34262085, -0.10095215, 0.14071655, 0.38238525, 0.62405396, 0.86572266, -0.72366333, -0.48199463, -0.24032593, 0.0013427734, 0.24301147, 0.48468018, 0.7263489, -0.8630371, -0.6213684, -0.3796997, -0.138031, 0.103637695, 0.3453064, 0.5869751, 0.8286438, -0.7607422, -0.5190735, -0.2774048, -0.035736084, 0.20593262, 0.44760132, 0.68927, -0.90011597, -0.65844727, -0.41677856, -0.17510986, 0.06655884, 0.30822754, 0.54989624, 0.79156494, -0.79782104, -0.55615234, -0.31448364, -0.07281494, 0.16885376, 0.41052246, 0.65219116, 0.89385986, -0.6955261, -0.45385742, -0.21218872, 0.02947998, 0.27114868, 0.5128174, 0.7544861, -0.8348999, -0.5932312, -0.3515625, -0.1098938, 0.1317749, 0.3734436, 0.6151123, 0.856781, -0.732605, -0.49093628, -0.24926758, -0.007598877, 0.23406982, 0.47573853, 0.7174072, -0.87197876, -0.63031006, -0.38864136, -0.14697266, 0.094696045, 0.33636475, 0.57803345, 0.81970215, -0.76968384, -0.52801514, -0.28634644, -0.044677734, 0.19699097, 0.43865967, 0.68032837, -0.9090576, -0.6673889, -0.4257202, -0.18405151, 0.057617188, 0.2992859, 0.5409546, 0.7826233, -0.8067627, -0.565094, -0.3234253, -0.08175659, 0.15991211, 0.4015808, 0.6432495, 0.8849182, -0.7044678, -0.46279907, -0.22113037, 0.02053833, 0.26220703, 0.50387573, 0.74554443, -0.84384155, -0.60217285, -0.36050415, -0.11883545, 0.12283325, 0.36450195, 0.60617065, 0.84783936, -0.74154663, -0.49987793, -0.25820923, -0.016540527, 0.22512817, 0.46679688, 0.7084656, -0.8809204, -0.6392517, -0.397583, -0.1559143, 0.085754395, 0.3274231, 0.5690918, 0.8107605, -0.7786255, -0.5369568, -0.2952881, -0.053619385, 0.18804932, 0.42971802, 0.6713867, 0.9130554, -0.67633057, -0.43466187, -0.19299316, 0.048675537, 0.29034424, 0.53201294, 0.77368164, -0.81570435, -0.57403564, -0.33236694, -0.09069824, 0.15097046, 0.39263916, 0.63430786, 0.87597656, -0.7134094, -0.47174072, -0.23007202, 0.01159668, 0.25326538, 0.49493408, 0.7366028, -0.8527832, -0.6111145, -0.3694458, -0.1277771, 0.1138916, 0.3555603, 0.597229, 0.8388977, -0.7504883, -0.5088196, -0.26715088, -0.025482178, 0.21618652, 0.45785522, 0.6995239, -0.88986206, -0.64819336, -0.40652466, -0.16485596, 0.076812744, 0.31848145, 0.56015015, 0.80181885, -0.78756714, -0.54589844, -0.30422974, -0.062561035, 0.17910767, 0.42077637, 0.66244507, 0.90411377, -0.6852722, -0.44360352, -0.20193481, 0.039733887, 0.2814026, 0.5230713, 0.76474, -0.824646, -0.5829773, -0.3413086, -0.09963989, 0.14202881, 0.3836975, 0.6253662, 0.8670349, -0.7223511, -0.48068237, -0.23901367, 0.0026550293, 0.24432373, 0.48599243, 0.72766113, -0.86172485, -0.62005615, -0.37838745, -0.13671875, 0.10494995, 0.34661865, 0.58828735, 0.82995605, -0.75942993, -0.51776123, -0.27609253, -0.034423828, 0.20724487, 0.44891357, 0.6905823, -0.8988037, -0.657135, -0.4154663, -0.1737976, 0.067871094, 0.3095398, 0.5512085, 0.7928772, -0.7965088, -0.5548401, -0.3131714, -0.071502686, 0.17016602, 0.41183472, 0.6535034, 0.8951721, -0.69421387, -0.45254517, -0.21087646, 0.030792236, 0.27246094, 0.51412964, 0.75579834, -0.83358765, -0.59191895, -0.35025024, -0.10858154, 0.13308716, 0.37475586, 0.61642456, 0.85809326, -0.7312927, -0.48962402, -0.24795532, -0.006286621, 0.23538208, 0.47705078, 0.7187195, -0.8706665, -0.6289978, -0.3873291, -0.1456604, 0.0960083, 0.337677, 0.5793457, 0.8210144, -0.7683716, -0.5267029, -0.28503418, -0.04336548, 0.19830322, 0.43997192, 0.6816406, -0.90774536, -0.66607666, -0.42440796, -0.18273926, 0.058929443, 0.30059814, 0.54226685, 0.78393555, -0.80545044, -0.56378174, -0.32211304, -0.080444336, 0.16122437, 0.40289307, 0.64456177, 0.88623047, -0.7031555, -0.46148682, -0.21981812, 0.021850586, 0.2635193, 0.505188, 0.7468567, -0.8425293, -0.6008606, -0.3591919, -0.11752319, 0.12414551, 0.3658142, 0.6074829, 0.8491516, -0.7402344, -0.49856567, -0.25689697, -0.0152282715, 0.22644043, 0.46810913, -0.53564453, -0.29397583, -0.05230713, 0.18936157, 0.43103027, 0.672699, 0.9143677, -0.6750183, -0.4333496, -0.19168091, 0.049987793, 0.2916565, 0.5333252, 0.7749939, -0.8143921, -0.5727234, -0.3310547, -0.08938599, 0.15228271, 0.39395142, 0.6356201, 0.8772888, -0.71209717, -0.47042847, -0.22875977, 0.012908936, 0.25457764, 0.49624634, 0.73791504, -0.85147095, -0.60980225, -0.36813354, -0.12646484, 0.11520386, 0.35687256, 0.59854126, 0.84020996, -0.749176, -0.5075073, -0.26583862, -0.024169922, 0.21749878, 0.45916748, 0.7008362, -0.8885498, -0.6468811, -0.4052124, -0.1635437, 0.078125, 0.3197937, 0.5614624, 0.8031311, -0.7862549, -0.5445862, -0.30291748, -0.06124878, 0.18041992, 0.42208862, 0.6637573, 0.905426, -0.68395996, -0.44229126, -0.20062256, 0.041046143, 0.28271484, 0.52438354, 0.76605225, -0.82333374, -0.58166504, -0.33999634, -0.09832764, 0.14334106, 0.38500977, 0.62667847, 0.86834717, -0.7210388, -0.47937012, -0.23770142, 0.003967285, 0.24563599, 0.4873047, 0.7289734, -0.8604126, -0.6187439, -0.3770752, -0.1354065, 0.10626221, 0.3479309, 0.5895996, 0.8312683, -0.7581177, -0.516449, -0.27478027, -0.033111572, 0.20855713, 0.45022583, 0.69189453, -0.89749146, -0.65582275, -0.41415405, -0.17248535, 0.06918335, 0.31085205, 0.55252075, 0.79418945, -0.79519653, -0.55352783, -0.31185913, -0.07019043, 0.17147827, 0.41314697, 0.6548157, 0.8964844, -0.6929016, -0.4512329, -0.20956421, 0.032104492, 0.2737732, 0.5154419, 0.7571106, -0.8322754, -0.5906067, -0.348938, -0.10726929, 0.13439941, 0.37606812, 0.6177368, 0.8594055, -0.72998047, -0.48831177, -0.24664307, -0.0049743652, 0.23669434, 0.47836304, 0.72003174, -0.86935425, -0.62768555, -0.38601685, -0.14434814, 0.09732056, 0.33898926, 0.58065796, 0.82232666, -0.7670593, -0.5253906, -0.28372192, -0.042053223, 0.19961548, 0.44128418, 0.6829529, -0.9064331, -0.6647644, -0.4230957, -0.181427, 0.0602417, 0.3019104, 0.5435791, 0.7852478, -0.8041382, -0.5624695, -0.32080078, -0.07913208, 0.16253662, 0.40420532, 0.645874, 0.8875427, -0.70184326, -0.46017456, -0.21850586, 0.023162842, 0.26483154, 0.50650024, 0.74816895, -0.84121704, -0.59954834, -0.35787964, -0.11621094, 0.12545776, 0.36712646, 0.60879517, 0.85046387, -0.7389221, -0.49725342, -0.25558472, -0.013916016, 0.22775269, 0.4694214, 0.7110901, -0.8782959, -0.6366272, -0.3949585, -0.1532898, 0.088378906, 0.3300476, 0.5717163, 0.813385, -0.776001, -0.5343323, -0.29266357, -0.050994873, 0.19067383, 0.43234253, 0.67401123, -0.91537476, -0.67370605, -0.43203735, -0.19036865, 0.05130005, 0.29296875, 0.53463745, 0.77630615, -0.81307983, -0.57141113, -0.32974243, -0.08807373, 0.15359497, 0.39526367, 0.6369324, 0.8786011, -0.7107849, -0.4691162, -0.22744751, 0.014221191, 0.2558899, 0.4975586, 0.7392273, -0.8501587, -0.60849, -0.3668213, -0.12515259, 0.11651611, 0.3581848, 0.5998535, 0.8415222, -0.74786377, -0.50619507, -0.26452637, -0.022857666, 0.21881104, 0.46047974, 0.70214844, -0.88723755, -0.64556885, -0.40390015, -0.16223145, 0.079437256, 0.32110596, 0.56277466, 0.80444336, -0.7849426, -0.5432739, -0.30160522, -0.059936523, 0.18173218, 0.42340088, 0.6650696, 0.9067383, -0.6826477, -0.440979, -0.1993103, 0.0423584, 0.2840271, 0.5256958, 0.7673645, -0.8220215, -0.5803528, -0.33868408, -0.09701538, 0.14465332, 0.38632202, 0.6279907, 0.8696594, -0.71972656, -0.47805786, -0.23638916, 0.005279541, 0.24694824, 0.48861694, 0.73028564, -0.85910034, -0.61743164, -0.37576294, -0.13409424, 0.10757446, 0.34924316, 0.59091187, 0.83258057, -0.7568054, -0.5151367, -0.27346802, -0.031799316, 0.20986938, 0.4515381, 0.6932068, -0.8961792, -0.6545105, -0.4128418, -0.1711731, 0.070495605, 0.3121643, 0.553833, 0.7955017, -0.7938843, -0.5522156, -0.31054688, -0.068878174, 0.17279053, 0.41445923, 0.6561279, 0.89779663, -0.69158936, -0.44992065, -0.20825195, 0.033416748, 0.27508545, 0.51675415, 0.75842285, -0.83096313, -0.58929443, -0.34762573, -0.10595703, 0.13571167, 0.37738037, 0.6190491, 0.8607178, -0.7286682, -0.4869995, -0.24533081, -0.0036621094, 0.23800659, 0.4796753, 0.721344, -0.868042, -0.6263733, -0.3847046, -0.14303589, 0.09863281, 0.3403015, 0.5819702, 0.8236389, -0.7657471, -0.52407837, -0.28240967, -0.040740967, 0.20092773, 0.44259644, 0.68426514, -0.90512085, -0.66345215, -0.42178345, -0.18011475, 0.061553955, 0.30322266, 0.54489136, 0.78656006, -0.8028259, -0.5611572, -0.31948853, -0.077819824, 0.16384888, 0.40551758, 0.6471863, 0.888855, -0.700531, -0.4588623, -0.2171936, 0.024475098, 0.2661438, 0.5078125, 0.7494812, -0.8399048, -0.5982361, -0.35656738, -0.11489868, 0.12677002, 0.36843872, 0.6101074, 0.8517761, -0.73760986, -0.49594116, -0.25427246, -0.01260376, 0.22906494, 0.47073364, 0.71240234, -0.87698364, -0.63531494, -0.39364624, -0.15197754, 0.08969116, 0.33135986, 0.57302856, 0.81469727, -0.7746887, -0.53302, -0.29135132, -0.049682617, 0.19198608, 0.4336548, 0.6753235, -0.9140625, -0.6723938, -0.4307251, -0.1890564, 0.052612305, 0.294281, 0.5359497, 0.7776184, -0.8117676, -0.5700989, -0.32843018, -0.086761475, 0.15490723, 0.39657593, 0.6382446, 0.87991333, -0.70947266, -0.46780396, -0.22613525, 0.015533447, 0.25720215, 0.49887085, 0.74053955, -0.84884644, -0.60717773, -0.36550903, -0.12384033, 0.11782837, 0.35949707, 0.6011658, 0.8428345, -0.7465515, -0.5048828, -0.2632141, -0.02154541, 0.22012329, 0.461792, 0.7034607, -0.8859253, -0.6442566, -0.4025879, -0.16091919, 0.08074951, 0.3224182, 0.5640869, 0.8057556, -0.7836304, -0.54196167, -0.30029297, -0.058624268, 0.18304443, 0.42471313, 0.66638184, 0.90805054, -0.68133545, -0.43966675, -0.19799805, 0.043670654, 0.28533936, 0.52700806, 0.76867676, -0.8207092, -0.5790405, -0.33737183, -0.095703125, 0.14596558, 0.38763428, 0.629303, 0.8709717, -0.7184143, -0.4767456, -0.2350769, 0.006591797, 0.2482605, 0.4899292, 0.7315979, -0.8577881, -0.6161194, -0.37445068, -0.13278198, 0.10888672, 0.35055542, 0.5922241, 0.8338928, -0.75549316, -0.51382446, -0.27215576, -0.03048706, 0.21118164, 0.45285034, 0.69451904, -0.89486694, -0.65319824, -0.41152954, -0.16986084, 0.07180786, 0.31347656, 0.55514526, 0.79681396, -0.792572, -0.5509033, -0.30923462, -0.06756592, 0.17410278, 0.41577148, 0.6574402, 0.8991089, -0.6902771, -0.4486084, -0.2069397, 0.034729004, 0.2763977, 0.5180664, 0.7597351, -0.8296509, -0.5879822, -0.34631348, -0.104644775, 0.13702393, 0.37869263, 0.6203613, 0.86203, -0.72735596, -0.48568726, -0.24401855, -0.0023498535, 0.23931885, 0.48098755, 0.72265625, -0.86672974, -0.62506104, -0.38339233, -0.14172363, 0.09994507, 0.34161377, 0.5832825, 0.8249512, -0.7644348, -0.5227661, -0.2810974, -0.03942871, 0.20223999, 0.4439087, 0.6855774, -0.9038086, -0.6621399, -0.4204712, -0.17880249, 0.06286621, 0.3045349, 0.5462036, 0.7878723, -0.8015137, -0.559845, -0.31817627, -0.07650757, 0.16516113, 0.40682983, 0.64849854, 0.89016724, -0.69921875, -0.45755005, -0.21588135, 0.025787354, 0.26745605, 0.50912476, 0.75079346, -0.8385925, -0.5969238, -0.35525513, -0.113586426, 0.12808228, 0.36975098, 0.6114197, 0.8530884, -0.7362976, -0.4946289, -0.2529602, -0.011291504, 0.2303772, 0.4720459, 0.7137146, -0.8756714, -0.6340027, -0.39233398, -0.15066528, 0.09100342, 0.33267212, 0.5743408, 0.8160095, -0.77337646, -0.53170776, -0.29003906, -0.04837036, 0.19329834, 0.43496704, 0.67663574, -0.91275024, -0.67108154, -0.42941284, -0.18774414, 0.05392456, 0.29559326, 0.53726196, 0.77893066, -0.8104553, -0.5687866, -0.32711792, -0.08544922, 0.15621948, 0.39788818, 0.6395569, 0.8812256, -0.7081604, -0.4664917, -0.224823, 0.016845703, 0.2585144, 0.5001831, 0.7418518, -0.8475342, -0.6058655, -0.36419678, -0.122528076, 0.119140625, 0.36080933, 0.602478, 0.8441467, -0.74523926, -0.50357056, -0.26190186, -0.020233154, 0.22143555, 0.46310425, 0.70477295, -0.88461304, -0.64294434, -0.40127563, -0.15960693, 0.08206177, 0.32373047, 0.56539917, 0.8070679, -0.7823181, -0.5406494, -0.2989807, -0.05731201, 0.18435669, 0.4260254, 0.6676941, 0.9093628, -0.6800232, -0.4383545, -0.19668579, 0.04498291, 0.2866516, 0.5283203, 0.769989, -0.819397, -0.5777283, -0.33605957, -0.09439087, 0.14727783, 0.38894653, 0.63061523, 0.87228394, -0.71710205, -0.47543335, -0.23376465, 0.007904053, 0.24957275, 0.49124146, 0.73291016, -0.85647583, -0.6148071, -0.37313843, -0.13146973, 0.110198975, 0.35186768, 0.5935364, 0.8352051, -0.7541809, -0.5125122, -0.2708435, -0.029174805, 0.2124939, 0.4541626, 0.6958313, -0.8935547, -0.651886, -0.4102173, -0.16854858, 0.07312012, 0.31478882, 0.5564575, 0.7981262, -0.79125977, -0.54959106, -0.30792236, -0.06625366, 0.17541504, 0.41708374, 0.65875244, 0.90042114, -0.68896484, -0.44729614, -0.20562744, 0.03604126, 0.27770996, 0.51937866, 0.76104736, -0.8283386, -0.5866699, -0.34500122, -0.10333252, 0.13833618, 0.38000488, 0.6216736, 0.8633423, -0.7260437, -0.484375, -0.2427063, -0.0010375977, 0.2406311, 0.4822998, 0.7239685, -0.8654175, -0.6237488, -0.38208008, -0.14041138, 0.101257324, 0.34292603, 0.5845947, 0.8262634, -0.76312256, -0.52145386, -0.27978516, -0.038116455, 0.20355225, 0.44522095, 0.68688965, -0.90249634, -0.66082764, -0.41915894, -0.17749023, 0.06417847, 0.30584717, 0.54751587, 0.7891846, -0.8002014, -0.5585327, -0.316864, -0.07519531, 0.16647339, 0.4081421, 0.6498108, 0.8914795, -0.6979065, -0.4562378, -0.21456909, 0.02709961, 0.2687683, 0.510437, 0.7521057, -0.8372803, -0.5956116, -0.35394287, -0.11227417, 0.12939453, 0.37106323, 0.61273193, 0.85440063, -0.73498535, -0.49331665, -0.25164795, -0.009979248, 0.23168945, 0.47335815, 0.71502686, -0.87435913, -0.6326904, -0.39102173, -0.14935303, 0.092315674, 0.33398438, 0.5756531, 0.8173218, -0.7720642, -0.5303955, -0.2887268, -0.047058105, 0.1946106, 0.4362793, 0.677948, -0.911438, -0.6697693, -0.4281006, -0.18643188, 0.055236816, 0.29690552, 0.5385742, 0.7802429, -0.80914307, -0.56747437, -0.32580566, -0.08413696, 0.15753174, 0.39920044, 0.64086914, 0.88253784, -0.70684814, -0.46517944, -0.22351074, 0.018157959, 0.25982666, 0.50149536, 0.74316406, -0.8462219, -0.6045532, -0.36288452, -0.12121582, 0.12045288, 0.36212158, 0.6037903, 0.845459, -0.743927, -0.5022583, -0.2605896, -0.018920898, 0.2227478, 0.4644165, 0.7060852, -0.8833008, -0.6416321, -0.39996338, -0.15829468, 0.08337402, 0.32504272, 0.5667114, 0.8083801, -0.78100586, -0.53933716, -0.29766846, -0.055999756, 0.18566895, 0.42733765, 0.66900635, 0.91067505, -0.67871094, -0.43704224, -0.19537354, 0.046295166, 0.28796387, 0.52963257, 0.77130127, -0.8180847, -0.576416, -0.3347473, -0.09307861, 0.14859009, 0.3902588, 0.6319275, 0.8735962, -0.7157898, -0.4741211, -0.2324524, 0.009216309, 0.250885, 0.4925537, 0.7342224, -0.8551636, -0.6134949, -0.37182617, -0.13015747, 0.11151123, 0.35317993, 0.59484863, 0.83651733, -0.75286865, -0.51119995, -0.26953125, -0.027862549, 0.21380615, 0.45547485, 0.69714355, -0.89224243, -0.65057373, -0.40890503, -0.16723633, 0.07443237, 0.31610107, 0.5577698, 0.7994385, -0.7899475, -0.5482788, -0.3066101, -0.064941406, 0.1767273, 0.418396, 0.6600647, 0.9017334, -0.6876526, -0.4459839, -0.20431519, 0.037353516, 0.27902222, 0.5206909, 0.7623596, -0.82702637, -0.58535767, -0.34368896, -0.10202026, 0.13964844, 0.38131714, 0.62298584, 0.86465454, -0.72473145, -0.48306274, -0.24139404, 0.0002746582, 0.24194336, 0.48361206, 0.72528076, -0.8641052, -0.6224365, -0.38076782, -0.13909912, 0.10256958, 0.34423828, 0.585907, 0.8275757, -0.7618103, -0.5201416, -0.2784729, -0.0368042, 0.2048645, 0.4465332, 0.6882019, -0.9011841, -0.6595154, -0.41784668, -0.17617798, 0.06549072, 0.30715942, 0.5488281, 0.7904968, -0.79888916, -0.55722046, -0.31555176, -0.07388306, 0.16778564, 0.40945435, 0.65112305, 0.89279175, -0.69659424, -0.45492554, -0.21325684, 0.028411865, 0.27008057, 0.51174927, 0.75341797, -0.835968, -0.5942993, -0.35263062, -0.110961914, 0.13070679, 0.3723755, 0.6140442, 0.8557129, -0.7336731, -0.4920044, -0.2503357, -0.008666992, 0.23300171, 0.4746704, 0.7163391, -0.8730469, -0.6313782, -0.38970947, -0.14804077, 0.09362793, 0.33529663, 0.57696533, 0.81863403, -0.77075195, -0.52908325, -0.28741455, -0.04574585, 0.19592285, 0.43759155, 0.67926025, -0.91012573, -0.66845703, -0.42678833, -0.18511963, 0.056549072, 0.29821777, 0.5398865, 0.7815552, -0.8078308, -0.5661621, -0.3244934, -0.08282471, 0.158844, 0.4005127, 0.6421814, 0.8838501, -0.7055359, -0.4638672, -0.22219849, 0.019470215, 0.26113892, 0.5028076, 0.7444763, -0.25927734, -0.017608643, 0.22406006, 0.46572876, 0.70739746, -0.8819885, -0.6403198, -0.39865112, -0.15698242, 0.08468628, 0.32635498, 0.5680237, 0.8096924, -0.7796936, -0.5380249, -0.2963562, -0.0546875, 0.1869812, 0.4286499, 0.6703186, 0.9119873, -0.6773987, -0.43572998, -0.19406128, 0.047607422, 0.28927612, 0.5309448, 0.7726135, -0.81677246, -0.57510376, -0.33343506, -0.09176636, 0.14990234, 0.39157104, 0.63323975, 0.87490845, -0.71447754, -0.47280884, -0.23114014, 0.010528564, 0.25219727, 0.49386597, 0.73553467, -0.8538513, -0.6121826, -0.37051392, -0.12884521, 0.11282349, 0.3544922, 0.5961609, 0.8378296, -0.7515564, -0.5098877, -0.268219, -0.026550293, 0.21511841, 0.4567871, 0.6984558, -0.8909302, -0.6492615, -0.40759277, -0.16592407, 0.07574463, 0.31741333, 0.55908203, 0.80075073, -0.78863525, -0.54696655, -0.30529785, -0.06362915, 0.17803955, 0.41970825, 0.66137695, 0.90304565, -0.68634033, -0.44467163, -0.20300293, 0.03866577, 0.28033447, 0.5220032, 0.7636719, -0.8257141, -0.5840454, -0.3423767, -0.10070801, 0.1409607, 0.3826294, 0.6242981, 0.8659668, -0.7234192, -0.4817505, -0.24008179, 0.0015869141, 0.24325562, 0.48492432, 0.726593, -0.86279297, -0.62112427, -0.37945557, -0.13778687, 0.103881836, 0.34555054, 0.58721924, 0.82888794, -0.76049805, -0.51882935, -0.27716064, -0.035491943, 0.20617676, 0.44784546, 0.68951416, -0.8998718, -0.6582031, -0.41653442, -0.17486572, 0.06680298, 0.30847168, 0.5501404, 0.7918091, -0.7975769, -0.5559082, -0.3142395, -0.0725708, 0.1690979, 0.4107666, 0.6524353, 0.894104, -0.695282, -0.45361328, -0.21194458, 0.029724121, 0.27139282, 0.5130615, 0.7547302, -0.83465576, -0.59298706, -0.35131836, -0.10964966, 0.13201904, 0.37368774, 0.61535645, 0.85702515, -0.73236084, -0.49069214, -0.24902344, -0.0073547363, 0.23431396, 0.47598267, 0.71765137, -0.8717346, -0.6300659, -0.38839722, -0.14672852, 0.094940186, 0.3366089, 0.5782776, 0.8199463, -0.7694397, -0.527771, -0.2861023, -0.044433594, 0.1972351, 0.4389038, 0.6805725, -0.9088135, -0.6671448, -0.42547607, -0.18380737, 0.057861328, 0.29953003, 0.54119873, 0.78286743, -0.80651855, -0.56484985, -0.32318115, -0.08151245, 0.16015625, 0.40182495, 0.64349365, 0.88516235, -0.70422363, -0.46255493, -0.22088623, 0.02078247, 0.26245117, 0.5041199, 0.7457886, -0.8435974, -0.6019287, -0.36026, -0.11859131, 0.12307739, 0.3647461, 0.6064148, 0.8480835, -0.7413025, -0.4996338, -0.2579651, -0.016296387, 0.22537231, 0.46704102, 0.7087097, -0.88067627, -0.63900757, -0.39733887, -0.15567017, 0.085998535, 0.32766724, 0.56933594, 0.81100464, -0.77838135, -0.53671265, -0.29504395, -0.053375244, 0.18829346, 0.42996216, 0.67163086, 0.91329956, -0.6760864, -0.43441772, -0.19274902, 0.048919678, 0.29058838, 0.5322571, 0.7739258, -0.8154602, -0.5737915, -0.3321228, -0.0904541, 0.1512146, 0.3928833, 0.634552, 0.8762207, -0.7131653, -0.47149658, -0.22982788, 0.01184082, 0.25350952, 0.49517822, 0.7368469, -0.85253906, -0.61087036, -0.36920166, -0.12753296, 0.11413574, 0.35580444, 0.59747314, 0.83914185, -0.75024414, -0.50857544, -0.26690674, -0.025238037, 0.21643066, 0.45809937, 0.69976807, -0.8896179, -0.6479492, -0.40628052, -0.16461182, 0.077056885, 0.3187256, 0.5603943, 0.802063, -0.787323, -0.5456543, -0.3039856, -0.062316895, 0.1793518, 0.4210205, 0.6626892, 0.9043579, -0.6850281, -0.44335938, -0.20169067, 0.039978027, 0.28164673, 0.5233154, 0.76498413, -0.82440186, -0.58273315, -0.34106445, -0.09939575, 0.14227295, 0.38394165, 0.62561035, 0.86727905, -0.72210693, -0.48043823, -0.23876953, 0.00289917, 0.24456787, 0.48623657, 0.7279053, -0.8614807, -0.619812, -0.3781433, -0.13647461, 0.10519409, 0.3468628, 0.5885315, 0.8302002, -0.7591858, -0.5175171, -0.2758484, -0.034179688, 0.20748901, 0.4491577, 0.6908264, -0.8985596, -0.65689087, -0.41522217, -0.17355347, 0.068115234, 0.30978394, 0.55145264, 0.79312134, -0.79626465, -0.55459595, -0.31292725, -0.071258545, 0.17041016, 0.41207886, 0.65374756, 0.89541626, -0.6939697, -0.45230103, -0.21063232, 0.031036377, 0.27270508, 0.5143738, 0.7560425, -0.8333435, -0.5916748, -0.3500061, -0.1083374, 0.1333313, 0.375, 0.6166687, 0.8583374, -0.7310486, -0.48937988, -0.24771118, -0.0060424805, 0.23562622, 0.47729492, 0.7189636, -0.87042236, -0.62875366, -0.38708496, -0.14541626, 0.09625244, 0.33792114, 0.57958984, 0.82125854, -0.76812744, -0.52645874, -0.28479004, -0.043121338, 0.19854736, 0.44021606, 0.68188477, -0.9075012, -0.6658325, -0.42416382, -0.18249512, 0.059173584, 0.3008423, 0.542511, 0.7841797, -0.8052063, -0.5635376, -0.3218689, -0.080200195, 0.1614685, 0.4031372, 0.6448059, 0.8864746, -0.7029114, -0.46124268, -0.21957397, 0.022094727, 0.26376343, 0.5054321, 0.74710083, -0.84228516, -0.60061646, -0.35894775, -0.11727905, 0.12438965, 0.36605835, 0.60772705, 0.84939575, -0.73999023, -0.49832153, -0.25665283, -0.014984131, 0.22668457, 0.46835327, 0.710022, -0.879364, -0.6376953, -0.3960266, -0.15435791, 0.08731079, 0.3289795, 0.5706482, 0.8123169, -0.7770691, -0.5354004, -0.2937317, -0.05206299, 0.18960571, 0.4312744, 0.6729431, 0.9146118, -0.67477417, -0.43310547, -0.19143677, 0.050231934, 0.29190063, 0.53356934, 0.77523804, -0.81414795, -0.57247925, -0.33081055, -0.089141846, 0.15252686, 0.39419556, 0.63586426, 0.87753296, -0.711853, -0.47018433, -0.22851563, 0.013153076, 0.25482178, 0.49649048, 0.7381592, -0.8512268, -0.6095581, -0.3678894, -0.1262207, 0.115448, 0.3571167, 0.5987854, 0.8404541, -0.7489319, -0.5072632, -0.26559448, -0.023925781, 0.21774292, 0.45941162, 0.7010803, -0.88830566, -0.64663696, -0.40496826, -0.16329956, 0.07836914, 0.32003784, 0.56170654, 0.80337524, -0.78601074, -0.54434204, -0.30267334, -0.06100464, 0.18066406, 0.42233276, 0.66400146, 0.90567017, -0.6837158, -0.44204712, -0.20037842, 0.041290283, 0.28295898, 0.5246277, 0.7662964, -0.8230896, -0.5814209, -0.3397522, -0.098083496, 0.1435852, 0.3852539, 0.6269226, 0.8685913, -0.7207947, -0.47912598, -0.23745728, 0.004211426, 0.24588013, 0.48754883, 0.7292175, -0.86016846, -0.61849976, -0.37683105, -0.13516235, 0.10650635, 0.34817505, 0.58984375, 0.83151245, -0.75787354, -0.51620483, -0.27453613, -0.03286743, 0.20880127, 0.45046997, 0.6921387, -0.8972473, -0.6555786, -0.4139099, -0.17224121, 0.06942749, 0.3110962, 0.5527649, 0.7944336, -0.7949524, -0.5532837, -0.311615, -0.06994629, 0.17172241, 0.4133911, 0.6550598, 0.8967285, -0.6926575, -0.45098877, -0.20932007, 0.032348633, 0.27401733, 0.51568604, 0.75735474, -0.83203125, -0.59036255, -0.34869385, -0.10702515, 0.13464355, 0.37631226, 0.61798096, 0.85964966, -0.7297363, -0.48806763, -0.24639893, -0.0047302246, 0.23693848, 0.47860718, 0.7202759, -0.8691101, -0.6274414, -0.3857727, -0.144104, 0.0975647, 0.3392334, 0.5809021, 0.8225708, -0.7668152, -0.5251465, -0.28347778, -0.041809082, 0.19985962, 0.44152832, 0.683197, -0.90618896, -0.66452026, -0.42285156, -0.18118286, 0.06048584, 0.30215454, 0.54382324, 0.78549194, -0.80389404, -0.56222534, -0.32055664, -0.07888794, 0.16278076, 0.40444946, 0.64611816, 0.88778687, -0.7015991, -0.45993042, -0.21826172, 0.023406982, 0.26507568, 0.5067444, 0.7484131, -0.8409729, -0.5993042, -0.3576355, -0.1159668, 0.1257019, 0.3673706, 0.6090393, 0.850708, -0.738678, -0.49700928, -0.25534058, -0.013671875, 0.22799683, 0.46966553, 0.7113342, -0.87805176, -0.63638306, -0.39471436, -0.15304565, 0.08862305, 0.33029175, 0.57196045, 0.81362915, -0.77575684, -0.53408813, -0.29241943, -0.050750732, 0.19091797, 0.43258667, 0.6742554, -0.9151306, -0.6734619, -0.4317932, -0.19012451, 0.05154419, 0.2932129, 0.5348816, 0.7765503, -0.8128357, -0.571167, -0.3294983, -0.08782959, 0.15383911, 0.3955078, 0.6371765, 0.8788452, -0.7105408, -0.46887207, -0.22720337, 0.014465332, 0.25613403, 0.49780273, 0.73947144, -0.84991455, -0.60824585, -0.36657715, -0.12490845, 0.116760254, 0.35842896, 0.60009766, 0.84176636, -0.7476196, -0.5059509, -0.26428223, -0.022613525, 0.21905518, 0.46072388, 0.7023926, -0.8869934, -0.6453247, -0.403656, -0.1619873, 0.0796814, 0.3213501, 0.5630188, 0.8046875, -0.7846985, -0.5430298, -0.30136108, -0.059692383, 0.18197632, 0.42364502, 0.6653137, 0.9069824, -0.68240356, -0.44073486, -0.19906616, 0.04260254, 0.28427124, 0.52593994, 0.76760864, -0.82177734, -0.58010864, -0.33843994, -0.09677124, 0.14489746, 0.38656616, 0.62823486, 0.86990356, -0.7194824, -0.47781372, -0.23614502, 0.0055236816, 0.24719238, 0.48886108, 0.7305298, -0.8588562, -0.6171875, -0.3755188, -0.1338501, 0.1078186, 0.3494873, 0.591156, 0.8328247, -0.7565613, -0.5148926, -0.27322388, -0.031555176, 0.21011353, 0.45178223, 0.6934509, -0.89593506, -0.65426636, -0.41259766, -0.17092896, 0.070739746, 0.31240845, 0.55407715, 0.79574585, -0.79364014, -0.55197144, -0.31030273, -0.06863403, 0.17303467, 0.41470337, 0.6563721, 0.8980408, -0.6913452, -0.4496765, -0.20800781, 0.03366089, 0.2753296, 0.5169983, 0.758667, -0.830719, -0.5890503, -0.3473816, -0.10571289, 0.13595581, 0.3776245, 0.6192932, 0.8609619, -0.7284241, -0.48675537, -0.24508667, -0.0034179688, 0.23825073, 0.47991943, 0.72158813, -0.86779785, -0.62612915, -0.38446045, -0.14279175, 0.09887695, 0.34054565, 0.58221436, 0.82388306, -0.7655029, -0.5238342, -0.28216553, -0.040496826, 0.20117188, 0.44284058, 0.6845093, -0.9048767, -0.663208, -0.4215393, -0.1798706, 0.061798096, 0.3034668, 0.5451355, 0.7868042, -0.8025818, -0.5609131, -0.31924438, -0.07757568, 0.16409302, 0.40576172, 0.6474304, 0.8890991, -0.70028687, -0.45861816, -0.21694946, 0.024719238, 0.26638794, 0.50805664, 0.74972534, -0.83966064, -0.59799194, -0.35632324, -0.11465454, 0.12701416, 0.36868286, 0.61035156, 0.85202026, -0.7373657, -0.49569702, -0.25402832, -0.012359619, 0.22930908, 0.47097778, 0.7126465, -0.8767395, -0.6350708, -0.3934021, -0.1517334, 0.0899353, 0.331604, 0.5732727, 0.8149414, -0.7744446, -0.5327759, -0.29110718, -0.049438477, 0.19223022, 0.43389893, 0.6755676, -0.91381836, -0.67214966, -0.43048096, -0.18881226, 0.052856445, 0.29452515, 0.53619385, 0.77786255, -0.81152344, -0.56985474, -0.32818604, -0.086517334, 0.15515137, 0.39682007, 0.63848877, 0.8801575, -0.7092285, -0.4675598, -0.22589111, 0.015777588, 0.2574463, 0.499115, 0.7407837, -0.8486023, -0.6069336, -0.3652649, -0.12359619, 0.11807251, 0.3597412, 0.6014099, 0.8430786, -0.7463074, -0.5046387, -0.26296997, -0.02130127, 0.22036743, 0.46203613, 0.70370483, -0.88568115, -0.64401245, -0.40234375, -0.16067505, 0.08099365, 0.32266235, 0.56433105, 0.80599976, -0.78338623, -0.5417175, -0.30004883, -0.058380127, 0.18328857, 0.42495728, 0.666626, 0.9082947, -0.6810913, -0.4394226, -0.1977539, 0.043914795, 0.2855835, 0.5272522, 0.7689209, -0.8204651, -0.5787964, -0.3371277, -0.095458984, 0.14620972, 0.38787842, 0.6295471, 0.8712158, -0.71817017, -0.47650146, -0.23483276, 0.0068359375, 0.24850464, 0.49017334, 0.73184204, -0.85754395, -0.61587524, -0.37420654, -0.13253784, 0.10913086, 0.35079956, 0.59246826, 0.83413696, -0.755249, -0.5135803, -0.27191162, -0.03024292, 0.21142578, 0.45309448, 0.6947632, -0.8946228, -0.6529541, -0.4112854, -0.1696167, 0.072052, 0.3137207, 0.5553894, 0.7970581, -0.7923279, -0.5506592, -0.30899048, -0.06732178, 0.17434692, 0.41601563, 0.6576843, 0.899353, -0.69003296, -0.44836426, -0.20669556, 0.034973145, 0.27664185, 0.51831055, 0.75997925, -0.82940674, -0.58773804, -0.34606934, -0.104400635, 0.13726807, 0.37893677, 0.62060547, 0.86227417, -0.7271118, -0.48544312, -0.24377441, -0.002105713, 0.23956299, 0.4812317, 0.7229004, -0.8664856, -0.6248169, -0.3831482, -0.14147949, 0.10018921, 0.3418579, 0.5835266, 0.8251953, -0.7641907, -0.522522, -0.28085327, -0.03918457, 0.20248413, 0.44415283, 0.68582153, -0.90356445, -0.66189575, -0.42022705, -0.17855835, 0.06311035, 0.30477905, 0.54644775, 0.78811646, -0.80126953, -0.55960083, -0.31793213, -0.07626343, 0.16540527, 0.40707397, 0.6487427, 0.8904114, -0.6989746, -0.4573059, -0.2156372, 0.026031494, 0.2677002, 0.5093689, 0.7510376, -0.8383484, -0.5966797, -0.355011, -0.113342285, 0.12832642, 0.36999512, 0.6116638, 0.8533325, -0.73605347, -0.49438477, -0.25271606, -0.011047363, 0.23062134, 0.47229004, 0.71395874, -0.87542725, -0.63375854, -0.39208984, -0.15042114, 0.09124756, 0.33291626, 0.57458496, 0.81625366, -0.7731323, -0.5314636, -0.28979492, -0.04812622, 0.19354248, 0.43521118, 0.6768799, -0.9125061, -0.6708374, -0.4291687, -0.1875, 0.0541687, 0.2958374, 0.5375061, 0.7791748, -0.8102112, -0.5685425, 0.017089844, 0.25875854, 0.50042725, 0.74209595, -0.84729004, -0.60562134, -0.36395264, -0.122283936, 0.119384766, 0.36105347, 0.60272217, 0.84439087, -0.7449951, -0.5033264, -0.2616577, -0.019989014, 0.22167969, 0.4633484, 0.7050171, -0.8843689, -0.6427002, -0.4010315, -0.1593628, 0.08230591, 0.3239746, 0.5656433, 0.807312, -0.782074, -0.5404053, -0.29873657, -0.05706787, 0.18460083, 0.42626953, 0.66793823, 0.90960693, -0.67977905, -0.43811035, -0.19644165, 0.04522705, 0.28689575, 0.52856445, 0.77023315, -0.81915283, -0.57748413, -0.33581543, -0.09414673, 0.14752197, 0.38919067, 0.6308594, 0.8725281, -0.7168579, -0.4751892, -0.23352051, 0.008148193, 0.2498169, 0.4914856, 0.7331543, -0.8562317, -0.614563, -0.3728943, -0.13122559, 0.110443115, 0.35211182, 0.5937805, 0.8354492, -0.75393677, -0.51226807, -0.27059937, -0.028930664, 0.21273804, 0.45440674, 0.69607544, -0.89331055, -0.65164185, -0.40997314, -0.16830444, 0.07336426, 0.31503296, 0.55670166, 0.79837036, -0.7910156, -0.5493469, -0.30767822, -0.06600952, 0.17565918, 0.41732788, 0.6589966, 0.9006653, -0.6887207, -0.447052, -0.2053833, 0.0362854, 0.2779541, 0.5196228, 0.7612915, -0.8280945, -0.5864258, -0.34475708, -0.10308838, 0.13858032, 0.38024902, 0.6219177, 0.8635864, -0.72579956, -0.48413086, -0.24246216, -0.00079345703, 0.24087524, 0.48254395, 0.72421265, -0.86517334, -0.62350464, -0.38183594, -0.14016724, 0.101501465, 0.34317017, 0.58483887, 0.82650757, -0.7628784, -0.5212097, -0.27954102, -0.037872314, 0.20379639, 0.4454651, 0.6871338, -0.9022522, -0.6605835, -0.4189148, -0.1772461, 0.06442261, 0.3060913, 0.54776, 0.7894287, -0.7999573, -0.5582886, -0.31661987, -0.07495117, 0.16671753, 0.40838623, 0.65005493, 0.89172363, -0.69766235, -0.45599365, -0.21432495, 0.02734375, 0.26901245, 0.51068115, 0.75234985, -0.83703613, -0.59536743, -0.35369873, -0.11203003, 0.12963867, 0.37130737, 0.6129761, 0.8546448, -0.7347412, -0.4930725, -0.2514038, -0.009735107, 0.2319336, 0.4736023, 0.715271, -0.874115, -0.6324463, -0.3907776, -0.14910889, 0.092559814, 0.33422852, 0.5758972, 0.8175659, -0.77182007, -0.53015137, -0.28848267, -0.046813965, 0.19485474, 0.43652344, 0.67819214, -0.91119385, -0.66952515, -0.42785645, -0.18618774, 0.055480957, 0.29714966, 0.53881836, 0.78048706, -0.8088989, -0.5672302, -0.32556152, -0.08389282, 0.15777588, 0.39944458, 0.6411133, 0.882782, -0.706604, -0.4649353, -0.2232666, 0.0184021, 0.2600708, 0.5017395, 0.7434082, -0.8459778, -0.6043091, -0.36264038, -0.12097168, 0.12069702, 0.36236572, 0.6040344, 0.8457031, -0.74368286, -0.50201416, -0.26034546, -0.018676758, 0.22299194, 0.46466064, 0.70632935, -0.88305664, -0.64138794, -0.39971924, -0.15805054, 0.083618164, 0.32528687, 0.56695557, 0.80862427, -0.7807617, -0.539093, -0.29742432, -0.055755615, 0.18591309, 0.4275818, 0.6692505, 0.9109192, -0.6784668, -0.4367981, -0.1951294, 0.046539307, 0.288208, 0.5298767, 0.7715454, -0.8178406, -0.5761719, -0.33450317, -0.09283447, 0.14883423, 0.39050293, 0.63217163, 0.87384033, -0.71554565, -0.47387695, -0.23220825, 0.009460449, 0.25112915, 0.49279785, 0.73446655, -0.85491943, -0.61325073, -0.37158203, -0.12991333, 0.11175537, 0.35342407, 0.5950928, 0.8367615, -0.7526245, -0.5109558, -0.2692871, -0.027618408, 0.2140503, 0.455719, 0.6973877, -0.8919983, -0.6503296, -0.4086609, -0.16699219, 0.07467651, 0.3163452, 0.5580139, 0.7996826, -0.78970337, -0.54803467, -0.30636597, -0.064697266, 0.17697144, 0.41864014, 0.66030884, 0.90197754, -0.68740845, -0.44573975, -0.20407104, 0.037597656, 0.27926636, 0.52093506, 0.76260376, -0.8267822, -0.5851135, -0.34344482, -0.10177612, 0.13989258, 0.38156128, 0.62323, 0.8648987, -0.7244873, -0.4828186, -0.2411499, 0.0005187988, 0.2421875, 0.4838562, 0.7255249, -0.8638611, -0.6221924, -0.38052368, -0.13885498, 0.10281372, 0.34448242, 0.5861511, 0.8278198, -0.76156616, -0.51989746, -0.27822876, -0.03656006, 0.20510864, 0.44677734, 0.68844604, -0.90093994, -0.65927124, -0.41760254, -0.17593384, 0.06573486, 0.30740356, 0.54907227, 0.79074097, -0.798645, -0.5569763, -0.31530762, -0.073638916, 0.16802979, 0.4096985, 0.6513672, 0.8930359, -0.6963501, -0.4546814, -0.2130127, 0.028656006, 0.2703247, 0.5119934, 0.7536621, -0.8357239, -0.5940552, -0.35238647, -0.11071777, 0.13095093, 0.37261963, 0.61428833, 0.85595703, -0.73342896, -0.49176025, -0.25009155, -0.008422852, 0.23324585, 0.47491455, 0.71658325, -0.87280273, -0.63113403, -0.38946533, -0.14779663, 0.09387207, 0.33554077, 0.5772095, 0.8188782, -0.7705078, -0.5288391, -0.2871704, -0.04550171, 0.19616699, 0.4378357, 0.6795044, -0.9098816, -0.6682129, -0.4265442, -0.18487549, 0.056793213, 0.2984619, 0.5401306, 0.7817993, -0.80758667, -0.56591797, -0.32424927, -0.08258057, 0.15908813, 0.40075684, 0.64242554, 0.88409424, -0.70529175, -0.46362305, -0.22195435, 0.019714355, 0.26138306, 0.50305176, 0.74472046, -0.8446655, -0.6029968, -0.36132813, -0.119659424, 0.12200928, 0.36367798, 0.6053467, 0.8470154, -0.7423706, -0.5007019, -0.2590332, -0.017364502, 0.2243042, 0.4659729, 0.7076416, -0.8817444, -0.6400757, -0.39840698, -0.15673828, 0.08493042, 0.32659912, 0.5682678, 0.8099365, -0.77944946, -0.53778076, -0.29611206, -0.05444336, 0.18722534, 0.42889404, 0.67056274, 0.91223145, -0.67715454, -0.43548584, -0.19381714, 0.047851563, 0.28952026, 0.53118896, 0.77285767, -0.8165283, -0.5748596, -0.33319092, -0.09152222, 0.15014648, 0.3918152, 0.6334839, 0.8751526, -0.7142334, -0.4725647, -0.230896, 0.010772705, 0.2524414, 0.4941101, 0.7357788, -0.8536072, -0.6119385, -0.37026978, -0.12860107, 0.11306763, 0.35473633, 0.596405, 0.83807373, -0.75131226, -0.50964355, -0.26797485, -0.026306152, 0.21536255, 0.45703125, 0.69869995, -0.89068604, -0.64901733, -0.40734863, -0.16567993, 0.07598877, 0.31765747, 0.5593262, 0.8009949, -0.7883911, -0.5467224, -0.3050537, -0.06338501, 0.17828369, 0.4199524, 0.6616211, 0.9032898, -0.6860962, -0.4444275, -0.20275879, 0.038909912, 0.2805786, 0.5222473, 0.763916, -0.82547, -0.58380127, -0.34213257, -0.10046387, 0.14120483, 0.38287354, 0.62454224, 0.86621094, -0.72317505, -0.48150635, -0.23983765, 0.0018310547, 0.24349976, 0.48516846, 0.72683716, -0.8625488, -0.6208801, -0.37921143, -0.13754272, 0.10412598, 0.34579468, 0.5874634, 0.8291321, -0.7602539, -0.5185852, -0.2769165, -0.035247803, 0.2064209, 0.4480896, 0.6897583, -0.8996277, -0.657959, -0.41629028, -0.17462158, 0.06704712, 0.30871582, 0.5503845, 0.7920532, -0.79733276, -0.55566406, -0.31399536, -0.07232666, 0.16934204, 0.41101074, 0.65267944, 0.89434814, -0.69503784, -0.45336914, -0.21170044, 0.029968262, 0.27163696, 0.51330566, 0.75497437, -0.8344116, -0.5927429, -0.35107422, -0.10940552, 0.13226318, 0.37393188, 0.6156006, 0.8572693, -0.7321167, -0.490448, -0.2487793, -0.0071105957, 0.2345581, 0.4762268, 0.7178955, -0.8714905, -0.6298218, -0.38815308, -0.14648438, 0.095184326, 0.33685303, 0.5785217, 0.8201904, -0.76919556, -0.52752686, -0.28585815, -0.044189453, 0.19747925, 0.43914795, 0.68081665, -0.90856934, -0.66690063, -0.42523193, -0.18356323, 0.05810547, 0.29977417, 0.5414429, 0.7831116, -0.8062744, -0.5646057, -0.322937, -0.08126831, 0.16040039, 0.4020691, 0.6437378, 0.8854065, -0.7039795, -0.4623108, -0.22064209, 0.021026611, 0.2626953, 0.504364, 0.7460327, -0.8433533, -0.6016846, -0.36001587, -0.11834717, 0.12332153, 0.36499023, 0.60665894, 0.84832764, -0.74105835, -0.49938965, -0.25772095, -0.016052246, 0.22561646, 0.46728516, 0.70895386, -0.8804321, -0.6387634, -0.39709473, -0.15542603, 0.086242676, 0.32791138, 0.5695801, 0.8112488, -0.7781372, -0.5364685, -0.2947998, -0.053131104, 0.1885376, 0.4302063, 0.671875, 0.9135437, -0.6758423, -0.43417358, -0.19250488, 0.04916382, 0.29083252, 0.5325012, 0.7741699, -0.81521606, -0.57354736, -0.33187866, -0.09020996, 0.15145874, 0.39312744, 0.63479614, 0.87646484, -0.71292114, -0.47125244, -0.22958374, 0.012084961, 0.25375366, 0.49542236, 0.73709106, -0.8522949, -0.6106262, -0.36895752, -0.12728882, 0.11437988, 0.35604858, 0.5977173, 0.839386, -0.75, -0.5083313, -0.2666626, -0.024993896, 0.2166748, 0.4583435, 0.7000122, -0.8893738, -0.6477051, -0.40603638, -0.16436768, 0.077301025, 0.31896973, 0.5606384, 0.8023071, -0.78707886, -0.54541016, -0.30374146, -0.062072754, 0.17959595, 0.42126465, 0.66293335, 0.90460205, -0.68478394, -0.44311523, -0.20144653, 0.040222168, 0.28189087, 0.5235596, 0.7652283, -0.8241577, -0.582489, -0.3408203, -0.09915161, 0.14251709, 0.3841858, 0.6258545, 0.8675232, -0.7218628, -0.4801941, -0.23852539, 0.0031433105, 0.24481201, 0.4864807, 0.7281494, -0.8612366, -0.6195679, -0.37789917, -0.13623047, 0.10543823, 0.34710693, 0.58877563, 0.83044434, -0.75894165, -0.51727295, -0.27560425, -0.033935547, 0.20773315, 0.44940186, 0.69107056, -0.8983154, -0.6566467, -0.41497803, -0.17330933, 0.068359375, 0.31002808, 0.5516968, 0.7933655, -0.7960205, -0.5543518, -0.3126831, -0.071014404, 0.1706543, 0.412323, 0.6539917, 0.8956604, -0.6937256, -0.45205688, -0.21038818, 0.031280518, 0.27294922, 0.5146179, 0.7562866, -0.83309937, -0.59143066, -0.34976196, -0.10809326, 0.13357544, 0.37524414, 0.61691284, 0.85858154, -0.73080444, -0.48913574, -0.24746704, -0.00579834, 0.23587036, 0.47753906, 0.71920776, -0.8701782, -0.6285095, -0.38684082, -0.14517212, 0.09649658, 0.33816528, 0.579834, 0.8215027, -0.7678833, -0.5262146, -0.2845459, -0.042877197, 0.1987915, 0.4404602, 0.6821289, -0.9072571, -0.6655884, -0.42391968, -0.18225098, 0.059417725, 0.30108643, 0.5427551, 0.7844238, -0.80496216, -0.56329346, -0.32162476, -0.079956055, 0.16171265, 0.40338135, 0.64505005, 0.88671875, -0.70266724, -0.46099854, -0.21932983, 0.022338867, 0.26400757, 0.50567627, 0.747345, -0.842041, -0.6003723, -0.3587036, -0.11703491, 0.12463379, 0.3663025, 0.6079712, 0.8496399, -0.7397461, -0.4980774, -0.2564087, -0.01473999, 0.22692871, 0.4685974, 0.7102661, -0.8791199, -0.6374512, -0.39578247, -0.15411377, 0.08755493, 0.32922363, 0.57089233, 0.81256104, -0.77682495, -0.53515625, -0.29348755, -0.051818848, 0.18984985, 0.43151855, 0.67318726, 0.91485596, -0.67453, -0.43286133, -0.19119263, 0.050476074, 0.29214478, 0.5338135, 0.7754822, -0.8139038, -0.5722351, -0.3305664, -0.088897705, 0.152771, 0.3944397, 0.6361084, 0.8777771, -0.7116089, -0.4699402, -0.22827148, 0.013397217, 0.25506592, 0.49673462, 0.7384033, -0.85098267, -0.60931396, -0.36764526, -0.12597656, 0.11569214, 0.35736084, 0.59902954, 0.84069824, -0.74868774, -0.50701904, -0.26535034, -0.02368164, 0.21798706, 0.45965576, 0.70132446, -0.8880615, -0.6463928, -0.40472412, -0.16305542, 0.07861328, 0.32028198, 0.5619507, 0.8036194, -0.7857666, -0.5440979, -0.3024292, -0.060760498, 0.1809082, 0.4225769, 0.6642456, 0.9059143, -0.6834717, -0.44180298, -0.20013428, 0.041534424, 0.28320313, 0.5248718, 0.7665405, -0.82284546, -0.58117676, -0.33950806, -0.097839355, 0.14382935, 0.38549805, 0.62716675, 0.86883545, -0.72055054, -0.47888184, -0.23721313, 0.0044555664, 0.24612427, 0.48779297, 0.72946167, -0.8599243, -0.6182556, -0.3765869, -0.13491821, 0.10675049, 0.3484192, 0.5900879, 0.8317566, -0.7576294, -0.5159607, -0.274292, -0.03262329, 0.20904541, 0.4507141, 0.6923828, -0.8970032, -0.6553345, -0.41366577, -0.17199707, 0.06967163, 0.31134033, 0.55300903, 0.79467773, -0.79470825, -0.55303955, -0.31137085, -0.06970215, 0.17196655, 0.41363525, 0.65530396, 0.89697266, -0.69241333, -0.45074463, -0.20907593, 0.032592773, 0.27426147, 0.5159302, 0.7575989, -0.8317871, -0.5901184, -0.3484497, -0.106781006, 0.1348877, 0.3765564, 0.6182251, 0.8598938, -0.7294922, -0.4878235, -0.24615479, -0.004486084, 0.23718262, 0.47885132, 0.72052, -0.86886597, -0.62719727, -0.38552856, -0.14385986, 0.09780884, 0.33947754, 0.58114624, 0.82281494, -0.76657104, -0.52490234, -0.28323364, -0.04156494, 0.20010376, 0.44177246, 0.68344116, -0.9059448, -0.6642761, -0.42260742, -0.18093872, 0.06072998, 0.30239868, 0.5440674, 0.7857361, -0.8036499, -0.5619812, -0.3203125, -0.0786438, 0.1630249, 0.4046936, 0.6463623, 0.888031, -0.701355, -0.45968628, -0.21801758, 0.023651123, 0.26531982, 0.5069885, 0.7486572, -0.84072876, -0.59906006, -0.35739136, -0.115722656, 0.12594604, 0.36761475, 0.60928345, 0.85095215, -0.73843384, -0.49676514, -0.25509644, -0.013427734, 0.22824097, 0.46990967, 0.71157837, -0.8778076, -0.6361389, -0.3944702, -0.15280151, 0.08886719, 0.3305359, 0.5722046, 0.8138733, -0.7755127, -0.533844, 0.29345703, 0.53512573, 0.77679443, -0.81259155, -0.57092285, -0.32925415, -0.08758545, 0.15408325, 0.39575195, 0.63742065, 0.87908936, -0.71029663, -0.46862793, -0.22695923, 0.014709473, 0.25637817, 0.49804688, 0.7397156, -0.8496704, -0.6080017, -0.366333, -0.12466431, 0.117004395, 0.3586731, 0.6003418, 0.8420105, -0.7473755, -0.5057068, -0.2640381, -0.022369385, 0.21929932, 0.46096802, 0.7026367, -0.88674927, -0.64508057, -0.40341187, -0.16174316, 0.07992554, 0.32159424, 0.56326294, 0.80493164, -0.78445435, -0.54278564, -0.30111694, -0.059448242, 0.18222046, 0.42388916, 0.66555786, 0.90722656, -0.6821594, -0.44049072, -0.19882202, 0.04284668, 0.28451538, 0.5261841, 0.7678528, -0.8215332, -0.5798645, -0.3381958, -0.0965271, 0.1451416, 0.3868103, 0.628479, 0.8701477, -0.7192383, -0.47756958, -0.23590088, 0.0057678223, 0.24743652, 0.48910522, 0.7307739, -0.85861206, -0.61694336, -0.37527466, -0.13360596, 0.108062744, 0.34973145, 0.59140015, 0.83306885, -0.75631714, -0.51464844, -0.27297974, -0.031311035, 0.21035767, 0.45202637, 0.69369507, -0.8956909, -0.6540222, -0.41235352, -0.17068481, 0.07098389, 0.3126526, 0.5543213, 0.79599, -0.793396, -0.5517273, -0.3100586, -0.06838989, 0.17327881, 0.4149475, 0.6566162, 0.8982849, -0.6911011, -0.44943237, -0.20776367, 0.03390503, 0.27557373, 0.51724243, 0.75891113, -0.83047485, -0.58880615, -0.34713745, -0.10546875, 0.13619995, 0.37786865, 0.61953735, 0.86120605, -0.72817993, -0.48651123, -0.24484253, -0.0031738281, 0.23849487, 0.48016357, 0.7218323, -0.8675537, -0.625885, -0.3842163, -0.1425476, 0.099121094, 0.3407898, 0.5824585, 0.8241272, -0.7652588, -0.5235901, -0.2819214, -0.040252686, 0.20141602, 0.44308472, 0.6847534, -0.90463257, -0.66296387, -0.42129517, -0.17962646, 0.062042236, 0.30371094, 0.54537964, 0.78704834, -0.80233765, -0.56066895, -0.31900024, -0.07733154, 0.16433716, 0.40600586, 0.64767456, 0.88934326, -0.7000427, -0.45837402, -0.21670532, 0.024963379, 0.26663208, 0.5083008, 0.7499695, -0.8394165, -0.5977478, -0.3560791, -0.1144104, 0.1272583, 0.368927, 0.6105957, 0.8522644, -0.7371216, -0.49545288, -0.25378418, -0.0121154785, 0.22955322, 0.47122192, 0.7128906, -0.87649536, -0.63482666, -0.39315796, -0.15148926, 0.09017944, 0.33184814, 0.57351685, 0.81518555, -0.77420044, -0.53253174, -0.29086304, -0.049194336, 0.19247437, 0.43414307, 0.67581177, -0.9135742, -0.6719055, -0.43023682, -0.18856812, 0.053100586, 0.2947693, 0.536438, 0.7781067, -0.8112793, -0.5696106, -0.3279419, -0.08627319, 0.15539551, 0.3970642, 0.6387329, 0.8804016, -0.7089844, -0.46731567, -0.22564697, 0.016021729, 0.25769043, 0.49935913, 0.74102783, -0.84835815, -0.60668945, -0.36502075, -0.12335205, 0.11831665, 0.35998535, 0.60165405, 0.84332275, -0.74606323, -0.50439453, -0.26272583, -0.021057129, 0.22061157, 0.46228027, 0.703949, -0.885437, -0.6437683, -0.4020996, -0.16043091, 0.08123779, 0.3229065, 0.5645752, 0.8062439, -0.7831421, -0.5414734, -0.2998047, -0.058135986, 0.18353271, 0.42520142, 0.6668701, 0.9085388, -0.68084717, -0.43917847, -0.19750977, 0.044158936, 0.28582764, 0.52749634, 0.76916504, -0.82022095, -0.57855225, -0.33688354, -0.095214844, 0.14645386, 0.38812256, 0.62979126, 0.87145996, -0.717926, -0.47625732, -0.23458862, 0.007080078, 0.24874878, 0.49041748, 0.7320862, -0.8572998, -0.6156311, -0.3739624, -0.1322937, 0.109375, 0.3510437, 0.5927124, 0.8343811, -0.7550049, -0.5133362, -0.27166748, -0.02999878, 0.21166992, 0.45333862, 0.6950073, -0.89437866, -0.65270996, -0.41104126, -0.16937256, 0.07229614, 0.31396484, 0.55563354, 0.79730225, -0.79208374, -0.55041504, -0.30874634, -0.06707764, 0.17459106, 0.41625977, 0.65792847, 0.89959717, -0.6897888, -0.44812012, -0.20645142, 0.035217285, 0.276886, 0.5185547, 0.7602234, -0.8291626, -0.5874939, -0.3458252, -0.104156494, 0.1375122, 0.3791809, 0.6208496, 0.8625183, -0.7268677, -0.48519897, -0.24353027, -0.0018615723, 0.23980713, 0.48147583, 0.72314453, -0.86624146, -0.62457275, -0.38290405, -0.14123535, 0.10043335, 0.34210205, 0.58377075, 0.82543945, -0.76394653, -0.52227783, -0.28060913, -0.03894043, 0.20272827, 0.44439697, 0.6860657, -0.9033203, -0.6616516, -0.4199829, -0.17831421, 0.06335449, 0.3050232, 0.5466919, 0.7883606, -0.8010254, -0.5593567, -0.317688, -0.07601929, 0.16564941, 0.40731812, 0.6489868, 0.8906555, -0.69873047, -0.45706177, -0.21539307, 0.026275635, 0.26794434, 0.50961304, 0.75128174, -0.83810425, -0.59643555, -0.35476685, -0.113098145, 0.12857056, 0.37023926, 0.61190796, 0.85357666, -0.7358093, -0.49414063, -0.25247192, -0.010803223, 0.23086548, 0.47253418, 0.7142029, -0.8751831, -0.6335144, -0.3918457, -0.150177, 0.0914917, 0.3331604, 0.5748291, 0.8164978, -0.7728882, -0.5312195, -0.28955078, -0.04788208, 0.19378662, 0.43545532, 0.677124, -0.91226196, -0.67059326, -0.42892456, -0.18725586, 0.05441284, 0.29608154, 0.53775024, 0.77941895, -0.80996704, -0.56829834, -0.32662964, -0.08496094, 0.15670776, 0.39837646, 0.64004517, 0.88171387, -0.7076721, -0.46600342, -0.22433472, 0.017333984, 0.2590027, 0.5006714, 0.7423401, -0.8470459, -0.6053772, -0.3637085, -0.122039795, 0.119628906, 0.3612976, 0.6029663, 0.844635, -0.744751, -0.5030823, -0.26141357, -0.019744873, 0.22192383, 0.46359253, 0.70526123, -0.88412476, -0.64245605, -0.40078735, -0.15911865, 0.08255005, 0.32421875, 0.56588745, 0.80755615, -0.78182983, -0.54016113, -0.29849243, -0.05682373, 0.18484497, 0.42651367, 0.6681824, 0.9098511, -0.6795349, -0.4378662, -0.19619751, 0.04547119, 0.2871399, 0.5288086, 0.7704773, -0.8189087, -0.57724, -0.3355713, -0.09390259, 0.14776611, 0.3894348, 0.6311035, 0.8727722, -0.71661377, -0.47494507, -0.23327637, 0.008392334, 0.25006104, 0.49172974, 0.73339844, -0.85598755, -0.61431885, -0.37265015, -0.13098145, 0.110687256, 0.35235596, 0.59402466, 0.83569336, -0.7536926, -0.5120239, -0.27035522, -0.028686523, 0.21298218, 0.45465088, 0.6963196, -0.8930664, -0.6513977, -0.409729, -0.1680603, 0.0736084, 0.3152771, 0.5569458, 0.7986145, -0.7907715, -0.5491028, -0.30743408, -0.06576538, 0.17590332, 0.41757202, 0.6592407, 0.9009094, -0.68847656, -0.44680786, -0.20513916, 0.03652954, 0.27819824, 0.51986694, 0.76153564, -0.82785034, -0.58618164, -0.34451294, -0.10284424, 0.13882446, 0.38049316, 0.62216187, 0.86383057, -0.7255554, -0.48388672, -0.24221802, -0.0005493164, 0.24111938, 0.4827881, 0.7244568, -0.8649292, -0.6232605, -0.3815918, -0.1399231, 0.101745605, 0.3434143, 0.585083, 0.8267517, -0.7626343, -0.5209656, -0.27929688, -0.037628174, 0.20404053, 0.44570923, 0.6873779, -0.90200806, -0.66033936, -0.41867065, -0.17700195, 0.06466675, 0.30633545, 0.54800415, 0.78967285, -0.79971313, -0.55804443, -0.31637573, -0.07470703, 0.16696167, 0.40863037, 0.6502991, 0.8919678, -0.6974182, -0.4557495, -0.21408081, 0.02758789, 0.2692566, 0.5109253, 0.752594, -0.836792, -0.5951233, -0.3534546, -0.11178589, 0.12988281, 0.3715515, 0.6132202, 0.8548889, -0.7344971, -0.49282837, -0.25115967, -0.009490967, 0.23217773, 0.47384644, 0.71551514, -0.87387085, -0.63220215, -0.39053345, -0.14886475, 0.092803955, 0.33447266, 0.57614136, 0.81781006, -0.7715759, -0.5299072, -0.28823853, -0.046569824, 0.19509888, 0.43676758, 0.6784363, -0.9109497, -0.669281, -0.4276123, -0.1859436, 0.055725098, 0.2973938, 0.5390625, 0.7807312, -0.8086548, -0.5669861, -0.32531738, -0.08364868, 0.15802002, 0.39968872, 0.6413574, 0.8830261, -0.70635986, -0.46469116, -0.22302246, 0.01864624, 0.26031494, 0.50198364, 0.74365234, -0.84573364, -0.60406494, -0.36239624, -0.12072754, 0.12094116, 0.36260986, 0.60427856, 0.84594727, -0.7434387, -0.50177, -0.26010132, -0.018432617, 0.22323608, 0.4649048, 0.7065735, -0.8828125, -0.6411438, -0.3994751, -0.1578064, 0.083862305, 0.325531, 0.5671997, 0.8088684, -0.7805176, -0.5388489, -0.29718018, -0.055511475, 0.18615723, 0.42782593, 0.6694946, 0.91116333, -0.67822266, -0.43655396, -0.19488525, 0.046783447, 0.28845215, 0.53012085, 0.77178955, -0.81759644, -0.57592773, -0.33425903, -0.09259033, 0.14907837, 0.39074707, 0.6324158, 0.8740845, -0.7153015, -0.4736328, -0.23196411, 0.00970459, 0.2513733, 0.493042, 0.7347107, -0.8546753, -0.6130066, -0.3713379, -0.12966919, 0.11199951, 0.3536682, 0.5953369, 0.8370056, -0.7523804, -0.51071167, -0.26904297, -0.027374268, 0.21429443, 0.45596313, 0.69763184, -0.89175415, -0.65008545, -0.40841675, -0.16674805, 0.074920654, 0.31658936, 0.55825806, 0.79992676, -0.7894592, -0.5477905, -0.30612183, -0.064453125, 0.17721558, 0.41888428, 0.660553, 0.9022217, -0.6871643, -0.4454956, -0.2038269, 0.037841797, 0.2795105, 0.5211792, 0.7628479, -0.8265381, -0.5848694, -0.34320068, -0.10153198, 0.14013672, 0.38180542, 0.6234741, 0.8651428, -0.72424316, -0.48257446, -0.24090576, 0.00076293945, 0.24243164, 0.48410034, 0.72576904, -0.86361694, -0.62194824, -0.38027954, -0.13861084, 0.10305786, 0.34472656, 0.58639526, 0.82806396, -0.761322, -0.5196533, -0.27798462, -0.036315918, 0.20535278, 0.44702148, 0.6886902, -0.9006958, -0.6590271, -0.4173584, -0.1756897, 0.065979004, 0.3076477, 0.5493164, 0.7909851, -0.7984009, -0.5567322, -0.31506348, -0.073394775, 0.16827393, 0.40994263, 0.6516113, 0.89328, -0.69610596, -0.45443726, -0.21276855, 0.028900146, 0.27056885, 0.51223755, 0.75390625, -0.83547974, -0.59381104, -0.35214233, -0.11047363, 0.13119507, 0.37286377, 0.6145325, 0.8562012, -0.7331848, -0.4915161, -0.24984741, -0.008178711, 0.23348999, 0.4751587, 0.7168274, -0.8725586, -0.6308899, -0.3892212, -0.14755249, 0.09411621, 0.3357849, 0.5774536, 0.8191223, -0.7702637, -0.528595, -0.28692627, -0.04525757, 0.19641113, 0.43807983, 0.67974854, -0.90963745, -0.66796875, -0.42630005, -0.18463135, 0.057037354, 0.29870605, 0.54037476, 0.78204346, -0.8073425, -0.5656738, -0.32400513, -0.082336426, 0.15933228, 0.40100098, 0.6426697, 0.8843384, -0.7050476, -0.4633789, -0.2217102, 0.019958496, 0.2616272, 0.5032959, 0.7449646, -0.8444214, -0.6027527, -0.36108398, -0.11941528, 0.12225342, 0.36392212, 0.6055908, 0.8472595, -0.74212646, -0.50045776, -0.25878906, -0.017120361, 0.22454834, 0.46621704, 0.70788574, -0.88150024, -0.63983154, -0.39816284, -0.15649414, 0.08517456, 0.32684326, 0.56851196, 0.81018066, -0.7792053, -0.5375366, -0.29586792, -0.05419922, 0.18746948, 0.42913818, 0.6708069, 0.9124756, -0.6769104, -0.4352417, -0.193573, 0.048095703, 0.2897644, 0.5314331, 0.7731018, -0.8162842, -0.5746155, -0.33294678, -0.091278076, 0.15039063, 0.39205933, 0.633728, 0.8753967, -0.71398926, -0.47232056, -0.23065186, 0.011016846, 0.25268555, 0.49435425, 0.73602295, -0.85336304, -0.61169434, -0.37002563, -0.12835693, 0.11331177, 0.35498047, 0.59664917, 0.8383179, -0.7510681, -0.5093994, -0.2677307, -0.026062012, 0.21560669, 0.4572754, 0.6989441, -0.8904419, -0.6487732, -0.4071045, -0.16543579, 0.07623291, 0.3179016, 0.5595703, 0.801239, -0.788147, -0.5464783, -0.30480957, -0.06314087, 0.17852783, 0.42019653, 0.66186523, 0.90353394, -0.68585205, -0.44418335, -0.20251465, 0.039154053, 0.28082275, 0.52249146, 0.76416016, -0.82522583, -0.5835571, -0.34188843, -0.10021973, 0.14144897, 0.38311768, 0.6247864, 0.8664551, -0.7229309, -0.4812622, -0.2395935, 0.0020751953, 0.2437439, 0.4854126, 0.7270813, -0.8623047, -0.620636, -0.3789673, -0.13729858, 0.10437012, 0.34603882, 0.5877075, 0.8293762, -0.76000977, -0.51834106, -0.27667236, -0.035003662, 0.20666504, 0.44833374, 0.69000244, -0.89938354, -0.65771484, -0.41604614, -0.17437744, 0.06729126, 0.30895996, 0.55062866, 0.79229736, -0.7970886, -0.5554199, -0.31375122, -0.07208252, 0.16958618, 0.41125488, 0.6529236, 0.8945923, -0.6947937, -0.453125, -0.2114563, 0.030212402, 0.2718811, 0.5135498, 0.7552185, -0.8341675, -0.5924988, -0.35083008, -0.10916138, 0.13250732, 0.37417603, 0.6158447, 0.8575134, -0.73187256, -0.49020386, -0.24853516, -0.006866455, 0.23480225, 0.47647095, 0.71813965, -0.87124634, -0.62957764, -0.38790894, -0.14624023, 0.09542847, 0.33709717, 0.57876587, 0.8204346, -0.7689514, -0.5272827, -0.285614, -0.043945313, 0.19772339, 0.4393921, 0.6810608, -0.9083252, -0.6666565, -0.4249878, -0.18331909, 0.05834961, 0.3000183, 0.541687, 0.7833557, -0.8060303, -0.5643616, -0.32269287, -0.08102417, 0.16064453, 0.40231323, 0.64398193, 0.88565063, -0.70373535, -0.46206665, -0.22039795, 0.021270752, 0.26293945, 0.50460815, 0.74627686, -0.84310913, -0.6014404, -0.35977173, -0.11810303, 0.123565674, 0.36523438, 0.6069031, 0.8485718, -0.7408142, -0.4991455, -0.2574768, -0.015808105, 0.2258606, 0.4675293, 0.709198, -0.880188, -0.6385193, -0.3968506, -0.15518188, 0.08648682, 0.32815552, 0.0, 0.0, 0.0, 0.0, 0.0, 0.0, 0.0, 0.0, 0.0, 0.0, 0.0, 0.0, 0.0, 0.0, 0.0, 0.0, 0.0, 0.0, 0.0, 0.0, 0.0, 0.0, 0.0, 0.0, 0.0, 0.0, 0.0, 0.0, 0.0, 0.0, 0.0, 0.0, 0.0, 0.0, 0.5698242, 0.8114929, -0.77789307, -0.53622437, -0.29455566, -0.052886963, 0.18878174, 0.43045044, 0.67211914, 0.91378784, -0.67559814, -0.43392944, -0.19226074, 0.04940796, 0.29107666, 0.53274536, 0.77441406, -0.8149719, -0.5733032, -0.33163452, -0.08996582, 0.15170288, 0.39337158, 0.6350403, 0.876709, -0.712677, -0.4710083, -0.2293396, 0.012329102, 0.2539978, 0.4956665, 0.7373352, -0.8520508, -0.6103821, -0.36871338, -0.12704468, 0.11462402, 0.35629272, 0.5979614, 0.8396301, -0.74975586, -0.50808716, -0.26641846, -0.024749756, 0.21691895, 0.45858765, 0.70025635, -0.88912964, -0.64746094, -0.40579224, -0.16412354, 0.077545166, 0.31921387, 0.56088257, 0.80255127, -0.7868347, -0.545166, -0.3034973, -0.061828613, 0.17984009, 0.4215088, 0.6631775, 0.9048462, -0.6845398, -0.4428711, -0.2012024, 0.04046631, 0.282135, 0.5238037, 0.7654724, -0.8239136, -0.5822449, -0.34057617, -0.09890747, 0.14276123, 0.38442993, 0.62609863, 0.86776733, -0.72161865, -0.47994995, -0.23828125, 0.0033874512, 0.24505615, 0.48672485, 0.72839355, -0.86099243, -0.61932373, -0.37765503, -0.13598633, 0.10568237, 0.34735107, 0.5890198, 0.8306885, -0.7586975, -0.5170288, -0.2753601, -0.033691406, 0.2079773, 0.449646, 0.6913147, -0.8980713, -0.6564026, -0.4147339, -0.17306519, 0.068603516, 0.31027222, 0.5519409, 0.7936096, -0.79577637, -0.55410767, -0.31243896, -0.07077026, 0.17089844, 0.41256714, 0.65423584, 0.89590454, -0.69348145, -0.45181274, -0.21014404, 0.03152466, 0.27319336, 0.51486206, 0.75653076, -0.8328552, -0.5911865, -0.34951782, -0.10784912, 0.13381958, 0.37548828, 0.617157, 0.8588257, -0.7305603, -0.4888916, -0.2472229, -0.005554199, 0.2361145, 0.4777832, 0.7194519, -0.8699341, -0.6282654, -0.38659668, -0.14492798, 0.09674072, 0.33840942, 0.5800781, 0.8217468, -0.76763916, -0.52597046, -0.28430176, -0.042633057, 0.19903564, 0.44070435, 0.68237305, -0.90701294, -0.66534424, -0.42367554, -0.18200684, 0.059661865, 0.30133057, 0.54299927, 0.78466797, -0.804718, -0.5630493, -0.32138062, -0.079711914, 0.16195679, 0.4036255, 0.6452942, 0.8869629, -0.7024231, -0.4607544, -0.2190857, 0.022583008, 0.2642517, 0.5059204, 0.7475891, -0.8417969, -0.6001282, -0.35845947, -0.11679077, 0.12487793, 0.36654663, 0.60821533, 0.84988403, -0.73950195, -0.49783325, -0.25616455, -0.01449585, 0.22717285, 0.46884155, 0.71051025, -0.87887573, -0.63720703, -0.39553833, -0.15386963, 0.08779907, 0.32946777, 0.5711365, 0.8128052, -0.7765808, -0.5349121, -0.2932434, -0.051574707, 0.190094, 0.4317627, 0.6734314, 0.9151001, -0.6742859, -0.4326172, -0.19094849, 0.050720215, 0.29238892, 0.5340576, 0.7757263, -0.81365967, -0.57199097, -0.33032227, -0.088653564, 0.15301514, 0.39468384, 0.63635254, 0.87802124, -0.71136475, -0.46969604, -0.22802734, 0.013641357, 0.25531006, 0.49697876, 0.73864746, -0.8507385, -0.6090698, -0.36740112, -0.12573242, 0.11593628, 0.35760498, 0.5992737, 0.8409424, -0.7484436, -0.5067749, -0.2651062, -0.0234375, 0.2182312, 0.4598999, 0.7015686, -0.8878174, -0.6461487, -0.40447998, -0.16281128, 0.07885742, 0.32052612, 0.5621948, 0.8038635, -0.78552246, -0.54385376, -0.30218506, -0.060516357, 0.18115234, 0.42282104, 0.66448975, 0.90615845, -0.68322754, -0.44155884, -0.19989014, 0.041778564, 0.28344727, 0.52511597, 0.76678467, -0.8226013, -0.5809326, -0.33926392, -0.097595215, 0.14407349, 0.3857422, 0.6274109, 0.8690796, -0.7203064, -0.4786377, -0.236969, 0.004699707, 0.24636841, 0.4880371, 0.7297058, -0.8596802, -0.6180115, -0.37634277, -0.13467407, 0.10699463, 0.34866333, 0.59033203, 0.83200073, -0.75738525, -0.51571655, -0.27404785, -0.03237915, 0.20928955, 0.45095825, 0.69262695, -0.89675903, -0.65509033, -0.41342163, -0.17175293, 0.06991577, 0.31158447, 0.5532532, 0.7949219, -0.7944641, -0.5527954, -0.3111267, -0.06945801, 0.1722107, 0.4138794, 0.6555481, 0.8972168, -0.6921692, -0.4505005, -0.20883179, 0.032836914, 0.27450562, 0.5161743, 0.757843, -0.83154297, -0.58987427, -0.34820557, -0.106536865, 0.13513184, 0.37680054, 0.61846924, 0.86013794, -0.72924805, -0.48757935, -0.24591064, -0.0042419434, 0.23742676, 0.47909546, 0.72076416, -0.8686218, -0.6269531, -0.38528442, -0.14361572, 0.09805298, 0.33972168, 0.5813904, 0.8230591, -0.7663269, -0.5246582, -0.2829895, -0.0413208, 0.2003479, 0.4420166, 0.6836853, -0.9057007, -0.664032, -0.42236328, -0.18069458, 0.06097412, 0.30264282, 0.5443115, 0.7859802, -0.80340576, -0.56173706, -0.32006836, -0.07839966, 0.16326904, 0.40493774, 0.64660645, 0.88827515, -0.70111084, -0.45944214, -0.21777344, 0.023895264, 0.26556396, 0.50723267, 0.74890137, -0.8404846, -0.5988159, -0.35714722, -0.115478516, 0.12619019, 0.3678589, 0.6095276, 0.8511963, -0.7381897, -0.496521, -0.2548523, -0.013183594, 0.2284851, 0.4701538, 0.7118225, -0.8775635, -0.6358948, -0.39422607, -0.15255737, 0.08911133, 0.33078003, 0.57244873, 0.81411743, -0.77526855, -0.53359985, -0.29193115, -0.05026245, 0.19140625, 0.43307495, 0.67474365, -0.91464233, -0.67297363, -0.43130493, -0.18963623, 0.05203247, 0.29370117, 0.5353699, 0.7770386, -0.8123474, -0.5706787, -0.32901, -0.08734131, 0.1543274, 0.3959961, 0.6376648, 0.8793335, -0.7100525, -0.4683838, -0.22671509, 0.014953613, 0.2566223, 0.49829102, 0.7399597, -0.84942627, -0.60775757, -0.36608887, -0.124420166, 0.117248535, 0.35891724, 0.60058594, 0.84225464, -0.74713135, -0.50546265, -0.26379395, -0.022125244, 0.21954346, 0.46121216, 0.70288086, -0.8865051, -0.6448364, -0.40316772, -0.16149902, 0.08016968, 0.32183838, 0.5635071, 0.8051758, -0.7842102, -0.5425415, -0.3008728, -0.0592041, 0.1824646, 0.4241333, 0.665802, 0.9074707, -0.6819153, -0.44024658, -0.19857788, 0.04309082, 0.28475952, 0.5264282, 0.7680969, -0.82128906, -0.57962036, -0.33795166, -0.09628296, 0.14538574, 0.38705444, 0.62872314, 0.87039185, -0.71899414, -0.47732544, -0.23565674, 0.006011963, 0.24768066, 0.48934937, 0.73101807, -0.8583679, -0.6166992, -0.37503052, -0.13336182, 0.108306885, 0.3499756, 0.5916443, 0.833313, -0.756073, -0.5144043, -0.2727356, -0.031066895, 0.2106018, 0.4522705, 0.6939392, -0.8954468, -0.6537781, -0.41210938, -0.17044067, 0.07122803, 0.31289673, 0.5545654, 0.79623413, -0.79315186, -0.55148315, -0.30981445, -0.06814575, 0.17352295, 0.41519165, 0.65686035, 0.89852905, -0.69085693, -0.44918823, -0.20751953, 0.03414917, 0.27581787, 0.5174866, 0.7591553, -0.8302307, -0.588562, -0.3468933, -0.10522461, 0.13644409, 0.3781128, 0.6197815, 0.8614502, -0.7279358, -0.4862671, -0.24459839, -0.0029296875, 0.23873901, 0.4804077, 0.7220764, -0.8673096, -0.62564087, -0.38397217, -0.14230347, 0.099365234, 0.34103394, 0.58270264, 0.82437134, -0.76501465, -0.52334595, -0.28167725, -0.040008545, 0.20166016, 0.44332886, 0.68499756, -0.9043884, -0.6627197, -0.42105103, -0.17938232, 0.062286377, 0.30395508, 0.5456238, 0.7872925, -0.8020935, -0.5604248, -0.3187561, -0.0770874, 0.1645813, 0.40625, 0.6479187, 0.8895874, -0.6997986, -0.45812988, -0.21646118, 0.02520752, 0.26687622, 0.5085449, 0.7502136, -0.83917236, -0.59750366, -0.35583496, -0.11416626, 0.12750244, 0.36917114, 0.61083984, 0.85250854, -0.73687744, -0.49520874, -0.25354004, -0.011871338, 0.22979736, 0.47146606, 0.71313477, -0.8762512, -0.6345825, -0.39291382, -0.15124512, 0.090423584, 0.3320923, 0.573761, 0.8154297, -0.7739563, -0.5322876, -0.2906189, -0.048950195, 0.1927185, 0.4343872, 0.6760559, -0.9133301, -0.6716614, -0.42999268, -0.18832397, 0.053344727, 0.29501343, 0.5366821, 0.77835083, -0.81103516, -0.56936646, -0.32769775, -0.08602905, 0.15563965, 0.39730835, 0.63897705, 0.88064575, -0.70874023, -0.46707153, -0.22540283, 0.01626587, 0.25793457, 0.49960327, 0.741272, -0.848114, -0.6064453, -0.3647766, -0.12310791, 0.11856079, 0.3602295, 0.6018982, 0.8435669, -0.7458191, -0.5041504, -0.2624817, -0.020812988, 0.22085571, 0.4625244, 0.7041931, -0.8851929, -0.64352417, -0.40185547, -0.16018677, 0.08148193, 0.32315063, 0.56481934, 0.80648804, -0.78289795, -0.54122925, -0.29956055, -0.057891846, 0.18377686, 0.42544556, 0.66711426, 0.90878296, -0.680603, -0.43893433, -0.19726563, 0.044403076, 0.28607178, 0.5277405, 0.7694092, -0.8199768, -0.5783081, -0.3366394, -0.0949707, 0.146698, 0.3883667, 0.6300354, 0.8717041, -0.7176819, -0.47601318, -0.23434448, 0.0073242188, 0.24899292, 0.49066162, 0.7323303, -0.85705566, -0.61538696, -0.37371826, -0.13204956, 0.10961914, 0.35128784, 0.59295654, 0.83462524, -0.75476074, -0.51309204, -0.27142334, -0.029754639, 0.21191406, 0.45358276, 0.69525146, -0.8941345, -0.6524658, -0.41079712, -0.16912842, 0.07254028, 0.31420898, 0.5558777, 0.7975464, -0.7918396, -0.5501709, -0.3085022, -0.066833496, 0.1748352, 0.4165039, 0.6581726, 0.8998413, -0.6895447, -0.44787598, -0.20620728, 0.035461426, 0.27713013, 0.5187988, 0.7604675, -0.82891846, -0.58724976, -0.34558105, -0.10391235, 0.13775635, 0.37942505, 0.62109375, 0.86276245, -0.72662354, -0.48495483, -0.24328613, -0.0016174316, 0.24005127, 0.48171997, 0.7233887, -0.8659973, -0.6243286, -0.3826599, -0.14099121, 0.10067749, 0.3423462, 0.5840149, 0.8256836, -0.7637024, -0.5220337, -0.280365, -0.03869629, 0.20297241, 0.4446411, 0.6863098, -0.9030762, -0.6614075, -0.41973877, -0.17807007, 0.06359863, 0.30526733, 0.54693604, 0.78860474, -0.80078125, -0.55911255, -0.31744385, -0.07577515, 0.16589355, 0.40756226, 0.64923096, 0.89089966, -0.6984863, -0.45681763, -0.21514893, 0.026519775, 0.26818848, 0.5098572, 0.7515259, -0.8378601, -0.5961914, -0.3545227, -0.112854004, 0.1288147, 0.3704834, 0.6121521, 0.8538208, -0.7355652, -0.49389648, -0.25222778, -0.010559082, 0.23110962, 0.47277832, 0.714447, -0.87493896, -0.63327026, -0.39160156, -0.14993286, 0.09173584, 0.33340454, 0.57507324, 0.81674194, -0.77264404, -0.53097534, -0.28930664, -0.04763794, 0.19403076, 0.43569946, 0.67736816, -0.9120178, -0.6703491, -0.42868042, -0.18701172, 0.054656982, 0.29632568, 0.5379944, 0.7796631, -0.8097229, -0.5680542, -0.3263855, -0.0847168, 0.1569519, 0.3986206, 0.6402893, 0.881958, -0.707428, -0.46575928, -0.22409058, 0.017578125, 0.25924683, 0.5009155, 0.7425842, -0.84680176, -0.60513306, -0.36346436, -0.121795654, 0.11987305, 0.36154175, 0.60321045, 0.84487915, -0.74450684, -0.50283813, -0.26116943, -0.019500732, 0.22216797, 0.46383667, 0.7055054, -0.8838806, -0.6422119, -0.4005432, -0.15887451, 0.08279419, 0.3244629, 0.5661316, 0.8078003, -0.7815857, -0.539917, -0.2982483, -0.05657959, 0.18508911, 0.4267578, 0.6684265, 0.9100952, -0.6792908, -0.43762207, -0.19595337, 0.045715332, 0.28738403, 0.52905273, 0.77072144, -0.81866455, -0.57699585, -0.33532715, -0.09365845, 0.14801025, 0.38967896, 0.63134766, 0.87301636, -0.7163696, -0.47470093, -0.23303223, 0.008636475, 0.25030518, 0.49197388, 0.7336426, -0.8557434, -0.6140747, -0.372406, -0.1307373, 0.1109314, 0.3526001, 0.5942688, 0.8359375, -0.7534485, -0.5117798, -0.27011108, -0.028442383, 0.21322632, 0.45489502, 0.6965637, -0.89282227, -0.65115356, -0.40948486, -0.16781616, 0.07385254, 0.31552124, 0.55718994, 0.79885864, -0.79052734, -0.54885864, -0.30718994, -0.06552124, 0.17614746, 0.41781616, 0.65948486, 0.90115356, -0.6882324, -0.44656372, -0.20489502, 0.03677368, 0.27844238, 0.5201111, 0.7617798, -0.8276062, -0.5859375, -0.3442688, -0.1026001, 0.1390686, 0.3807373, 0.622406, 0.8640747, -0.7253113, -0.48364258, -0.24197388, -0.00030517578, 0.24136353, 0.48303223, 0.7247009, -0.86468506, -0.62301636, -0.38134766, -0.13967896, 0.101989746, 0.34365845, 0.58532715, 0.82699585, -0.76239014, -0.52072144, -0.27905273, -0.037384033, 0.20428467, 0.44595337, 0.6876221, -0.9017639, -0.6600952, -0.4184265, -0.17675781, 0.06491089, 0.3065796, 0.5482483, 0.789917, -0.799469, -0.5578003, -0.3161316, -0.07446289, 0.16720581, 0.4088745, 0.6505432, 0.8922119, -0.6971741, -0.45550537, -0.21383667, 0.027832031, 0.26950073, 0.51116943, 0.75283813, -0.83654785, -0.59487915, -0.35321045, -0.11154175, 0.13012695, 0.37179565, 0.61346436, 0.85513306, -0.7342529, -0.49258423, -0.25091553, -0.009246826, 0.23242188, 0.47409058, 0.7157593, -0.8736267, -0.631958, -0.3902893, -0.1486206, 0.093048096, 0.3347168, 0.5763855, 0.8180542, -0.7713318, -0.5296631, -0.28799438, -0.046325684, 0.19534302, 0.43701172, 0.6786804, -0.91070557, -0.66903687, -0.42736816, -0.18569946, 0.05596924, 0.29763794, 0.53930664, 0.78097534, -0.80841064, -0.56674194, -0.32507324, -0.08340454, 0.15826416, 0.39993286, 0.64160156, 0.88327026, -0.7061157, -0.46444702, -0.22277832, 0.01889038, 0.26055908, 0.8461914, -0.7431946, -0.5015259, -0.25985718, -0.018188477, 0.22348022, 0.46514893, 0.7068176, -0.88256836, -0.64089966, -0.39923096, -0.15756226, 0.084106445, 0.32577515, 0.56744385, 0.80911255, -0.78027344, -0.53860474, -0.29693604, -0.055267334, 0.18640137, 0.42807007, 0.66973877, 0.9114075, -0.6779785, -0.4363098, -0.19464111, 0.047027588, 0.2886963, 0.530365, 0.7720337, -0.8173523, -0.5756836, -0.3340149, -0.09234619, 0.14932251, 0.3909912, 0.6326599, 0.8743286, -0.7150574, -0.47338867, -0.23171997, 0.0099487305, 0.25161743, 0.49328613, 0.73495483, -0.85443115, -0.61276245, -0.37109375, -0.12942505, 0.11224365, 0.35391235, 0.59558105, 0.83724976, -0.75213623, -0.5104675, -0.26879883, -0.027130127, 0.21453857, 0.45620728, 0.697876, -0.89151, -0.6498413, -0.4081726, -0.1665039, 0.075164795, 0.3168335, 0.5585022, 0.8001709, -0.7892151, -0.5475464, -0.3058777, -0.064208984, 0.17745972, 0.41912842, 0.6607971, 0.9024658, -0.68692017, -0.44525146, -0.20358276, 0.038085938, 0.27975464, 0.52142334, 0.76309204, -0.82629395, -0.58462524, -0.34295654, -0.10128784, 0.14038086, 0.38204956, 0.62371826, 0.86538696, -0.723999, -0.48233032, -0.24066162, 0.0010070801, 0.24267578, 0.48434448, 0.7260132, -0.8633728, -0.6217041, -0.3800354, -0.1383667, 0.103302, 0.3449707, 0.5866394, 0.8283081, -0.7610779, -0.5194092, -0.27774048, -0.036071777, 0.20559692, 0.44726563, 0.6889343, -0.90045166, -0.65878296, -0.41711426, -0.17544556, 0.066223145, 0.30789185, 0.54956055, 0.79122925, -0.79815674, -0.55648804, -0.31481934, -0.073150635, 0.16851807, 0.41018677, 0.65185547, 0.89352417, -0.6958618, -0.45419312, -0.21252441, 0.029144287, 0.270813, 0.5124817, 0.7541504, -0.8352356, -0.5935669, -0.3518982, -0.11022949, 0.13143921, 0.3731079, 0.6147766, 0.8564453, -0.7329407, -0.49127197, -0.24960327, -0.00793457, 0.23373413, 0.47540283, 0.71707153, -0.87231445, -0.63064575, -0.38897705, -0.14730835, 0.09436035, 0.33602905, 0.57769775, 0.81936646, -0.77001953, -0.52835083, -0.28668213, -0.045013428, 0.19665527, 0.43832397, 0.6799927, -0.9093933, -0.6677246, -0.4260559, -0.1843872, 0.057281494, 0.2989502, 0.5406189, 0.7822876, -0.8070984, -0.5654297, -0.323761, -0.082092285, 0.15957642, 0.40124512, 0.6429138, 0.8845825, -0.70480347, -0.46313477, -0.22146606, 0.020202637, 0.26187134, 0.50354004, 0.74520874, -0.84417725, -0.60250854, -0.36083984, -0.11917114, 0.12249756, 0.36416626, 0.60583496, 0.84750366, -0.7418823, -0.5002136, -0.25854492, -0.01687622, 0.22479248, 0.46646118, 0.7081299, -0.8812561, -0.6395874, -0.3979187, -0.15625, 0.0854187, 0.3270874, 0.5687561, 0.8104248, -0.7789612, -0.5372925, -0.29562378, -0.053955078, 0.18771362, 0.42938232, 0.671051, 0.9127197, -0.67666626, -0.43499756, -0.19332886, 0.048339844, 0.29000854, 0.53167725, 0.77334595, -0.81604004, -0.57437134, -0.33270264, -0.091033936, 0.15063477, 0.39230347, 0.63397217, 0.87564087, -0.7137451, -0.47207642, -0.23040771, 0.011260986, 0.2529297, 0.4945984, 0.7362671, -0.8531189, -0.6114502, -0.3697815, -0.1281128, 0.11355591, 0.3552246, 0.5968933, 0.838562, -0.750824, -0.5091553, -0.26748657, -0.025817871, 0.21585083, 0.45751953, 0.69918823, -0.89019775, -0.64852905, -0.40686035, -0.16519165, 0.07647705, 0.31814575, 0.55981445, 0.80148315, -0.78790283, -0.54623413, -0.30456543, -0.06289673, 0.17877197, 0.42044067, 0.6621094, 0.9037781, -0.6856079, -0.4439392, -0.20227051, 0.039398193, 0.2810669, 0.5227356, 0.7644043, -0.8249817, -0.583313, -0.3416443, -0.099975586, 0.14169312, 0.38336182, 0.6250305, 0.8666992, -0.72268677, -0.48101807, -0.23934937, 0.002319336, 0.24398804, 0.48565674, 0.72732544, -0.86206055, -0.62039185, -0.37872314, -0.13705444, 0.10461426, 0.34628296, 0.58795166, 0.82962036, -0.7597656, -0.5180969, -0.27642822, -0.03475952, 0.20690918, 0.44857788, 0.6902466, -0.8991394, -0.6574707, -0.415802, -0.1741333, 0.0675354, 0.3092041, 0.5508728, 0.7925415, -0.7968445, -0.5551758, -0.31350708, -0.07183838, 0.16983032, 0.41149902, 0.6531677, 0.8948364, -0.69454956, -0.45288086, -0.21121216, 0.030456543, 0.27212524, 0.51379395, 0.75546265, -0.83392334, -0.59225464, -0.35058594, -0.10891724, 0.13275146, 0.37442017, 0.61608887, 0.85775757, -0.7316284, -0.48995972, -0.24829102, -0.0066223145, 0.23504639, 0.4767151, 0.7183838, -0.8710022, -0.6293335, -0.3876648, -0.1459961, 0.09567261, 0.3373413, 0.57901, 0.8206787, -0.7687073, -0.5270386, -0.28536987, -0.043701172, 0.19796753, 0.43963623, 0.68130493, -0.90808105, -0.66641235, -0.42474365, -0.18307495, 0.05859375, 0.30026245, 0.54193115, 0.78359985, -0.80578613, -0.56411743, -0.32244873, -0.08078003, 0.16088867, 0.40255737, 0.6442261, 0.8858948, -0.7034912, -0.4618225, -0.22015381, 0.021514893, 0.2631836, 0.5048523, 0.746521, -0.842865, -0.6011963, -0.3595276, -0.11785889, 0.123809814, 0.36547852, 0.6071472, 0.8488159, -0.74057007, -0.49890137, -0.25723267, -0.015563965, 0.22610474, 0.46777344, 0.70944214, -0.87994385, -0.63827515, -0.39660645, -0.15493774, 0.08673096, 0.32839966, 0.57006836, 0.81173706, -0.7776489, -0.5359802, -0.29431152, -0.052642822, 0.18902588, 0.43069458, 0.6723633, 0.914032, -0.675354, -0.4336853, -0.1920166, 0.0496521, 0.2913208, 0.5329895, 0.7746582, -0.8147278, -0.5730591, -0.33139038, -0.08972168, 0.15194702, 0.39361572, 0.6352844, 0.8769531, -0.71243286, -0.47076416, -0.22909546, 0.012573242, 0.25424194, 0.49591064, 0.73757935, -0.85180664, -0.61013794, -0.36846924, -0.12680054, 0.114868164, 0.35653687, 0.59820557, 0.83987427, -0.7495117, -0.507843, -0.26617432, -0.024505615, 0.21716309, 0.4588318, 0.7005005, -0.8888855, -0.6472168, -0.4055481, -0.1638794, 0.07778931, 0.319458, 0.5611267, 0.8027954, -0.7865906, -0.5449219, -0.30325317, -0.061584473, 0.18008423, 0.42175293, 0.66342163, 0.90509033, -0.68429565, -0.44262695, -0.20095825, 0.04071045, 0.28237915, 0.52404785, 0.76571655, -0.82366943, -0.58200073, -0.34033203, -0.09866333, 0.14300537, 0.38467407, 0.6263428, 0.8680115, -0.7213745, -0.4797058, -0.23803711, 0.0036315918, 0.2453003, 0.486969, 0.7286377, -0.8607483, -0.6190796, -0.3774109, -0.13574219, 0.10592651, 0.3475952, 0.5892639, 0.8309326, -0.75845337, -0.51678467, -0.27511597, -0.033447266, 0.20822144, 0.44989014, 0.69155884, -0.89782715, -0.65615845, -0.41448975, -0.17282104, 0.068847656, 0.31051636, 0.55218506, 0.79385376, -0.7955322, -0.5538635, -0.31219482, -0.07052612, 0.17114258, 0.41281128, 0.65448, 0.8961487, -0.6932373, -0.4515686, -0.2098999, 0.0317688, 0.2734375, 0.5151062, 0.7567749, -0.8326111, -0.5909424, -0.34927368, -0.10760498, 0.13406372, 0.37573242, 0.6174011, 0.8590698, -0.73031616, -0.48864746, -0.24697876, -0.0053100586, 0.23635864, 0.47802734, 0.71969604, -0.86968994, -0.62802124, -0.38635254, -0.14468384, 0.09698486, 0.33865356, 0.58032227, 0.82199097, -0.767395, -0.5257263, -0.28405762, -0.042388916, 0.19927979, 0.4409485, 0.6826172, -0.9067688, -0.6651001, -0.4234314, -0.1817627, 0.059906006, 0.3015747, 0.5432434, 0.7849121, -0.8044739, -0.5628052, -0.32113647, -0.07946777, 0.16220093, 0.40386963, 0.64553833, 0.88720703, -0.70217896, -0.46051025, -0.21884155, 0.022827148, 0.26449585, 0.50616455, 0.74783325, -0.84155273, -0.59988403, -0.35821533, -0.11654663, 0.12512207, 0.36679077, 0.6084595, 0.8501282, -0.7392578, -0.4975891, -0.2559204, -0.014251709, 0.22741699, 0.4690857, 0.7107544, -0.8786316, -0.6369629, -0.3952942, -0.15362549, 0.08804321, 0.3297119, 0.5713806, 0.8130493, -0.77633667, -0.53466797, -0.29299927, -0.051330566, 0.19033813, 0.43200684, 0.67367554, 0.91534424, -0.67404175, -0.43237305, -0.19070435, 0.050964355, 0.29263306, 0.53430176, 0.77597046, -0.8134155, -0.5717468, -0.33007813, -0.088409424, 0.15325928, 0.39492798, 0.6365967, 0.8782654, -0.7111206, -0.4694519, -0.2277832, 0.013885498, 0.2555542, 0.4972229, 0.7388916, -0.8504944, -0.6088257, -0.36715698, -0.12548828, 0.11618042, 0.35784912, 0.5995178, 0.8411865, -0.74819946, -0.50653076, -0.26486206, -0.02319336, 0.21847534, 0.46014404, 0.70181274, -0.88757324, -0.64590454, -0.40423584, -0.16256714, 0.07910156, 0.32077026, 0.56243896, 0.80410767, -0.7852783, -0.5436096, -0.30194092, -0.060272217, 0.18139648, 0.4230652, 0.6647339, 0.9064026, -0.6829834, -0.4413147, -0.199646, 0.042022705, 0.2836914, 0.5253601, 0.7670288, -0.8223572, -0.5806885, -0.33901978, -0.097351074, 0.14431763, 0.38598633, 0.627655, 0.86932373, -0.72006226, -0.47839355, -0.23672485, 0.0049438477, 0.24661255, 0.48828125, 0.72994995, -0.85943604, -0.61776733, -0.37609863, -0.13442993, 0.10723877, 0.34890747, 0.5905762, 0.8322449, -0.7571411, -0.5154724, -0.2738037, -0.03213501, 0.20953369, 0.4512024, 0.6928711, -0.8965149, -0.6548462, -0.4131775, -0.17150879, 0.07015991, 0.3118286, 0.5534973, 0.795166, -0.79422, -0.55255127, -0.31088257, -0.06921387, 0.17245483, 0.41412354, 0.65579224, 0.89746094, -0.69192505, -0.45025635, -0.20858765, 0.033081055, 0.27474976, 0.51641846, 0.75808716, -0.8312988, -0.5896301, -0.34796143, -0.106292725, 0.13537598, 0.37704468, 0.6187134, 0.8603821, -0.7290039, -0.4873352, -0.2456665, -0.0039978027, 0.2376709, 0.4793396, 0.7210083, -0.8683777, -0.626709, -0.38504028, -0.14337158, 0.09829712, 0.33996582, 0.5816345, 0.8233032, -0.76608276, -0.52441406, -0.28274536, -0.04107666, 0.20059204, 0.44226074, 0.68392944, -0.90545654, -0.66378784, -0.42211914, -0.18045044, 0.06121826, 0.30288696, 0.54455566, 0.78622437, -0.8031616, -0.5614929, -0.31982422, -0.07815552, 0.16351318, 0.40518188, 0.6468506, 0.8885193, -0.7008667, -0.459198, -0.2175293, 0.024139404, 0.2658081, 0.5074768, 0.7491455, -0.8402405, -0.5985718, -0.35690308, -0.115234375, 0.12643433, 0.36810303, 0.6097717, 0.8514404, -0.73794556, -0.49627686, -0.25460815, -0.012939453, 0.22872925, 0.47039795, 0.71206665, -0.87731934, -0.63565063, -0.39398193, -0.15231323, 0.08935547, 0.33102417, 0.5726929, 0.8143616, -0.7750244, -0.5333557, -0.291687, -0.05001831, 0.19165039, 0.4333191, 0.6749878, -0.9143982, -0.6727295, -0.4310608, -0.18939209, 0.05227661, 0.2939453, 0.535614, 0.7772827, -0.8121033, -0.5704346, -0.32876587, -0.08709717, 0.15457153, 0.39624023, 0.63790894, 0.87957764, -0.70980835, -0.46813965, -0.22647095, 0.015197754, 0.25686646, 0.49853516, 0.74020386, -0.8491821, -0.6075134, -0.36584473, -0.124176025, 0.117492676, 0.35916138, 0.6008301, 0.8424988, -0.7468872, -0.5052185, -0.2635498, -0.021881104, 0.2197876, 0.4614563, 0.703125, -0.886261, -0.6445923, -0.40292358, -0.16125488, 0.08041382, 0.32208252, 0.5637512, 0.8054199, -0.78396606, -0.54229736, -0.30062866, -0.05895996, 0.18270874, 0.42437744, 0.66604614, 0.90771484, -0.68167114, -0.44000244, -0.19833374, 0.04333496, 0.28500366, 0.52667236, 0.76834106, -0.8210449, -0.5793762, -0.33770752, -0.09603882, 0.14562988, 0.38729858, 0.6289673, 0.870636, -0.71875, -0.4770813, -0.2354126, 0.0062561035, 0.2479248, 0.4895935, 0.7312622, -0.8581238, -0.6164551, -0.37478638, -0.13311768, 0.108551025, 0.35021973, 0.5918884, 0.8335571, -0.75582886, -0.51416016, -0.27249146, -0.030822754, 0.21084595, 0.45251465, 0.69418335, -0.89520264, -0.65353394, -0.41186523, -0.17019653, 0.07147217, 0.31314087, 0.5548096, 0.7964783, -0.7929077, -0.551239, -0.3095703, -0.06790161, 0.17376709, 0.4154358, 0.6571045, 0.8987732, -0.6906128, -0.4489441, -0.20727539, 0.03439331, 0.276062, 0.5177307, 0.7593994, -0.8299866, -0.5883179, -0.34664917, -0.10498047, 0.13668823, 0.37835693, 0.62002563, 0.86169434, -0.72769165, -0.48602295, -0.24435425, -0.0026855469, 0.23898315, 0.48065186, 0.72232056, -0.8670654, -0.6253967, -0.38372803, -0.14205933, 0.099609375, 0.34127808, 0.5829468, 0.8246155, -0.7647705, -0.5231018, -0.2814331, -0.039764404, 0.2019043, 0.443573, 0.6852417, -0.9041443, -0.6624756, -0.42080688, -0.17913818, 0.06253052, 0.30419922, 0.5458679, 0.7875366, -0.80184937, -0.56018066, -0.31851196, -0.07684326, 0.16482544, 0.40649414, 0.64816284, 0.88983154, -0.69955444, -0.45788574, -0.21621704, 0.02545166, 0.26712036, 0.50878906, 0.75045776, -0.8389282, -0.5972595, -0.35559082, -0.11392212, 0.12774658, 0.36941528, 0.611084, 0.8527527, -0.7366333, -0.4949646, -0.2532959, -0.011627197, 0.2300415, 0.4717102, 0.7133789, -0.8760071, -0.6343384, -0.39266968, -0.15100098, 0.090667725, 0.33233643, 0.5740051, 0.8156738, -0.77371216, -0.53204346, -0.29037476, -0.048706055, 0.19296265, 0.43463135, 0.67630005, -0.91308594, -0.67141724, -0.42974854, -0.18807983, 0.053588867, 0.29525757, -0.7084961, -0.4668274, -0.22515869, 0.01651001, 0.2581787, 0.4998474, 0.7415161, -0.8478699, -0.6062012, -0.36453247, -0.12286377, 0.11880493, 0.36047363, 0.60214233, 0.84381104, -0.74557495, -0.50390625, -0.26223755, -0.020568848, 0.22109985, 0.46276855, 0.70443726, -0.88494873, -0.64328, -0.40161133, -0.15994263, 0.081726074, 0.32339478, 0.5650635, 0.8067322, -0.7826538, -0.5409851, -0.2993164, -0.057647705, 0.184021, 0.4256897, 0.6673584, 0.9090271, -0.6803589, -0.4386902, -0.19702148, 0.044647217, 0.28631592, 0.5279846, 0.7696533, -0.81973267, -0.57806396, -0.33639526, -0.09472656, 0.14694214, 0.38861084, 0.63027954, 0.87194824, -0.71743774, -0.47576904, -0.23410034, 0.0075683594, 0.24923706, 0.49090576, 0.73257446, -0.8568115, -0.6151428, -0.37347412, -0.13180542, 0.10986328, 0.35153198, 0.5932007, 0.8348694, -0.7545166, -0.5128479, -0.2711792, -0.029510498, 0.2121582, 0.4538269, 0.6954956, -0.8938904, -0.6522217, -0.41055298, -0.16888428, 0.072784424, 0.31445313, 0.5561218, 0.7977905, -0.79159546, -0.54992676, -0.30825806, -0.066589355, 0.17507935, 0.41674805, 0.65841675, 0.90008545, -0.68930054, -0.44763184, -0.20596313, 0.035705566, 0.27737427, 0.51904297, 0.76071167, -0.8286743, -0.5870056, -0.3453369, -0.10366821, 0.13800049, 0.3796692, 0.6213379, 0.8630066, -0.7263794, -0.4847107, -0.24304199, -0.001373291, 0.24029541, 0.4819641, 0.7236328, -0.8657532, -0.6240845, -0.38241577, -0.14074707, 0.10092163, 0.34259033, 0.58425903, 0.82592773, -0.76345825, -0.52178955, -0.28012085, -0.03845215, 0.20321655, 0.44488525, 0.68655396, -0.90283203, -0.66116333, -0.41949463, -0.17782593, 0.06384277, 0.30551147, 0.5471802, 0.7888489, -0.8005371, -0.5588684, -0.3171997, -0.075531006, 0.1661377, 0.4078064, 0.6494751, 0.8911438, -0.6982422, -0.4565735, -0.21490479, 0.026763916, 0.26843262, 0.5101013, 0.75177, -0.83761597, -0.59594727, -0.35427856, -0.11260986, 0.12905884, 0.37072754, 0.61239624, 0.85406494, -0.73532104, -0.49365234, -0.25198364, -0.010314941, 0.23135376, 0.47302246, 0.71469116, -0.8746948, -0.6330261, -0.39135742, -0.14968872, 0.09197998, 0.33364868, 0.5753174, 0.8169861, -0.7723999, -0.5307312, -0.2890625, -0.0473938, 0.1942749, 0.4359436, 0.6776123, -0.9117737, -0.670105, -0.42843628, -0.18676758, 0.054901123, 0.29656982, 0.5382385, 0.7799072, -0.80947876, -0.56781006, -0.32614136, -0.084472656, 0.15719604, 0.39886475, 0.64053345, 0.88220215, -0.70718384, -0.46551514, -0.22384644, 0.017822266, 0.25949097, 0.50115967, 0.74282837, -0.8465576, -0.6048889, -0.3632202, -0.12155151, 0.12011719, 0.3617859, 0.6034546, 0.8451233, -0.7442627, -0.502594, -0.2609253, -0.019256592, 0.22241211, 0.4640808, 0.7057495, -0.8836365, -0.6419678, -0.40029907, -0.15863037, 0.08303833, 0.32470703, 0.56637573, 0.80804443, -0.78134155, -0.53967285, -0.29800415, -0.05633545, 0.18533325, 0.42700195, 0.66867065, 0.91033936, -0.67904663, -0.43737793, -0.19570923, 0.045959473, 0.28762817, 0.5292969, 0.7709656, -0.8184204, -0.5767517, -0.335083, -0.09341431, 0.1482544, 0.3899231, 0.6315918, 0.8732605, -0.7161255, -0.4744568, -0.23278809, 0.008880615, 0.25054932, 0.49221802, 0.7338867, -0.85549927, -0.61383057, -0.37216187, -0.13049316, 0.11117554, 0.35284424, 0.59451294, 0.83618164, -0.75320435, -0.51153564, -0.26986694, -0.028198242, 0.21347046, 0.45513916, 0.69680786, -0.8925781, -0.6509094, -0.40924072, -0.16757202, 0.07409668, 0.31576538, 0.5574341, 0.7991028, -0.7902832, -0.5486145, -0.3069458, -0.0652771, 0.1763916, 0.4180603, 0.659729, 0.9013977, -0.6879883, -0.44631958, -0.20465088, 0.037017822, 0.27868652, 0.5203552, 0.7620239, -0.82736206, -0.58569336, -0.34402466, -0.10235596, 0.13931274, 0.38098145, 0.62265015, 0.86431885, -0.72506714, -0.48339844, -0.24172974, -6.1035156e-5, 0.24160767, 0.48327637, 0.72494507, -0.8644409, -0.6227722, -0.38110352, -0.13943481, 0.10223389, 0.3439026, 0.5855713, 0.82724, -0.762146, -0.5204773, -0.2788086, -0.037139893, 0.20452881, 0.4461975, 0.6878662, -0.9015198, -0.6598511, -0.41818237, -0.17651367, 0.06515503, 0.30682373, 0.54849243, 0.79016113, -0.79922485, -0.55755615, -0.31588745, -0.07421875, 0.16744995, 0.40911865, 0.65078735, 0.89245605, -0.69692993, -0.45526123, -0.21359253, 0.028076172, 0.26974487, 0.5114136, 0.7530823, -0.8363037, -0.594635, -0.3529663, -0.11129761, 0.1303711, 0.3720398, 0.6137085, 0.8553772, -0.7340088, -0.4923401, -0.2506714, -0.009002686, 0.23266602, 0.47433472, 0.7160034, -0.87338257, -0.63171387, -0.39004517, -0.14837646, 0.09329224, 0.33496094, 0.57662964, 0.81829834, -0.77108765, -0.52941895, -0.28775024, -0.046081543, 0.19558716, 0.43725586, 0.67892456, -0.9104614, -0.6687927, -0.42712402, -0.18545532, 0.05621338, 0.29788208, 0.5395508, 0.7812195, -0.8081665, -0.5664978, -0.3248291, -0.0831604, 0.1585083, 0.400177, 0.6418457, 0.8835144, -0.7058716, -0.46420288, -0.22253418, 0.019134521, 0.26080322, 0.5024719, 0.7441406, -0.84524536, -0.60357666, -0.36190796, -0.12023926, 0.12142944, 0.36309814, 0.60476685, 0.84643555, -0.74295044, -0.50128174, -0.25961304, -0.017944336, 0.22372437, 0.46539307, 0.70706177, -0.8823242, -0.6406555, -0.39898682, -0.15731812, 0.084350586, 0.3260193, 0.567688, 0.8093567, -0.7800293, -0.5383606, -0.2966919, -0.055023193, 0.18664551, 0.4283142, 0.6699829, 0.9116516, -0.6777344, -0.43606567, -0.19439697, 0.04727173, 0.28894043, 0.53060913, 0.77227783, -0.81710815, -0.57543945, -0.33377075, -0.09210205, 0.14956665, 0.39123535, 0.63290405, 0.87457275, -0.71481323, -0.47314453, -0.23147583, 0.010192871, 0.25186157, 0.49353027, 0.735199, -0.854187, -0.6125183, -0.3708496, -0.12918091, 0.11248779, 0.3541565, 0.5958252, 0.8374939, -0.7518921, -0.5102234, -0.2685547, -0.026885986, 0.21478271, 0.45645142, 0.6981201, -0.89126587, -0.64959717, -0.40792847, -0.16625977, 0.075408936, 0.31707764, 0.55874634, 0.80041504, -0.78897095, -0.54730225, -0.30563354, -0.063964844, 0.17770386, 0.41937256, 0.66104126, 0.90270996, -0.686676, -0.44500732, -0.20333862, 0.038330078, 0.27999878, 0.5216675, 0.7633362, -0.8260498, -0.5843811, -0.3427124, -0.1010437, 0.140625, 0.3822937, 0.6239624, 0.8656311, -0.7237549, -0.48208618, -0.24041748, 0.0012512207, 0.24291992, 0.48458862, 0.7262573, -0.86312866, -0.62145996, -0.37979126, -0.13812256, 0.10354614, 0.34521484, 0.58688354, 0.82855225, -0.76083374, -0.51916504, -0.27749634, -0.035827637, 0.20584106, 0.44750977, 0.68917847, -0.9002075, -0.6585388, -0.41687012, -0.17520142, 0.066467285, 0.308136, 0.5498047, 0.7914734, -0.7979126, -0.5562439, -0.3145752, -0.072906494, 0.1687622, 0.4104309, 0.6520996, 0.8937683, -0.6956177, -0.45394897, -0.21228027, 0.029388428, 0.27105713, 0.51272583, 0.75439453, -0.83499146, -0.59332275, -0.35165405, -0.10998535, 0.13168335, 0.37335205, 0.61502075, 0.85668945, -0.73269653, -0.49102783, -0.24935913, -0.0076904297, 0.23397827, 0.47564697, 0.7173157, -0.8720703, -0.6304016, -0.3887329, -0.14706421, 0.09460449, 0.3362732, 0.5779419, 0.8196106, -0.7697754, -0.5281067, -0.286438, -0.044769287, 0.19689941, 0.43856812, 0.6802368, -0.90914917, -0.66748047, -0.42581177, -0.18414307, 0.057525635, 0.29919434, 0.54086304, 0.78253174, -0.80685425, -0.56518555, -0.32351685, -0.081848145, 0.15982056, 0.40148926, 0.64315796, 0.88482666, -0.7045593, -0.46289063, -0.22122192, 0.020446777, 0.26211548, 0.5037842, 0.7454529, -0.8439331, -0.6022644, -0.3605957, -0.118927, 0.1227417, 0.3644104, 0.6060791, 0.8477478, -0.7416382, -0.49996948, -0.25830078, -0.01663208, 0.22503662, 0.46670532, 0.708374, -0.88101196, -0.63934326, -0.39767456, -0.15600586, 0.08566284, 0.32733154, 0.56900024, 0.81066895, -0.77871704, -0.53704834, -0.29537964, -0.053710938, 0.18795776, 0.42962646, 0.67129517, 0.91296387, -0.6764221, -0.43475342, -0.19308472, 0.048583984, 0.2902527, 0.5319214, 0.7735901, -0.8157959, -0.5741272, -0.3324585, -0.090789795, 0.1508789, 0.3925476, 0.6342163, 0.875885, -0.713501, -0.47183228, -0.23016357, 0.011505127, 0.25317383, 0.49484253, 0.73651123, -0.85287476, -0.61120605, -0.36953735, -0.12786865, 0.11380005, 0.35546875, 0.59713745, 0.83880615, -0.75057983, -0.50891113, -0.26724243, -0.02557373, 0.21609497, 0.45776367, 0.6994324, -0.8899536, -0.6482849, -0.4066162, -0.16494751, 0.07672119, 0.3183899, 0.5600586, 0.8017273, -0.7876587, -0.54599, -0.3043213, -0.06265259, 0.17901611, 0.4206848, 0.6623535, 0.9040222, -0.68536377, -0.44369507, -0.20202637, 0.039642334, 0.28131104, 0.52297974, 0.76464844, -0.82473755, -0.58306885, -0.34140015, -0.099731445, 0.14193726, 0.38360596, 0.62527466, 0.86694336, -0.7224426, -0.48077393, -0.23910522, 0.0025634766, 0.24423218, 0.48590088, 0.7275696, -0.8618164, -0.6201477, -0.378479, -0.1368103, 0.1048584, 0.3465271, 0.5881958, 0.8298645, -0.7595215, -0.5178528, -0.27618408, -0.03451538, 0.20715332, 0.44882202, 0.6904907, -0.89889526, -0.65722656, -0.41555786, -0.17388916, 0.06777954, 0.30944824, 0.55111694, 0.79278564, -0.79660034, -0.55493164, -0.31326294, -0.07159424, 0.17007446, 0.41174316, 0.65341187, 0.89508057, -0.6943054, -0.45263672, -0.21096802, 0.030700684, 0.27236938, 0.5140381, 0.7557068, -0.8336792, -0.5920105, -0.3503418, -0.108673096, 0.1329956, 0.3746643, 0.616333, 0.8580017, -0.7313843, -0.48971558, -0.24804688, -0.006378174, 0.23529053, 0.47695923, 0.7186279, -0.87075806, -0.62908936, -0.38742065, -0.14575195, 0.09591675, 0.33758545, 0.57925415, 0.82092285, -0.76846313, -0.52679443, -0.28512573, -0.04345703, 0.19821167, 0.43988037, 0.6815491, -0.9078369, -0.6661682, -0.4244995, -0.18283081, 0.05883789, 0.3005066, 0.5421753, 0.783844, -0.805542, -0.5638733, -0.3222046, -0.08053589, 0.16113281, 0.4028015, 0.6444702, 0.8861389, -0.7032471, -0.46157837, -0.21990967, 0.021759033, 0.26342773, 0.50509644, 0.74676514, -0.84262085, -0.60095215, -0.35928345, -0.117614746, 0.124053955, 0.36572266, 0.60739136, 0.84906006, -0.7403259, -0.49865723, -0.25698853, -0.015319824, 0.22634888, 0.46801758, 0.7096863, -0.8796997, -0.638031, -0.3963623, -0.1546936, 0.0869751, 0.3286438, 0.5703125, 0.8119812, -0.7774048, -0.5357361, -0.29406738, -0.05239868, 0.18927002, 0.43093872, 0.6726074, 0.9142761, -0.67510986, -0.43344116, -0.19177246, 0.04989624, 0.29156494, 0.53323364, 0.77490234, -0.81448364, -0.57281494, -0.33114624, -0.08947754, 0.15219116, 0.39385986, 0.63552856, 0.87719727, -0.7121887, -0.47052002, -0.22885132, 0.012817383, 0.25448608, 0.4961548, 0.7378235, -0.8515625, -0.6098938, -0.3682251, -0.1265564, 0.115112305, 0.356781, 0.5984497, 0.8401184, -0.7492676, -0.5075989, -0.26593018, -0.024261475, 0.21740723, 0.45907593, 0.7007446, -0.88864136, -0.64697266, -0.40530396, -0.16363525, 0.07803345, 0.31970215, 0.56137085, 0.80303955, -0.78634644, -0.54467773, -0.30300903, -0.061340332, 0.18032837, 0.42199707, 0.6636658, 0.9053345, -0.6840515, -0.4423828, -0.20071411, 0.04095459, 0.2826233, 0.524292, 0.7659607, -0.8234253, -0.5817566, -0.3400879, -0.09841919, 0.14324951, 0.3849182, 0.6265869, 0.8682556, -0.7211304, -0.47946167, -0.23779297, 0.0038757324, 0.24554443, 0.48721313, 0.72888184, -0.86050415, -0.61883545, -0.37716675, -0.13549805, 0.106170654, 0.34783936, 0.58950806, 0.83117676, -0.7582092, -0.5165405, -0.27487183, -0.033203125, 0.20846558, 0.45013428, 0.691803, -0.897583, -0.6559143, -0.4142456, -0.1725769, 0.0690918, 0.3107605, 0.5524292, 0.7940979, -0.7952881, -0.5536194, -0.31195068, -0.07028198, 0.17138672, 0.41305542, 0.6547241, 0.8963928, -0.69299316, -0.45132446, -0.20965576, 0.03201294, 0.27368164, 0.51535034, 0.75701904, -0.83236694, -0.59069824, -0.34902954, -0.10736084, 0.13430786, 0.37597656, 0.61764526, 0.85931396, -0.730072, -0.48840332, -0.24673462, -0.005065918, 0.23660278, 0.47827148, 0.7199402, -0.8694458, -0.6277771, -0.3861084, -0.1444397, 0.097229004, 0.3388977, 0.5805664, 0.8222351, -0.7671509, -0.5254822, -0.28381348, -0.042144775, 0.19952393, 0.44119263, 0.6828613, -0.90652466, -0.66485596, -0.42318726, -0.18151855, 0.060150146, 0.30181885, 0.54348755, 0.78515625, -0.80422974, -0.56256104, -0.32089233, -0.07922363, 0.16244507, 0.40411377, 0.6457825, 0.8874512, -0.7019348, -0.4602661, -0.21859741, 0.023071289, 0.26474, 0.5064087, 0.7480774, -0.8413086, -0.5996399, -0.3579712, -0.11630249, 0.12536621, 0.3670349, 0.6087036, 0.8503723, -0.7390137, -0.49734497, -0.25567627, -0.014007568, 0.22766113, 0.46932983, 0.71099854, -0.87838745, -0.63671875, -0.39505005, -0.15338135, 0.08828735, 0.32995605, 0.57162476, -0.4321289, -0.1904602, 0.051208496, 0.2928772, 0.5345459, 0.7762146, -0.8131714, -0.5715027, -0.32983398, -0.08816528, 0.15350342, 0.39517212, 0.6368408, 0.8785095, -0.71087646, -0.46920776, -0.22753906, 0.014129639, 0.25579834, 0.49746704, 0.73913574, -0.85025024, -0.60858154, -0.36691284, -0.12524414, 0.11642456, 0.35809326, 0.59976196, 0.84143066, -0.7479553, -0.5062866, -0.26461792, -0.022949219, 0.21871948, 0.46038818, 0.7020569, -0.8873291, -0.6456604, -0.4039917, -0.162323, 0.0793457, 0.3210144, 0.5626831, 0.8043518, -0.7850342, -0.5433655, -0.30169678, -0.060028076, 0.18164063, 0.42330933, 0.664978, 0.9066467, -0.68273926, -0.44107056, -0.19940186, 0.042266846, 0.28393555, 0.52560425, 0.76727295, -0.82211304, -0.58044434, -0.33877563, -0.09710693, 0.14456177, 0.38623047, 0.62789917, 0.8695679, -0.7198181, -0.4781494, -0.23648071, 0.0051879883, 0.24685669, 0.4885254, 0.7301941, -0.8591919, -0.6175232, -0.3758545, -0.13418579, 0.10748291, 0.3491516, 0.5908203, 0.832489, -0.756897, -0.5152283, -0.27355957, -0.03189087, 0.20977783, 0.45144653, 0.69311523, -0.89627075, -0.65460205, -0.41293335, -0.17126465, 0.07040405, 0.31207275, 0.55374146, 0.79541016, -0.79397583, -0.5523071, -0.31063843, -0.06896973, 0.17269897, 0.41436768, 0.6560364, 0.8977051, -0.6916809, -0.4500122, -0.2083435, 0.033325195, 0.2749939, 0.5166626, 0.7583313, -0.8310547, -0.589386, -0.3477173, -0.106048584, 0.13562012, 0.37728882, 0.6189575, 0.8606262, -0.72875977, -0.48709106, -0.24542236, -0.003753662, 0.23791504, 0.47958374, 0.72125244, -0.86813354, -0.62646484, -0.38479614, -0.14312744, 0.09854126, 0.34020996, 0.58187866, 0.82354736, -0.7658386, -0.5241699, -0.28250122, -0.04083252, 0.20083618, 0.44250488, 0.6841736, -0.9052124, -0.6635437, -0.421875, -0.1802063, 0.061462402, 0.3031311, 0.5447998, 0.7864685, -0.8029175, -0.5612488, -0.31958008, -0.07791138, 0.16375732, 0.40542603, 0.6470947, 0.8887634, -0.70062256, -0.45895386, -0.21728516, 0.024383545, 0.26605225, 0.50772095, 0.74938965, -0.83999634, -0.59832764, -0.35665894, -0.114990234, 0.12667847, 0.36834717, 0.61001587, 0.8516846, -0.7377014, -0.4960327, -0.254364, -0.0126953125, 0.22897339, 0.4706421, 0.7123108, -0.8770752, -0.6354065, -0.3937378, -0.15206909, 0.08959961, 0.3312683, 0.572937, 0.8146057, -0.7747803, -0.5331116, -0.29144287, -0.04977417, 0.19189453, 0.43356323, 0.67523193, -0.91415405, -0.67248535, -0.43081665, -0.18914795, 0.052520752, 0.29418945, 0.53585815, 0.77752686, -0.81185913, -0.5701904, -0.32852173, -0.08685303, 0.15481567, 0.39648438, 0.6381531, 0.8798218, -0.7095642, -0.4678955, -0.2262268, 0.0154418945, 0.2571106, 0.4987793, 0.740448, -0.848938, -0.6072693, -0.3656006, -0.123931885, 0.11773682, 0.35940552, 0.6010742, 0.8427429, -0.74664307, -0.50497437, -0.26330566, -0.021636963, 0.22003174, 0.46170044, 0.70336914, -0.88601685, -0.64434814, -0.40267944, -0.16101074, 0.08065796, 0.32232666, 0.56399536, 0.80566406, -0.7837219, -0.5420532, -0.30038452, -0.05871582, 0.18295288, 0.42462158, 0.6662903, 0.907959, -0.681427, -0.4397583, -0.1980896, 0.0435791, 0.2852478, 0.5269165, 0.7685852, -0.8208008, -0.5791321, -0.33746338, -0.09579468, 0.14587402, 0.38754272, 0.6292114, 0.8708801, -0.71850586, -0.47683716, -0.23516846, 0.006500244, 0.24816895, 0.48983765, 0.73150635, -0.85787964, -0.61621094, -0.37454224, -0.13287354, 0.108795166, 0.35046387, 0.59213257, 0.83380127, -0.7555847, -0.513916, -0.2722473, -0.030578613, 0.21109009, 0.4527588, 0.6944275, -0.8949585, -0.6532898, -0.4116211, -0.1699524, 0.07171631, 0.313385, 0.5550537, 0.7967224, -0.7926636, -0.5509949, -0.30932617, -0.06765747, 0.17401123, 0.41567993, 0.65734863, 0.89901733, -0.69036865, -0.44869995, -0.20703125, 0.03463745, 0.27630615, 0.51797485, 0.75964355, -0.82974243, -0.58807373, -0.34640503, -0.10473633, 0.13693237, 0.37860107, 0.6202698, 0.8619385, -0.7274475, -0.4857788, -0.2441101, -0.0024414063, 0.2392273, 0.480896, 0.7225647, -0.8668213, -0.6251526, -0.3834839, -0.14181519, 0.099853516, 0.34152222, 0.5831909, 0.8248596, -0.76452637, -0.52285767, -0.28118896, -0.039520264, 0.20214844, 0.44381714, 0.68548584, -0.90390015, -0.66223145, -0.42056274, -0.17889404, 0.06277466, 0.30444336, 0.54611206, 0.78778076, -0.8016052, -0.5599365, -0.31826782, -0.07659912, 0.16506958, 0.40673828, 0.648407, 0.8900757, -0.6993103, -0.4576416, -0.2159729, 0.0256958, 0.2673645, 0.5090332, 0.7507019, -0.8386841, -0.5970154, -0.35534668, -0.11367798, 0.12799072, 0.36965942, 0.6113281, 0.8529968, -0.73638916, -0.49472046, -0.25305176, -0.011383057, 0.23028564, 0.47195435, 0.71362305, -0.87576294, -0.63409424, -0.39242554, -0.15075684, 0.090911865, 0.33258057, 0.57424927, 0.81591797, -0.773468, -0.5317993, -0.29013062, -0.048461914, 0.19320679, 0.4348755, 0.6765442, -0.9128418, -0.6711731, -0.4295044, -0.1878357, 0.053833008, 0.2955017, 0.5371704, 0.7788391, -0.8105469, -0.5688782, -0.32720947, -0.08554077, 0.15612793, 0.39779663, 0.63946533, 0.88113403, -0.70825195, -0.46658325, -0.22491455, 0.01675415, 0.25842285, 0.50009155, 0.74176025, -0.84762573, -0.60595703, -0.36428833, -0.12261963, 0.11904907, 0.36071777, 0.6023865, 0.8440552, -0.7453308, -0.5036621, -0.2619934, -0.020324707, 0.221344, 0.4630127, 0.7046814, -0.8847046, -0.6430359, -0.4013672, -0.15969849, 0.081970215, 0.32363892, 0.5653076, 0.8069763, -0.78240967, -0.54074097, -0.29907227, -0.057403564, 0.18426514, 0.42593384, 0.66760254, 0.90927124, -0.68011475, -0.43844604, -0.19677734, 0.044891357, 0.28656006, 0.52822876, 0.76989746, -0.8194885, -0.5778198, -0.33615112, -0.09448242, 0.14718628, 0.38885498, 0.6305237, 0.8721924, -0.7171936, -0.4755249, -0.2338562, 0.0078125, 0.2494812, 0.4911499, 0.7328186, -0.8565674, -0.6148987, -0.37322998, -0.13156128, 0.11010742, 0.35177612, 0.5934448, 0.8351135, -0.75427246, -0.51260376, -0.27093506, -0.029266357, 0.21240234, 0.45407104, 0.69573975, -0.89364624, -0.65197754, -0.41030884, -0.16864014, 0.073028564, 0.31469727, 0.55636597, 0.79803467, -0.7913513, -0.5496826, -0.30801392, -0.066345215, 0.17532349, 0.4169922, 0.6586609, 0.9003296, -0.6890564, -0.4473877, -0.205719, 0.035949707, 0.2776184, 0.5192871, 0.7609558, -0.8284302, -0.5867615, -0.34509277, -0.10342407, 0.13824463, 0.37991333, 0.62158203, 0.86325073, -0.72613525, -0.48446655, -0.24279785, -0.0011291504, 0.24053955, 0.48220825, 0.72387695, -0.86550903, -0.62384033, -0.38217163, -0.14050293, 0.10116577, 0.34283447, 0.5845032, 0.8261719, -0.7632141, -0.5215454, -0.2798767, -0.038208008, 0.2034607, 0.4451294, 0.6867981, -0.9025879, -0.6609192, -0.4192505, -0.17758179, 0.064086914, 0.30575562, 0.5474243, 0.789093, -0.80029297, -0.55862427, -0.31695557, -0.075286865, 0.16638184, 0.40805054, 0.64971924, 0.89138794, -0.69799805, -0.45632935, -0.21466064, 0.027008057, 0.26867676, 0.51034546, 0.75201416, -0.8373718, -0.5957031, -0.35403442, -0.11236572, 0.12930298, 0.37097168, 0.6126404, 0.8543091, -0.7350769, -0.4934082, -0.2517395, -0.010070801, 0.2315979, 0.4732666, 0.7149353, -0.8744507, -0.632782, -0.39111328, -0.14944458, 0.09222412, 0.33389282, 0.5755615, 0.8172302, -0.77215576, -0.53048706, -0.28881836, -0.04714966, 0.19451904, 0.43618774, 0.67785645, -0.91152954, -0.66986084, -0.42819214, -0.18652344, 0.055145264, 0.29681396, 0.53848267, 0.78015137, -0.8092346, -0.5675659, -0.32589722, -0.084228516, 0.15744019, 0.3991089, 0.6407776, 0.8824463, -0.7069397, -0.465271, -0.2236023, 0.018066406, 0.2597351, 0.5014038, 0.7430725, -0.8463135, -0.6046448, -0.36297607, -0.12130737, 0.12036133, 0.36203003, 0.60369873, 0.84536743, -0.74401855, -0.50234985, -0.26068115, -0.019012451, 0.22265625, 0.46432495, 0.70599365, -0.88339233, -0.64172363, -0.40005493, -0.15838623, 0.08328247, 0.32495117, 0.5666199, 0.8082886, -0.7810974, -0.5394287, -0.29776, -0.05609131, 0.1855774, 0.4272461, 0.6689148, 0.9105835, -0.6788025, -0.4371338, -0.19546509, 0.046203613, 0.2878723, 0.529541, 0.7712097, -0.81817627, -0.57650757, -0.33483887, -0.093170166, 0.14849854, 0.39016724, 0.63183594, 0.87350464, -0.71588135, -0.47421265, -0.23254395, 0.009124756, 0.25079346, 0.49246216, 0.73413086, -0.8552551, -0.6135864, -0.37191772, -0.13024902, 0.11141968, 0.35308838, 0.5947571, 0.8364258, -0.7529602, -0.5112915, -0.2696228, -0.027954102, 0.2137146, 0.4553833, 0.697052, -0.892334, -0.6506653, -0.40899658, -0.16732788, 0.07434082, 0.31600952, 0.5576782, 0.7993469, -0.79003906, -0.54837036, -0.30670166, -0.06503296, 0.17663574, 0.41830444, 0.65997314, 0.90164185, -0.68774414, -0.44607544, -0.20440674, 0.037261963, 0.27893066, 0.52059937, 0.76226807, -0.8271179, -0.5854492, -0.34378052, -0.10211182, 0.13955688, 0.3812256, 0.6228943, 0.864563, -0.724823, -0.4831543, -0.2414856, 0.00018310547, 0.2418518, 0.4835205, 0.7251892, -0.8641968, -0.6225281, -0.38085938, -0.13919067, 0.10247803, 0.34414673, 0.5858154, 0.82748413, -0.76190186, -0.52023315, -0.27856445, -0.036895752, 0.20477295, 0.44644165, 0.68811035, -0.90127563, -0.65960693, -0.41793823, -0.17626953, 0.06539917, 0.30706787, 0.5487366, 0.7904053, -0.7989807, -0.557312, -0.3156433, -0.07397461, 0.16769409, 0.4093628, 0.6510315, 0.8927002, -0.6966858, -0.4550171, -0.21334839, 0.028320313, 0.269989, 0.5116577, 0.7533264, -0.8360596, -0.59439087, -0.35272217, -0.11105347, 0.13061523, 0.37228394, 0.61395264, 0.85562134, -0.73376465, -0.49209595, -0.25042725, -0.008758545, 0.23291016, 0.47457886, 0.71624756, -0.8731384, -0.6314697, -0.38980103, -0.14813232, 0.09353638, 0.33520508, 0.5768738, 0.8185425, -0.7708435, -0.5291748, -0.2875061, -0.045837402, 0.1958313, 0.4375, 0.6791687, -0.9102173, -0.6685486, -0.42687988, -0.18521118, 0.05645752, 0.29812622, 0.5397949, 0.7814636, -0.80792236, -0.56625366, -0.32458496, -0.08291626, 0.15875244, 0.40042114, 0.64208984, 0.88375854, -0.70562744, -0.46395874, -0.22229004, 0.019378662, 0.26104736, 0.50271606, 0.74438477, -0.8450012, -0.6033325, -0.36166382, -0.11999512, 0.121673584, 0.3633423, 0.605011, 0.8466797, -0.7427063, -0.5010376, -0.2593689, -0.017700195, 0.2239685, 0.4656372, 0.7073059, -0.8820801, -0.6404114, -0.39874268, -0.15707397, 0.08459473, 0.32626343, 0.5679321, 0.80960083, -0.77978516, -0.53811646, -0.29644775, -0.054779053, 0.18688965, 0.42855835, 0.67022705, 0.91189575, -0.67749023, -0.43582153, -0.19415283, 0.04751587, 0.28918457, 0.5308533, 0.772522, -0.816864, -0.5751953, -0.3335266, -0.09185791, 0.14981079, 0.3914795, 0.6331482, 0.8748169, -0.7145691, -0.4729004, -0.23123169, 0.010437012, 0.2521057, 0.4937744, 0.7354431, -0.8539429, -0.61227417, -0.37060547, -0.12893677, 0.11273193, 0.35440063, 0.59606934, 0.83773804, -0.75164795, -0.50997925, -0.26831055, -0.026641846, 0.21502686, 0.45669556, 0.69836426, -0.8910217, -0.649353, -0.40768433, -0.16601563, 0.075653076, 0.31732178, 0.5589905, 0.8006592, -0.7887268, -0.5470581, -0.3053894, -0.0637207, 0.177948, 0.4196167, 0.6612854, 0.9029541, -0.6864319, -0.44476318, -0.20309448, 0.03857422, 0.28024292, 0.5219116, 0.7635803, -0.82580566, -0.58413696, -0.34246826, -0.10079956, 0.14086914, 0.38253784, 0.62420654, 0.86587524, -0.72351074, -0.48184204, -0.24017334, 0.0014953613, 0.24316406, 0.48483276, 0.72650146, -0.8628845, -0.6212158, -0.37954712, -0.13787842, 0.10379028, 0.34545898, 0.5871277, 0.8287964, -0.7605896, -0.5189209, -0.2772522, -0.035583496, 0.2060852, 0.4477539, 0.6894226, -0.8999634, -0.6582947, -0.41662598, -0.17495728, 0.066711426, 0.30838013, 0.5500488, 0.7917175, -0.79766846, -0.55599976, -0.31433105, -0.07266235, 0.16900635, 0.41067505, 0.65234375, 0.89401245, -0.69537354, -0.45370483, -0.21203613, 0.029632568, 0.27130127, 0.51297, 0.7546387, -0.8347473, -0.5930786, -0.3514099, -0.10974121, 0.13192749, 0.3735962, 0.6152649, 0.8569336, -0.7324524, -0.4907837, -0.24911499, -0.007446289, 0.23422241, 0.4758911, 0.7175598, -0.8718262, -0.6301575, -0.38848877, -0.14682007, 0.09484863, 0.33651733, 0.57818604, 0.81985474, -0.76953125, -0.52786255, -0.28619385, -0.044525146, 0.19714355, 0.43881226, 0.68048096, -0.908905, -0.6672363, -0.42556763, -0.18389893, 0.057769775, 0.29943848, 0.5411072, 0.7827759, -0.8066101, -0.5649414, -0.3232727, -0.081604004, 0.1600647, 0.4017334, 0.6434021, 0.8850708, -0.7043152, -0.46264648, -0.22097778, 0.020690918, 0.26235962, 0.5040283, 0.745697, -0.84368896, -0.60202026, -0.36035156, -0.11868286, 0.12298584, 0.36465454, 0.60632324, 0.84799194, -0.74139404, -0.49972534, -0.25805664, -0.01638794, 0.22528076, 0.46694946, 0.70861816, -0.8807678, -0.6390991, -0.39743042, 0.0, 0.0, 0.0, 0.0, 0.0, 0.0, 0.0, 0.0, 0.0, 0.0, 0.0, 0.0, 0.0, 0.0, 0.0, 0.0, 0.0, 0.0, 0.0, 0.0, 0.0, 0.0, 0.0, 0.0, 0.0, 0.0, 0.0, 0.0, 0.0, 0.0, 0.0, 0.0, 0.0, 0.0, 0.0, -0.15576172, 0.08590698, 0.32757568, 0.5692444, 0.8109131, -0.7784729, -0.5368042, -0.2951355, -0.053466797, 0.1882019, 0.4298706, 0.6715393, 0.913208, -0.676178, -0.43450928, -0.19284058, 0.048828125, 0.29049683, 0.5321655, 0.7738342, -0.81555176, -0.57388306, -0.33221436, -0.090545654, 0.15112305, 0.39279175, 0.63446045, 0.87612915, -0.71325684, -0.47158813, -0.22991943, 0.011749268, 0.25341797, 0.49508667, 0.7367554, -0.8526306, -0.6109619, -0.3692932, -0.12762451, 0.11404419, 0.3557129, 0.5973816, 0.8390503, -0.7503357, -0.508667, -0.2669983, -0.02532959, 0.21633911, 0.4580078, 0.6996765, -0.8897095, -0.6480408, -0.40637207, -0.16470337, 0.07696533, 0.31863403, 0.56030273, 0.80197144, -0.78741455, -0.54574585, -0.30407715, -0.062408447, 0.17926025, 0.42092896, 0.66259766, 0.90426636, -0.6851196, -0.44345093, -0.20178223, 0.039886475, 0.28155518, 0.5232239, 0.7648926, -0.8244934, -0.5828247, -0.341156, -0.099487305, 0.1421814, 0.3838501, 0.6255188, 0.8671875, -0.7221985, -0.4805298, -0.23886108, 0.0028076172, 0.24447632, 0.48614502, 0.7278137, -0.86157227, -0.61990356, -0.37823486, -0.13656616, 0.10510254, 0.34677124, 0.58843994, 0.83010864, -0.75927734, -0.51760864, -0.27593994, -0.03427124, 0.20739746, 0.44906616, 0.69073486, -0.8986511, -0.6569824, -0.41531372, -0.17364502, 0.06802368, 0.30969238, 0.5513611, 0.7930298, -0.7963562, -0.5546875, -0.3130188, -0.0713501, 0.1703186, 0.4119873, 0.653656, 0.8953247, -0.6940613, -0.45239258, -0.21072388, 0.030944824, 0.27261353, 0.5142822, 0.7559509, -0.83343506, -0.59176636, -0.35009766, -0.108428955, 0.13323975, 0.37490845, 0.61657715, 0.85824585, -0.73114014, -0.48947144, -0.24780273, -0.006134033, 0.23553467, 0.47720337, 0.7188721, -0.8705139, -0.6288452, -0.3871765, -0.14550781, 0.09616089, 0.3378296, 0.5794983, 0.821167, -0.768219, -0.5265503, -0.2848816, -0.04321289, 0.19845581, 0.4401245, 0.6817932, -0.9075928, -0.6659241, -0.42425537, -0.18258667, 0.05908203, 0.30075073, 0.54241943, 0.78408813, -0.80529785, -0.56362915, -0.32196045, -0.08029175, 0.16137695, 0.40304565, 0.64471436, 0.88638306, -0.7030029, -0.46133423, -0.21966553, 0.022003174, 0.26367188, 0.5053406, 0.7470093, -0.8423767, -0.600708, -0.3590393, -0.117370605, 0.124298096, 0.3659668, 0.6076355, 0.8493042, -0.7400818, -0.4984131, -0.25674438, -0.015075684, 0.22659302, 0.46826172, 0.7099304, -0.87945557, -0.63778687, -0.39611816, -0.15444946, 0.08721924, 0.32888794, 0.57055664, 0.81222534, -0.77716064, -0.53549194, -0.29382324, -0.05215454, 0.18951416, 0.43118286, 0.67285156, 0.91452026, -0.6748657, -0.43319702, -0.19152832, 0.05014038, 0.29180908, 0.5334778, 0.7751465, -0.8142395, -0.5725708, -0.3309021, -0.0892334, 0.1524353, 0.394104, 0.6357727, 0.8774414, -0.7119446, -0.47027588, -0.22860718, 0.013061523, 0.25473022, 0.49639893, 0.7380676, -0.85131836, -0.60964966, -0.36798096, -0.12631226, 0.115356445, 0.35702515, 0.59869385, 0.84036255, -0.74902344, -0.50735474, -0.26568604, -0.024017334, 0.21765137, 0.45932007, 0.70098877, -0.8883972, -0.6467285, -0.4050598, -0.16339111, 0.07827759, 0.3199463, 0.561615, 0.8032837, -0.7861023, -0.5444336, -0.3027649, -0.06109619, 0.18057251, 0.4222412, 0.6639099, 0.9055786, -0.6838074, -0.44213867, -0.20046997, 0.04119873, 0.28286743, 0.52453613, 0.76620483, -0.82318115, -0.58151245, -0.33984375, -0.09817505, 0.14349365, 0.38516235, 0.62683105, 0.86849976, -0.72088623, -0.47921753, -0.23754883, 0.004119873, 0.24578857, 0.48745728, 0.729126, -0.86026, -0.6185913, -0.3769226, -0.1352539, 0.106414795, 0.3480835, 0.5897522, 0.8314209, -0.7579651, -0.5162964, -0.2746277, -0.032958984, 0.20870972, 0.45037842, 0.6920471, -0.89733887, -0.65567017, -0.41400146, -0.17233276, 0.06933594, 0.31100464, 0.55267334, 0.79434204, -0.79504395, -0.55337524, -0.31170654, -0.07003784, 0.17163086, 0.41329956, 0.65496826, 0.89663696, -0.692749, -0.45108032, -0.20941162, 0.03225708, 0.27392578, 0.5155945, 0.7572632, -0.8321228, -0.5904541, -0.3487854, -0.1071167, 0.134552, 0.3762207, 0.6178894, 0.8595581, -0.7298279, -0.48815918, -0.24649048, -0.0048217773, 0.23684692, 0.47851563, 0.7201843, -0.86920166, -0.62753296, -0.38586426, -0.14419556, 0.097473145, 0.33914185, 0.58081055, 0.82247925, -0.76690674, -0.52523804, -0.28356934, -0.041900635, 0.19976807, 0.44143677, 0.68310547, -0.9062805, -0.6646118, -0.42294312, -0.18127441, 0.060394287, 0.302063, 0.5437317, 0.7854004, -0.8039856, -0.5623169, -0.3206482, -0.07897949, 0.16268921, 0.4043579, 0.6460266, 0.8876953, -0.7016907, -0.46002197, -0.21835327, 0.02331543, 0.26498413, 0.50665283, 0.74832153, -0.84106445, -0.59939575, -0.35772705, -0.11605835, 0.12561035, 0.36727905, 0.60894775, 0.85061646, -0.73876953, -0.49710083, -0.25543213, -0.013763428, 0.22790527, 0.46957397, 0.7112427, -0.8781433, -0.6364746, -0.3948059, -0.1531372, 0.088531494, 0.3302002, 0.5718689, 0.8135376, -0.7758484, -0.5341797, -0.292511, -0.050842285, 0.19082642, 0.43249512, 0.6741638, -0.91522217, -0.67355347, -0.43188477, -0.19021606, 0.051452637, 0.29312134, 0.53479004, 0.77645874, -0.81292725, -0.57125854, -0.32958984, -0.08792114, 0.15374756, 0.39541626, 0.63708496, 0.87875366, -0.7106323, -0.46896362, -0.22729492, 0.014373779, 0.25604248, 0.49771118, 0.7393799, -0.8500061, -0.6083374, -0.3666687, -0.125, 0.1166687, 0.3583374, 0.6000061, 0.8416748, -0.7477112, -0.5060425, -0.26437378, -0.022705078, 0.21896362, 0.46063232, 0.702301, -0.88708496, -0.64541626, -0.40374756, -0.16207886, 0.079589844, 0.32125854, 0.56292725, 0.80459595, -0.78479004, -0.54312134, -0.30145264, -0.059783936, 0.18188477, 0.42355347, 0.66522217, 0.90689087, -0.6824951, -0.44082642, -0.19915771, 0.042510986, 0.2841797, 0.5258484, 0.7675171, -0.8218689, -0.5802002, -0.3385315, -0.09686279, 0.14480591, 0.3864746, 0.6281433, 0.869812, -0.719574, -0.47790527, -0.23623657, 0.005432129, 0.24710083, 0.48876953, 0.73043823, -0.85894775, -0.61727905, -0.37561035, -0.13394165, 0.10772705, 0.34939575, 0.59106445, 0.83273315, -0.75665283, -0.51498413, -0.27331543, -0.03164673, 0.21002197, 0.45169067, 0.6933594, -0.8960266, -0.6543579, -0.4126892, -0.17102051, 0.07064819, 0.3123169, 0.5539856, 0.7956543, -0.7937317, -0.552063, -0.3103943, -0.068725586, 0.17294312, 0.41461182, 0.6562805, 0.8979492, -0.69143677, -0.44976807, -0.20809937, 0.033569336, 0.27523804, 0.51690674, 0.75857544, -0.83081055, -0.58914185, -0.34747314, -0.10580444, 0.13586426, 0.37753296, 0.61920166, 0.86087036, -0.7285156, -0.48684692, -0.24517822, -0.0035095215, 0.23815918, 0.47982788, 0.7214966, -0.8678894, -0.6262207, -0.384552, -0.1428833, 0.0987854, 0.3404541, 0.5821228, 0.8237915, -0.7655945, -0.5239258, -0.28225708, -0.04058838, 0.20108032, 0.44274902, 0.6844177, -0.90496826, -0.66329956, -0.42163086, -0.17996216, 0.061706543, 0.30337524, 0.54504395, 0.78671265, -0.80267334, -0.56100464, -0.31933594, -0.07766724, 0.16400146, 0.40567017, 0.64733887, 0.88900757, -0.7003784, -0.45870972, -0.21704102, 0.024627686, 0.2662964, 0.5079651, 0.7496338, -0.8397522, -0.5980835, -0.3564148, -0.114746094, 0.1269226, 0.3685913, 0.61026, 0.8519287, -0.7374573, -0.49578857, -0.25411987, -0.012451172, 0.22921753, 0.47088623, 0.71255493, -0.87683105, -0.63516235, -0.39349365, -0.15182495, 0.08984375, 0.33151245, 0.57318115, 0.81484985, -0.77453613, -0.53286743, -0.29119873, -0.04953003, 0.19213867, 0.43380737, 0.6754761, -0.9139099, -0.6722412, -0.4305725, -0.18890381, 0.052764893, 0.2944336, 0.5361023, 0.777771, -0.811615, -0.5699463, -0.3282776, -0.08660889, 0.15505981, 0.39672852, 0.6383972, 0.8800659, -0.70932007, -0.46765137, -0.22598267, 0.015686035, 0.25735474, 0.49902344, 0.74069214, -0.84869385, -0.60702515, -0.36535645, -0.123687744, 0.11798096, 0.35964966, 0.60131836, 0.84298706, -0.7463989, -0.5047302, -0.26306152, -0.021392822, 0.22027588, 0.46194458, 0.7036133, -0.8857727, -0.644104, -0.4024353, -0.1607666, 0.0809021, 0.3225708, 0.5642395, 0.8059082, -0.7834778, -0.5418091, -0.30014038, -0.05847168, 0.18319702, 0.42486572, 0.6665344, 0.9082031, -0.68118286, -0.43951416, -0.19784546, 0.043823242, 0.28549194, 0.52716064, 0.76882935, -0.82055664, -0.57888794, -0.33721924, -0.09555054, 0.14611816, 0.38778687, 0.62945557, 0.87112427, -0.7182617, -0.47659302, -0.23492432, 0.0067443848, 0.24841309, 0.4900818, 0.7317505, -0.8576355, -0.6159668, -0.3742981, -0.1326294, 0.10903931, 0.350708, 0.5923767, 0.8340454, -0.7553406, -0.5136719, -0.27200317, -0.030334473, 0.21133423, 0.45300293, 0.69467163, -0.89471436, -0.65304565, -0.41137695, -0.16970825, 0.07196045, 0.31362915, 0.55529785, 0.79696655, -0.79241943, -0.55075073, -0.30908203, -0.06741333, 0.17425537, 0.41592407, 0.6575928, 0.8992615, -0.6901245, -0.4484558, -0.20678711, 0.03488159, 0.2765503, 0.518219, 0.7598877, -0.8294983, -0.5878296, -0.3461609, -0.10449219, 0.13717651, 0.3788452, 0.6205139, 0.8621826, -0.72720337, -0.48553467, -0.24386597, -0.0021972656, 0.23947144, 0.48114014, 0.72280884, -0.86657715, -0.62490845, -0.38323975, -0.14157104, 0.100097656, 0.34176636, 0.58343506, 0.82510376, -0.7642822, -0.5226135, -0.28094482, -0.039276123, 0.20239258, 0.44406128, 0.68573, -0.903656, -0.6619873, -0.4203186, -0.1786499, 0.0630188, 0.3046875, 0.5463562, 0.7880249, -0.8013611, -0.5596924, -0.31802368, -0.07635498, 0.16531372, 0.40698242, 0.6486511, 0.8903198, -0.69906616, -0.45739746, -0.21572876, 0.025939941, 0.26760864, 0.50927734, 0.75094604, -0.83843994, -0.59677124, -0.35510254, -0.11343384, 0.12823486, 0.36990356, 0.61157227, 0.85324097, -0.736145, -0.49447632, -0.25280762, -0.011138916, 0.23052979, 0.4721985, 0.7138672, -0.8755188, -0.6338501, -0.3921814, -0.1505127, 0.091156006, 0.3328247, 0.5744934, 0.8161621, -0.7732239, -0.5315552, -0.28988647, -0.048217773, 0.19345093, 0.43511963, 0.67678833, -0.91259766, -0.67092896, -0.42926025, -0.18759155, 0.05407715, 0.29574585, 0.53741455, 0.77908325, -0.81030273, -0.56863403, -0.32696533, -0.08529663, 0.15637207, 0.39804077, 0.6397095, 0.8813782, -0.7080078, -0.4663391, -0.22467041, 0.016998291, 0.258667, 0.5003357, 0.7420044, -0.8473816, -0.6057129, -0.3640442, -0.12237549, 0.11929321, 0.3609619, 0.6026306, 0.8442993, -0.74508667, -0.50341797, -0.26174927, -0.020080566, 0.22158813, 0.46325684, 0.70492554, -0.88446045, -0.64279175, -0.40112305, -0.15945435, 0.082214355, 0.32388306, 0.56555176, 0.80722046, -0.7821655, -0.5404968, -0.29882813, -0.057159424, 0.18450928, 0.42617798, 0.6678467, 0.9095154, -0.6798706, -0.4382019, -0.1965332, 0.045135498, 0.2868042, 0.5284729, 0.7701416, -0.8192444, -0.5775757, -0.33590698, -0.09423828, 0.14743042, 0.38909912, 0.6307678, 0.8724365, -0.71694946, -0.47528076, -0.23361206, 0.008056641, 0.24972534, 0.49139404, 0.73306274, -0.85632324, -0.61465454, -0.37298584, -0.13131714, 0.11035156, 0.35202026, 0.59368896, 0.83535767, -0.7540283, -0.5123596, -0.27069092, -0.029022217, 0.21264648, 0.4543152, 0.6959839, -0.8934021, -0.6517334, -0.4100647, -0.168396, 0.073272705, 0.3149414, 0.5566101, 0.7982788, -0.7911072, -0.5494385, -0.30776978, -0.066101074, 0.17556763, 0.41723633, 0.658905, 0.90057373, -0.68881226, -0.44714355, -0.20547485, 0.036193848, 0.27786255, 0.51953125, 0.76119995, -0.82818604, -0.58651733, -0.34484863, -0.10317993, 0.13848877, 0.38015747, 0.6218262, 0.8634949, -0.7258911, -0.4842224, -0.24255371, -0.00088500977, 0.24078369, 0.4824524, 0.7241211, -0.8652649, -0.6235962, -0.3819275, -0.14025879, 0.10140991, 0.3430786, 0.5847473, 0.826416, -0.76297, -0.52130127, -0.27963257, -0.037963867, 0.20370483, 0.44537354, 0.68704224, -0.90234375, -0.66067505, -0.41900635, -0.17733765, 0.064331055, 0.30599976, 0.54766846, 0.78933716, -0.8000488, -0.5583801, -0.31671143, -0.075042725, 0.16662598, 0.40829468, 0.6499634, 0.8916321, -0.6977539, -0.4560852, -0.2144165, 0.027252197, 0.2689209, 0.5105896, 0.7522583, -0.8371277, -0.595459, -0.35379028, -0.11212158, 0.12954712, 0.37121582, 0.6128845, 0.8545532, -0.73483276, -0.49316406, -0.25149536, -0.00982666, 0.23184204, 0.47351074, 0.71517944, -0.87420654, -0.63253784, -0.39086914, -0.14920044, 0.09246826, 0.33413696, 0.57580566, 0.81747437, -0.7719116, -0.5302429, -0.28857422, -0.046905518, 0.19476318, 0.43643188, 0.6781006, -0.9112854, -0.6696167, -0.427948, -0.1862793, 0.055389404, 0.2970581, 0.5387268, 0.7803955, -0.8089905, -0.5673218, -0.32565308, -0.083984375, 0.15768433, 0.39935303, 0.6410217, 0.8826904, -0.70669556, 0.12060547, 0.36227417, 0.6039429, 0.8456116, -0.7437744, -0.5021057, -0.260437, -0.01876831, 0.22290039, 0.4645691, 0.7062378, -0.8831482, -0.6414795, -0.3998108, -0.15814209, 0.08352661, 0.3251953, 0.566864, 0.8085327, -0.7808533, -0.5391846, -0.29751587, -0.055847168, 0.18582153, 0.42749023, 0.66915894, 0.91082764, -0.67855835, -0.43688965, -0.19522095, 0.046447754, 0.28811646, 0.52978516, 0.77145386, -0.8179321, -0.5762634, -0.33459473, -0.092926025, 0.14874268, 0.39041138, 0.6320801, 0.8737488, -0.7156372, -0.4739685, -0.2322998, 0.0093688965, 0.2510376, 0.4927063, 0.734375, -0.855011, -0.6133423, -0.37167358, -0.13000488, 0.11166382, 0.35333252, 0.5950012, 0.8366699, -0.75271606, -0.51104736, -0.26937866, -0.027709961, 0.21395874, 0.45562744, 0.69729614, -0.89208984, -0.65042114, -0.40875244, -0.16708374, 0.07458496, 0.31625366, 0.55792236, 0.79959106, -0.7897949, -0.5481262, -0.30645752, -0.06478882, 0.17687988, 0.41854858, 0.6602173, 0.901886, -0.6875, -0.4458313, -0.2041626, 0.037506104, 0.2791748, 0.5208435, 0.7625122, -0.8268738, -0.5852051, -0.34353638, -0.101867676, 0.13980103, 0.38146973, 0.6231384, 0.8648071, -0.72457886, -0.48291016, -0.24124146, 0.0004272461, 0.24209595, 0.48376465, 0.72543335, -0.86395264, -0.62228394, -0.38061523, -0.13894653, 0.10272217, 0.34439087, 0.5860596, 0.8277283, -0.7616577, -0.519989, -0.2783203, -0.03665161, 0.20501709, 0.4466858, 0.6883545, -0.9010315, -0.6593628, -0.4176941, -0.17602539, 0.06564331, 0.307312, 0.5489807, 0.7906494, -0.7987366, -0.5570679, -0.31539917, -0.07373047, 0.16793823, 0.40960693, 0.65127563, 0.89294434, -0.69644165, -0.45477295, -0.21310425, 0.028564453, 0.27023315, 0.51190186, 0.75357056, -0.8358154, -0.5941467, -0.35247803, -0.110809326, 0.13085938, 0.37252808, 0.6141968, 0.8558655, -0.7335205, -0.4918518, -0.2501831, -0.008514404, 0.2331543, 0.474823, 0.7164917, -0.8728943, -0.6312256, -0.38955688, -0.14788818, 0.09378052, 0.33544922, 0.5771179, 0.8187866, -0.77059937, -0.52893066, -0.28726196, -0.04559326, 0.19607544, 0.43774414, 0.67941284, -0.90997314, -0.66830444, -0.42663574, -0.18496704, 0.05670166, 0.29837036, 0.54003906, 0.78170776, -0.8076782, -0.5660095, -0.32434082, -0.08267212, 0.15899658, 0.40066528, 0.642334, 0.8840027, -0.7053833, -0.4637146, -0.2220459, 0.019622803, 0.2612915, 0.5029602, 0.7446289, -0.8447571, -0.6030884, -0.36141968, -0.11975098, 0.121917725, 0.36358643, 0.6052551, 0.8469238, -0.74246216, -0.50079346, -0.25912476, -0.017456055, 0.22421265, 0.46588135, 0.70755005, -0.88183594, -0.64016724, -0.39849854, -0.15682983, 0.08483887, 0.32650757, 0.56817627, 0.809845, -0.779541, -0.5378723, -0.2962036, -0.054534912, 0.18713379, 0.4288025, 0.6704712, 0.9121399, -0.6772461, -0.4355774, -0.19390869, 0.04776001, 0.2894287, 0.5310974, 0.7727661, -0.8166199, -0.5749512, -0.33328247, -0.09161377, 0.15005493, 0.39172363, 0.63339233, 0.87506104, -0.71432495, -0.47265625, -0.23098755, 0.010681152, 0.25234985, 0.49401855, 0.73568726, -0.85369873, -0.61203, -0.37036133, -0.12869263, 0.112976074, 0.35464478, 0.5963135, 0.8379822, -0.7514038, -0.5097351, -0.2680664, -0.026397705, 0.215271, 0.4569397, 0.6986084, -0.8907776, -0.6491089, -0.4074402, -0.16577148, 0.07589722, 0.31756592, 0.5592346, 0.8009033, -0.78848267, -0.54681396, -0.30514526, -0.06347656, 0.17819214, 0.41986084, 0.66152954, 0.90319824, -0.68618774, -0.44451904, -0.20285034, 0.03881836, 0.28048706, 0.52215576, 0.76382446, -0.8255615, -0.5838928, -0.34222412, -0.10055542, 0.14111328, 0.38278198, 0.6244507, 0.8661194, -0.7232666, -0.4815979, -0.2399292, 0.001739502, 0.2434082, 0.4850769, 0.7267456, -0.8626404, -0.6209717, -0.37930298, -0.13763428, 0.104034424, 0.34570313, 0.5873718, 0.8290405, -0.76034546, -0.51867676, -0.27700806, -0.035339355, 0.20632935, 0.44799805, 0.68966675, -0.89971924, -0.65805054, -0.41638184, -0.17471313, 0.06695557, 0.30862427, 0.55029297, 0.79196167, -0.7974243, -0.5557556, -0.3140869, -0.07241821, 0.16925049, 0.4109192, 0.6525879, 0.8942566, -0.6951294, -0.4534607, -0.21179199, 0.029876709, 0.2715454, 0.5132141, 0.7548828, -0.8345032, -0.5928345, -0.35116577, -0.10949707, 0.13217163, 0.37384033, 0.61550903, 0.85717773, -0.73220825, -0.49053955, -0.24887085, -0.0072021484, 0.23446655, 0.47613525, 0.71780396, -0.87158203, -0.62991333, -0.38824463, -0.14657593, 0.09509277, 0.33676147, 0.5784302, 0.8200989, -0.7692871, -0.5276184, -0.2859497, -0.044281006, 0.1973877, 0.4390564, 0.6807251, -0.9086609, -0.6669922, -0.4253235, -0.18365479, 0.058013916, 0.29968262, 0.5413513, 0.78302, -0.80636597, -0.56469727, -0.32302856, -0.08135986, 0.16030884, 0.40197754, 0.64364624, 0.88531494, -0.70407104, -0.46240234, -0.22073364, 0.020935059, 0.26260376, 0.50427246, 0.74594116, -0.8434448, -0.6017761, -0.36010742, -0.11843872, 0.12322998, 0.36489868, 0.6065674, 0.8482361, -0.7411499, -0.4994812, -0.2578125, -0.016143799, 0.2255249, 0.4671936, 0.7088623, -0.8805237, -0.638855, -0.39718628, -0.15551758, 0.08615112, 0.32781982, 0.5694885, 0.8111572, -0.77822876, -0.53656006, -0.29489136, -0.053222656, 0.18844604, 0.43011475, 0.67178345, 0.91345215, -0.67593384, -0.43426514, -0.19259644, 0.049072266, 0.29074097, 0.53240967, 0.77407837, -0.8153076, -0.5736389, -0.3319702, -0.09030151, 0.15136719, 0.3930359, 0.6347046, 0.8763733, -0.7130127, -0.471344, -0.2296753, 0.011993408, 0.2536621, 0.4953308, 0.7369995, -0.8523865, -0.6107178, -0.36904907, -0.12738037, 0.11428833, 0.35595703, 0.59762573, 0.83929443, -0.75009155, -0.50842285, -0.26675415, -0.02508545, 0.21658325, 0.45825195, 0.69992065, -0.88946533, -0.64779663, -0.40612793, -0.16445923, 0.07720947, 0.31887817, 0.5605469, 0.8022156, -0.7871704, -0.5455017, -0.303833, -0.062164307, 0.1795044, 0.4211731, 0.6628418, 0.9045105, -0.6848755, -0.4432068, -0.20153809, 0.040130615, 0.28179932, 0.523468, 0.7651367, -0.82424927, -0.58258057, -0.34091187, -0.099243164, 0.14242554, 0.38409424, 0.62576294, 0.86743164, -0.72195435, -0.48028564, -0.23861694, 0.0030517578, 0.24472046, 0.48638916, 0.72805786, -0.8613281, -0.6196594, -0.37799072, -0.13632202, 0.10534668, 0.34701538, 0.5886841, 0.8303528, -0.7590332, -0.5173645, -0.2756958, -0.0340271, 0.2076416, 0.4493103, 0.690979, -0.898407, -0.6567383, -0.41506958, -0.17340088, 0.06826782, 0.30993652, 0.5516052, 0.7932739, -0.79611206, -0.55444336, -0.31277466, -0.07110596, 0.17056274, 0.41223145, 0.65390015, 0.89556885, -0.69381714, -0.45214844, -0.21047974, 0.031188965, 0.27285767, 0.51452637, 0.75619507, -0.8331909, -0.5915222, -0.34985352, -0.108184814, 0.13348389, 0.3751526, 0.6168213, 0.85849, -0.730896, -0.4892273, -0.2475586, -0.0058898926, 0.23577881, 0.4774475, 0.7191162, -0.8702698, -0.6286011, -0.38693237, -0.14526367, 0.09640503, 0.33807373, 0.57974243, 0.82141113, -0.76797485, -0.52630615, -0.28463745, -0.04296875, 0.19869995, 0.44036865, 0.68203735, -0.90734863, -0.66567993, -0.42401123, -0.18234253, 0.059326172, 0.30099487, 0.5426636, 0.7843323, -0.8050537, -0.563385, -0.3217163, -0.08004761, 0.1616211, 0.4032898, 0.6449585, 0.8866272, -0.7027588, -0.4610901, -0.21942139, 0.022247314, 0.26391602, 0.5055847, 0.7472534, -0.84213257, -0.60046387, -0.35879517, -0.117126465, 0.12454224, 0.36621094, 0.60787964, 0.84954834, -0.73983765, -0.49816895, -0.25650024, -0.014831543, 0.22683716, 0.46850586, 0.71017456, -0.8792114, -0.6375427, -0.39587402, -0.15420532, 0.08746338, 0.32913208, 0.5708008, 0.8124695, -0.7769165, -0.5352478, -0.2935791, -0.0519104, 0.1897583, 0.431427, 0.6730957, 0.9147644, -0.6746216, -0.43295288, -0.19128418, 0.05038452, 0.29205322, 0.5337219, 0.7753906, -0.81399536, -0.57232666, -0.33065796, -0.08898926, 0.15267944, 0.39434814, 0.63601685, 0.87768555, -0.71170044, -0.47003174, -0.22836304, 0.013305664, 0.25497437, 0.49664307, 0.73831177, -0.8510742, -0.6094055, -0.36773682, -0.12606812, 0.115600586, 0.3572693, 0.598938, 0.8406067, -0.7487793, -0.5071106, -0.2654419, -0.023773193, 0.21789551, 0.4595642, 0.7012329, -0.8881531, -0.6464844, -0.40481567, -0.16314697, 0.07852173, 0.32019043, 0.56185913, 0.80352783, -0.78585815, -0.54418945, -0.30252075, -0.06085205, 0.18081665, 0.42248535, 0.66415405, 0.90582275, -0.68356323, -0.44189453, -0.20022583, 0.04144287, 0.28311157, 0.5247803, 0.766449, -0.822937, -0.5812683, -0.3395996, -0.09793091, 0.1437378, 0.3854065, 0.6270752, 0.8687439, -0.7206421, -0.4789734, -0.23730469, 0.0043640137, 0.24603271, 0.48770142, 0.7293701, -0.86001587, -0.61834717, -0.37667847, -0.13500977, 0.106658936, 0.34832764, 0.58999634, 0.83166504, -0.75772095, -0.51605225, -0.27438354, -0.032714844, 0.20895386, 0.45062256, 0.69229126, -0.8970947, -0.655426, -0.41375732, -0.17208862, 0.06958008, 0.31124878, 0.5529175, 0.7945862, -0.7947998, -0.5531311, -0.3114624, -0.0697937, 0.171875, 0.4135437, 0.6552124, 0.8968811, -0.6925049, -0.45083618, -0.20916748, 0.03250122, 0.27416992, 0.5158386, 0.7575073, -0.83187866, -0.59020996, -0.34854126, -0.10687256, 0.13479614, 0.37646484, 0.61813354, 0.85980225, -0.72958374, -0.48791504, -0.24624634, -0.0045776367, 0.23709106, 0.47875977, 0.72042847, -0.8689575, -0.6272888, -0.38562012, -0.14395142, 0.097717285, 0.339386, 0.5810547, 0.8227234, -0.7666626, -0.5249939, -0.2833252, -0.041656494, 0.2000122, 0.4416809, 0.6833496, -0.9060364, -0.6643677, -0.42269897, -0.18103027, 0.060638428, 0.30230713, 0.54397583, 0.78564453, -0.80374146, -0.56207275, -0.32040405, -0.07873535, 0.16293335, 0.40460205, 0.64627075, 0.88793945, -0.70144653, -0.45977783, -0.21810913, 0.02355957, 0.26522827, 0.506897, 0.7485657, -0.8408203, -0.5991516, -0.3574829, -0.11581421, 0.12585449, 0.3675232, 0.6091919, 0.8508606, -0.7385254, -0.4968567, -0.255188, -0.013519287, 0.22814941, 0.46981812, 0.7114868, -0.87789917, -0.63623047, -0.39456177, -0.15289307, 0.088775635, 0.33044434, 0.57211304, 0.81378174, -0.77560425, -0.53393555, -0.29226685, -0.050598145, 0.19107056, 0.43273926, 0.67440796, -0.914978, -0.6733093, -0.43164063, -0.18997192, 0.051696777, 0.29336548, 0.5350342, 0.7767029, -0.8126831, -0.5710144, -0.3293457, -0.087677, 0.1539917, 0.3956604, 0.6373291, 0.8789978, -0.7103882, -0.46871948, -0.22705078, 0.01461792, 0.25628662, 0.49795532, 0.739624, -0.84976196, -0.60809326, -0.36642456, -0.12475586, 0.11691284, 0.35858154, 0.60025024, 0.84191895, -0.74746704, -0.50579834, -0.26412964, -0.022460938, 0.21920776, 0.46087646, 0.70254517, -0.8868408, -0.6451721, -0.40350342, -0.16183472, 0.079833984, 0.3215027, 0.5631714, 0.8048401, -0.7845459, -0.5428772, -0.3012085, -0.059539795, 0.1821289, 0.4237976, 0.6654663, 0.907135, -0.682251, -0.44058228, -0.19891357, 0.042755127, 0.28442383, 0.5260925, 0.76776123, -0.82162476, -0.57995605, -0.33828735, -0.09661865, 0.14505005, 0.38671875, 0.62838745, 0.87005615, -0.71932983, -0.47766113, -0.23599243, 0.0056762695, 0.24734497, 0.48901367, 0.7306824, -0.8587036, -0.6170349, -0.3753662, -0.13369751, 0.10797119, 0.3496399, 0.5913086, 0.8329773, -0.7564087, -0.51474, -0.2730713, -0.031402588, 0.21026611, 0.4519348, 0.6936035, -0.8957825, -0.65411377, -0.41244507, -0.17077637, 0.070892334, 0.31256104, 0.55422974, 0.79589844, -0.79348755, -0.55181885, -0.31015015, -0.068481445, 0.17318726, 0.41485596, 0.65652466, 0.89819336, -0.6911926, -0.44952393, -0.20785522, 0.033813477, 0.27548218, 0.5171509, 0.7588196, -0.8305664, -0.5888977, -0.347229, -0.1055603, 0.1361084, 0.3777771, 0.6194458, 0.8611145, -0.7282715, -0.48660278, -0.24493408, -0.0032653809, 0.23840332, 0.48007202, 0.7217407, -0.86764526, -0.62597656, -0.38430786, -0.14263916, 0.09902954, 0.34069824, 0.58236694, 0.82403564, -0.76535034, -0.52368164, -0.28201294, -0.04034424, 0.20132446, 0.44299316, 0.68466187, -0.9047241, -0.6630554, -0.42138672, -0.17971802, 0.061950684, 0.30361938, 0.5452881, 0.7869568, -0.8024292, -0.5607605, -0.3190918, -0.077423096, 0.1642456, 0.4059143, 0.647583, 0.8892517, -0.7001343, -0.45846558, -0.21679688, 0.024871826, 0.26654053, 0.5082092, 0.7498779, -0.83950806, -0.59783936, -0.35617065, -0.11450195, 0.12716675, 0.36883545, 0.61050415, 0.85217285, -0.73721313, -0.49554443, -0.25387573, -0.012207031, 0.22946167, 0.47113037, 0.7127991, -0.8765869, -0.6349182, -0.3932495, -0.15158081, 0.09008789, 0.3317566, 0.5734253, 0.815094, -0.774292, -0.5326233, -0.2909546, -0.04928589, 0.19238281, 0.4340515, 0.6757202, -0.9136658, -0.6719971, -0.43032837, 0.39697266, 0.63864136, 0.88031006, -0.7090759, -0.46740723, -0.22573853, 0.015930176, 0.25759888, 0.49926758, 0.7409363, -0.8484497, -0.606781, -0.3651123, -0.1234436, 0.1182251, 0.3598938, 0.6015625, 0.8432312, -0.7461548, -0.5044861, -0.26281738, -0.021148682, 0.22052002, 0.46218872, 0.7038574, -0.88552856, -0.64385986, -0.40219116, -0.16052246, 0.08114624, 0.32281494, 0.56448364, 0.80615234, -0.78323364, -0.54156494, -0.29989624, -0.05822754, 0.18344116, 0.42510986, 0.66677856, 0.90844727, -0.6809387, -0.43927002, -0.19760132, 0.044067383, 0.28573608, 0.5274048, 0.7690735, -0.8203125, -0.5786438, -0.3369751, -0.0953064, 0.1463623, 0.388031, 0.6296997, 0.8713684, -0.7180176, -0.47634888, -0.23468018, 0.0069885254, 0.24865723, 0.49032593, 0.7319946, -0.85739136, -0.61572266, -0.37405396, -0.13238525, 0.10928345, 0.35095215, 0.59262085, 0.83428955, -0.75509644, -0.51342773, -0.27175903, -0.030090332, 0.21157837, 0.45324707, 0.6949158, -0.8944702, -0.6528015, -0.4111328, -0.16946411, 0.07220459, 0.3138733, 0.555542, 0.7972107, -0.7921753, -0.5505066, -0.3088379, -0.06716919, 0.17449951, 0.4161682, 0.6578369, 0.8995056, -0.6898804, -0.44821167, -0.20654297, 0.035125732, 0.27679443, 0.51846313, 0.76013184, -0.82925415, -0.58758545, -0.34591675, -0.10424805, 0.13742065, 0.37908936, 0.62075806, 0.86242676, -0.7269592, -0.48529053, -0.24362183, -0.001953125, 0.23971558, 0.48138428, 0.723053, -0.866333, -0.6246643, -0.3829956, -0.1413269, 0.1003418, 0.3420105, 0.5836792, 0.8253479, -0.7640381, -0.5223694, -0.28070068, -0.039031982, 0.20263672, 0.44430542, 0.6859741, -0.90341187, -0.66174316, -0.42007446, -0.17840576, 0.06326294, 0.30493164, 0.54660034, 0.78826904, -0.80111694, -0.55944824, -0.31777954, -0.07611084, 0.16555786, 0.40722656, 0.64889526, 0.89056396, -0.698822, -0.45715332, -0.21548462, 0.026184082, 0.26785278, 0.5095215, 0.7511902, -0.8381958, -0.5965271, -0.3548584, -0.1131897, 0.128479, 0.3701477, 0.6118164, 0.8534851, -0.7359009, -0.49423218, -0.25256348, -0.010894775, 0.23077393, 0.47244263, 0.7141113, -0.87527466, -0.63360596, -0.39193726, -0.15026855, 0.09140015, 0.33306885, 0.57473755, 0.81640625, -0.77297974, -0.53131104, -0.28964233, -0.047973633, 0.19369507, 0.43536377, 0.6770325, -0.9123535, -0.6706848, -0.4290161, -0.18734741, 0.05432129, 0.29599, 0.5376587, 0.7793274, -0.8100586, -0.5683899, -0.3267212, -0.08505249, 0.15661621, 0.3982849, 0.6399536, 0.8816223, -0.7077637, -0.46609497, -0.22442627, 0.017242432, 0.25891113, 0.50057983, 0.74224854, -0.84713745, -0.60546875, -0.36380005, -0.12213135, 0.11953735, 0.36120605, 0.60287476, 0.84454346, -0.7448425, -0.5031738, -0.26150513, -0.019836426, 0.22183228, 0.46350098, 0.7051697, -0.8842163, -0.6425476, -0.4008789, -0.1592102, 0.082458496, 0.3241272, 0.5657959, 0.8074646, -0.7819214, -0.5402527, -0.29858398, -0.056915283, 0.18475342, 0.42642212, 0.6680908, 0.9097595, -0.67962646, -0.43795776, -0.19628906, 0.04537964, 0.28704834, 0.52871704, 0.77038574, -0.81900024, -0.57733154, -0.33566284, -0.09399414, 0.14767456, 0.38934326, 0.63101196, 0.87268066, -0.7167053, -0.47503662, -0.23336792, 0.008300781, 0.24996948, 0.49163818, 0.7333069, -0.8560791, -0.6144104, -0.3727417, -0.131073, 0.1105957, 0.3522644, 0.5939331, 0.8356018, -0.7537842, -0.5121155, -0.27044678, -0.028778076, 0.21289063, 0.45455933, 0.696228, -0.89315796, -0.65148926, -0.40982056, -0.16815186, 0.073516846, 0.31518555, 0.55685425, 0.79852295, -0.79086304, -0.54919434, -0.30752563, -0.06585693, 0.17581177, 0.41748047, 0.65914917, 0.9008179, -0.6885681, -0.4468994, -0.20523071, 0.03643799, 0.2781067, 0.5197754, 0.7614441, -0.8279419, -0.5862732, -0.3446045, -0.10293579, 0.13873291, 0.3804016, 0.6220703, 0.863739, -0.725647, -0.48397827, -0.24230957, -0.00064086914, 0.24102783, 0.48269653, 0.72436523, -0.86502075, -0.62335205, -0.38168335, -0.14001465, 0.10165405, 0.34332275, 0.58499146, 0.82666016, -0.76272583, -0.5210571, -0.27938843, -0.037719727, 0.20394897, 0.44561768, 0.6872864, -0.9020996, -0.6604309, -0.4187622, -0.1770935, 0.064575195, 0.3062439, 0.5479126, 0.7895813, -0.7998047, -0.558136, -0.3164673, -0.074798584, 0.16687012, 0.40853882, 0.6502075, 0.8918762, -0.69750977, -0.45584106, -0.21417236, 0.027496338, 0.26916504, 0.51083374, 0.75250244, -0.83688354, -0.59521484, -0.35354614, -0.11187744, 0.12979126, 0.37145996, 0.61312866, 0.85479736, -0.7345886, -0.49291992, -0.25125122, -0.0095825195, 0.23208618, 0.47375488, 0.7154236, -0.8739624, -0.6322937, -0.390625, -0.1489563, 0.0927124, 0.3343811, 0.5760498, 0.8177185, -0.7716675, -0.5299988, -0.28833008, -0.046661377, 0.19500732, 0.43667603, 0.6783447, -0.91104126, -0.66937256, -0.42770386, -0.18603516, 0.055633545, 0.29730225, 0.53897095, 0.78063965, -0.80874634, -0.56707764, -0.32540894, -0.083740234, 0.15792847, 0.39959717, 0.64126587, 0.8829346, -0.7064514, -0.4647827, -0.22311401, 0.018554688, 0.2602234, 0.5018921, 0.7435608, -0.8458252, -0.6041565, -0.3624878, -0.12081909, 0.12084961, 0.3625183, 0.604187, 0.8458557, -0.7435303, -0.5018616, -0.26019287, -0.01852417, 0.22314453, 0.46481323, 0.70648193, -0.88290405, -0.64123535, -0.39956665, -0.15789795, 0.08377075, 0.32543945, 0.56710815, 0.80877686, -0.78060913, -0.5389404, -0.29727173, -0.055603027, 0.18606567, 0.42773438, 0.6694031, 0.9110718, -0.6783142, -0.4366455, -0.1949768, 0.046691895, 0.2883606, 0.5300293, 0.771698, -0.817688, -0.5760193, -0.3343506, -0.092681885, 0.14898682, 0.39065552, 0.6323242, 0.8739929, -0.71539307, -0.47372437, -0.23205566, 0.009613037, 0.25128174, 0.49295044, 0.73461914, -0.85476685, -0.61309814, -0.37142944, -0.12976074, 0.11190796, 0.35357666, 0.59524536, 0.83691406, -0.7524719, -0.5108032, -0.26913452, -0.02746582, 0.21420288, 0.45587158, 0.6975403, -0.8918457, -0.650177, -0.4085083, -0.1668396, 0.0748291, 0.3164978, 0.5581665, 0.7998352, -0.7895508, -0.5478821, -0.30621338, -0.06454468, 0.17712402, 0.41879272, 0.6604614, 0.9021301, -0.68725586, -0.44558716, -0.20391846, 0.037750244, 0.27941895, 0.52108765, 0.76275635, -0.82662964, -0.58496094, -0.34329224, -0.101623535, 0.14004517, 0.38171387, 0.62338257, 0.86505127, -0.7243347, -0.48266602, -0.24099731, 0.0006713867, 0.24234009, 0.4840088, 0.7256775, -0.8637085, -0.6220398, -0.3803711, -0.1387024, 0.10296631, 0.344635, 0.5863037, 0.8279724, -0.7614136, -0.5197449, -0.27807617, -0.03640747, 0.20526123, 0.44692993, 0.68859863, -0.90078735, -0.65911865, -0.41744995, -0.17578125, 0.06588745, 0.30755615, 0.54922485, 0.79089355, -0.79849243, -0.55682373, -0.31515503, -0.07348633, 0.16818237, 0.40985107, 0.6515198, 0.8931885, -0.6961975, -0.4545288, -0.2128601, 0.028808594, 0.2704773, 0.512146, 0.7538147, -0.8355713, -0.5939026, -0.3522339, -0.110565186, 0.13110352, 0.37277222, 0.6144409, 0.8561096, -0.73327637, -0.49160767, -0.24993896, -0.008270264, 0.23339844, 0.47506714, 0.71673584, -0.87265015, -0.63098145, -0.38931274, -0.14764404, 0.09402466, 0.33569336, 0.57736206, 0.81903076, -0.7703552, -0.5286865, -0.28701782, -0.04534912, 0.19631958, 0.43798828, 0.679657, -0.909729, -0.6680603, -0.4263916, -0.1847229, 0.0569458, 0.2986145, 0.5402832, 0.7819519, -0.8074341, -0.5657654, -0.32409668, -0.08242798, 0.15924072, 0.40090942, 0.6425781, 0.8842468, -0.70513916, -0.46347046, -0.22180176, 0.019866943, 0.26153564, 0.50320435, 0.74487305, -0.84451294, -0.60284424, -0.36117554, -0.119506836, 0.122161865, 0.36383057, 0.60549927, 0.84716797, -0.742218, -0.5005493, -0.25888062, -0.017211914, 0.22445679, 0.4661255, 0.7077942, -0.8815918, -0.6399231, -0.3982544, -0.1565857, 0.08508301, 0.3267517, 0.5684204, 0.8100891, -0.7792969, -0.5376282, -0.29595947, -0.05429077, 0.18737793, 0.42904663, 0.67071533, 0.91238403, -0.67700195, -0.43533325, -0.19366455, 0.04800415, 0.28967285, 0.53134155, 0.77301025, -0.81637573, -0.57470703, -0.33303833, -0.09136963, 0.15029907, 0.39196777, 0.6336365, 0.8753052, -0.7140808, -0.4724121, -0.23074341, 0.010925293, 0.252594, 0.4942627, 0.7359314, -0.8534546, -0.6117859, -0.3701172, -0.12844849, 0.113220215, 0.35488892, 0.5965576, 0.8382263, -0.75115967, -0.50949097, -0.26782227, -0.026153564, 0.21551514, 0.45718384, 0.69885254, -0.89053345, -0.64886475, -0.40719604, -0.16552734, 0.07614136, 0.31781006, 0.55947876, 0.80114746, -0.7882385, -0.5465698, -0.30490112, -0.06323242, 0.17843628, 0.42010498, 0.6617737, 0.9034424, -0.6859436, -0.4442749, -0.2026062, 0.0390625, 0.2807312, 0.5223999, 0.7640686, -0.8253174, -0.5836487, -0.34197998, -0.10031128, 0.14135742, 0.38302612, 0.6246948, 0.8663635, -0.72302246, -0.48135376, -0.23968506, 0.0019836426, 0.24365234, 0.48532104, 0.72698975, -0.86239624, -0.62072754, -0.37905884, -0.13739014, 0.104278564, 0.34594727, 0.58761597, 0.82928467, -0.7601013, -0.5184326, -0.27676392, -0.035095215, 0.20657349, 0.4482422, 0.6899109, -0.8994751, -0.6578064, -0.4161377, -0.174469, 0.06719971, 0.3088684, 0.5505371, 0.7922058, -0.7971802, -0.5555115, -0.31384277, -0.07217407, 0.16949463, 0.41116333, 0.65283203, 0.89450073, -0.69488525, -0.45321655, -0.21154785, 0.03012085, 0.27178955, 0.51345825, 0.75512695, -0.83425903, -0.59259033, -0.35092163, -0.10925293, 0.13241577, 0.37408447, 0.6157532, 0.8574219, -0.7319641, -0.4902954, -0.24862671, -0.006958008, 0.2347107, 0.4763794, 0.7180481, -0.8713379, -0.6296692, -0.3880005, -0.14633179, 0.095336914, 0.33700562, 0.5786743, 0.820343, -0.76904297, -0.52737427, -0.28570557, -0.044036865, 0.19763184, 0.43930054, 0.68096924, -0.90841675, -0.66674805, -0.42507935, -0.18341064, 0.058258057, 0.29992676, 0.54159546, 0.78326416, -0.8061218, -0.5644531, -0.32278442, -0.08111572, 0.16055298, 0.40222168, 0.6438904, 0.8855591, -0.7038269, -0.4621582, -0.2204895, 0.0211792, 0.2628479, 0.5045166, 0.7461853, -0.8432007, -0.601532, -0.35986328, -0.11819458, 0.12347412, 0.36514282, 0.6068115, 0.8484802, -0.74090576, -0.49923706, -0.25756836, -0.015899658, 0.22576904, 0.46743774, 0.70910645, -0.88027954, -0.63861084, -0.39694214, -0.15527344, 0.08639526, 0.32806396, 0.56973267, 0.81140137, -0.7779846, -0.5363159, -0.29464722, -0.052978516, 0.18869019, 0.4303589, 0.6720276, 0.9136963, -0.6756897, -0.434021, -0.1923523, 0.049316406, 0.2909851, 0.5326538, 0.7743225, -0.8150635, -0.5733948, -0.33172607, -0.09005737, 0.15161133, 0.39328003, 0.63494873, 0.87661743, -0.71276855, -0.47109985, -0.22943115, 0.012237549, 0.25390625, 0.49557495, 0.73724365, -0.85214233, -0.61047363, -0.36880493, -0.12713623, 0.11453247, 0.35620117, 0.5978699, 0.8395386, -0.7498474, -0.5081787, -0.26651, -0.024841309, 0.2168274, 0.4584961, 0.7001648, -0.8892212, -0.6475525, -0.4058838, -0.16421509, 0.07745361, 0.3191223, 0.560791, 0.8024597, -0.78692627, -0.54525757, -0.30358887, -0.061920166, 0.17974854, 0.42141724, 0.66308594, 0.90475464, -0.68463135, -0.44296265, -0.20129395, 0.040374756, 0.28204346, 0.52371216, 0.76538086, -0.8240051, -0.5823364, -0.34066772, -0.09899902, 0.14266968, 0.38433838, 0.6260071, 0.8676758, -0.7217102, -0.4800415, -0.2383728, 0.0032958984, 0.2449646, 0.4866333, 0.728302, -0.861084, -0.6194153, -0.37774658, -0.13607788, 0.10559082, 0.34725952, 0.5889282, 0.8305969, -0.75878906, -0.51712036, -0.27545166, -0.03378296, 0.20788574, 0.44955444, 0.69122314, -0.89816284, -0.65649414, -0.41482544, -0.17315674, 0.06851196, 0.31018066, 0.55184937, 0.79351807, -0.7958679, -0.5541992, -0.31253052, -0.07086182, 0.17080688, 0.4124756, 0.6541443, 0.895813, -0.693573, -0.4519043, -0.2102356, 0.031433105, 0.2731018, 0.5147705, 0.7564392, -0.8329468, -0.5912781, -0.34960938, -0.107940674, 0.13372803, 0.37539673, 0.6170654, 0.85873413, -0.73065186, -0.48898315, -0.24731445, -0.005645752, 0.23602295, 0.47769165, 0.71936035, -0.87002563, -0.62835693, -0.38668823, -0.14501953, 0.09664917, 0.33831787, 0.5799866, 0.8216553, -0.7677307, -0.526062, -0.2843933, -0.04272461, 0.19894409, 0.4406128, 0.6822815, -0.9071045, -0.6654358, -0.4237671, -0.18209839, 0.059570313, 0.301239, 0.5429077, 0.7845764, -0.8048096, -0.56314087, -0.32147217, -0.07980347, 0.16186523, 0.40353394, 0.64520264, 0.88687134, -0.70251465, -0.46084595, -0.21917725, 0.022491455, 0.26416016, 0.50582886, 0.74749756, -0.8418884, -0.6002197, -0.35855103, -0.116882324, 0.12478638, 0.36645508, 0.6081238, 0.8497925, -0.7395935, -0.4979248, -0.2562561, -0.014587402, 0.2270813, 0.46875, 0.7104187, -0.8789673, -0.6372986, -0.39562988, -0.15396118, 0.08770752, 0.67333984, 0.91500854, -0.67437744, -0.43270874, -0.19104004, 0.050628662, 0.29229736, 0.53396606, 0.77563477, -0.8137512, -0.5720825, -0.33041382, -0.08874512, 0.15292358, 0.3945923, 0.636261, 0.8779297, -0.7114563, -0.4697876, -0.2281189, 0.013549805, 0.2552185, 0.4968872, 0.7385559, -0.8508301, -0.6091614, -0.36749268, -0.12582397, 0.11584473, 0.35751343, 0.5991821, 0.84085083, -0.74853516, -0.50686646, -0.26519775, -0.023529053, 0.21813965, 0.45980835, 0.70147705, -0.88790894, -0.64624023, -0.40457153, -0.16290283, 0.07876587, 0.32043457, 0.5621033, 0.803772, -0.785614, -0.5439453, -0.3022766, -0.06060791, 0.18106079, 0.4227295, 0.6643982, 0.9060669, -0.6833191, -0.4416504, -0.19998169, 0.04168701, 0.2833557, 0.5250244, 0.7666931, -0.8226929, -0.58102417, -0.33935547, -0.09768677, 0.14398193, 0.38565063, 0.62731934, 0.86898804, -0.72039795, -0.47872925, -0.23706055, 0.0046081543, 0.24627686, 0.48794556, 0.72961426, -0.8597717, -0.618103, -0.37643433, -0.13476563, 0.106903076, 0.34857178, 0.5902405, 0.8319092, -0.7574768, -0.5158081, -0.2741394, -0.032470703, 0.209198, 0.4508667, 0.6925354, -0.8968506, -0.6551819, -0.41351318, -0.17184448, 0.06982422, 0.31149292, 0.5531616, 0.7948303, -0.79455566, -0.55288696, -0.31121826, -0.06954956, 0.17211914, 0.41378784, 0.65545654, 0.89712524, -0.69226074, -0.45059204, -0.20892334, 0.03274536, 0.27441406, 0.51608276, 0.75775146, -0.8316345, -0.5899658, -0.34829712, -0.10662842, 0.13504028, 0.37670898, 0.6183777, 0.8600464, -0.7293396, -0.4876709, -0.2460022, -0.004333496, 0.2373352, 0.4790039, 0.7206726, -0.8687134, -0.6270447, -0.38537598, -0.14370728, 0.097961426, 0.33963013, 0.5812988, 0.8229675, -0.76641846, -0.52474976, -0.28308105, -0.041412354, 0.20025635, 0.44192505, 0.68359375, -0.90579224, -0.66412354, -0.42245483, -0.18078613, 0.06088257, 0.30255127, 0.54422, 0.7858887, -0.8034973, -0.5618286, -0.3201599, -0.07849121, 0.16317749, 0.4048462, 0.6465149, 0.8881836, -0.7012024, -0.4595337, -0.21786499, 0.023803711, 0.2654724, 0.5071411, 0.7488098, -0.8405762, -0.5989075, -0.35723877, -0.11557007, 0.12609863, 0.36776733, 0.60943604, 0.85110474, -0.73828125, -0.49661255, -0.25494385, -0.0132751465, 0.22839355, 0.47006226, 0.71173096, -0.877655, -0.6359863, -0.39431763, -0.15264893, 0.089019775, 0.33068848, 0.5723572, 0.8140259, -0.7753601, -0.5336914, -0.2920227, -0.050354004, 0.1913147, 0.4329834, 0.6746521, -0.9147339, -0.6730652, -0.43139648, -0.18972778, 0.051940918, 0.29360962, 0.5352783, 0.776947, -0.81243896, -0.57077026, -0.32910156, -0.08743286, 0.15423584, 0.39590454, 0.63757324, 0.87924194, -0.71014404, -0.46847534, -0.22680664, 0.014862061, 0.25653076, 0.49819946, 0.73986816, -0.8495178, -0.6078491, -0.36618042, -0.12451172, 0.11715698, 0.35882568, 0.6004944, 0.8421631, -0.7472229, -0.5055542, -0.2638855, -0.022216797, 0.2194519, 0.4611206, 0.7027893, -0.8865967, -0.644928, -0.40325928, -0.16159058, 0.080078125, 0.32174683, 0.5634155, 0.8050842, -0.78430176, -0.54263306, -0.30096436, -0.059295654, 0.18237305, 0.42404175, 0.66571045, 0.90737915, -0.68200684, -0.44033813, -0.19866943, 0.042999268, 0.28466797, 0.52633667, 0.7680054, -0.8213806, -0.5797119, -0.3380432, -0.09637451, 0.14529419, 0.3869629, 0.6286316, 0.8703003, -0.7190857, -0.477417, -0.23574829, 0.00592041, 0.24758911, 0.4892578, 0.7309265, -0.8584595, -0.6167908, -0.37512207, -0.13345337, 0.10821533, 0.34988403, 0.59155273, 0.83322144, -0.75616455, -0.51449585, -0.27282715, -0.031158447, 0.21051025, 0.45217896, 0.69384766, -0.89553833, -0.6538696, -0.41220093, -0.17053223, 0.071136475, 0.31280518, 0.5544739, 0.7961426, -0.7932434, -0.5515747, -0.309906, -0.068237305, 0.1734314, 0.4151001, 0.6567688, 0.8984375, -0.6909485, -0.4492798, -0.20761108, 0.034057617, 0.27572632, 0.517395, 0.7590637, -0.83032227, -0.58865356, -0.34698486, -0.10531616, 0.13635254, 0.37802124, 0.61968994, 0.86135864, -0.72802734, -0.48635864, -0.24468994, -0.0030212402, 0.23864746, 0.48031616, 0.72198486, -0.8674011, -0.6257324, -0.38406372, -0.14239502, 0.09927368, 0.34094238, 0.5826111, 0.8242798, -0.7651062, -0.5234375, -0.2817688, -0.040100098, 0.2015686, 0.4432373, 0.684906, -0.90448, -0.6628113, -0.42114258, -0.17947388, 0.062194824, 0.30386353, 0.5455322, 0.7872009, -0.80218506, -0.56051636, -0.31884766, -0.077178955, 0.16448975, 0.40615845, 0.64782715, 0.88949585, -0.69989014, -0.45822144, -0.21655273, 0.025115967, 0.26678467, 0.50845337, 0.7501221, -0.8392639, -0.5975952, -0.3559265, -0.11425781, 0.12741089, 0.3690796, 0.6107483, 0.852417, -0.736969, -0.4953003, -0.2536316, -0.011962891, 0.22970581, 0.4713745, 0.7130432, -0.8763428, -0.6346741, -0.39300537, -0.15133667, 0.09033203, 0.33200073, 0.57366943, 0.81533813, -0.77404785, -0.53237915, -0.29071045, -0.049041748, 0.19262695, 0.43429565, 0.67596436, -0.91342163, -0.6717529, -0.43008423, -0.18841553, 0.053253174, 0.29492188, 0.5365906, 0.7782593, -0.8111267, -0.569458, -0.3277893, -0.086120605, 0.1555481, 0.3972168, 0.6388855, 0.8805542, -0.7088318, -0.4671631, -0.22549438, 0.016174316, 0.25784302, 0.49951172, 0.7411804, -0.84820557, -0.60653687, -0.36486816, -0.12319946, 0.11846924, 0.36013794, 0.60180664, 0.84347534, -0.74591064, -0.50424194, -0.26257324, -0.020904541, 0.22076416, 0.46243286, 0.70410156, -0.8852844, -0.6436157, -0.40194702, -0.16027832, 0.08139038, 0.32305908, 0.5647278, 0.8063965, -0.7829895, -0.5413208, -0.2996521, -0.0579834, 0.1836853, 0.425354, 0.6670227, 0.9086914, -0.6806946, -0.43902588, -0.19735718, 0.044311523, 0.28598022, 0.5276489, 0.7693176, -0.82006836, -0.57839966, -0.33673096, -0.095062256, 0.14660645, 0.38827515, 0.62994385, 0.87161255, -0.71777344, -0.47610474, -0.23443604, 0.007232666, 0.24890137, 0.49057007, 0.73223877, -0.8571472, -0.6154785, -0.3738098, -0.13214111, 0.10952759, 0.3511963, 0.592865, 0.8345337, -0.7548523, -0.5131836, -0.2715149, -0.029846191, 0.21182251, 0.4534912, 0.6951599, -0.8942261, -0.6525574, -0.41088867, -0.16921997, 0.07244873, 0.31411743, 0.55578613, 0.79745483, -0.79193115, -0.55026245, -0.30859375, -0.06692505, 0.17474365, 0.41641235, 0.65808105, 0.89974976, -0.68963623, -0.44796753, -0.20629883, 0.035369873, 0.27703857, 0.5187073, 0.760376, -0.82901, -0.5873413, -0.3456726, -0.104003906, 0.1376648, 0.3793335, 0.6210022, 0.8626709, -0.7267151, -0.4850464, -0.24337769, -0.0017089844, 0.23995972, 0.48162842, 0.7232971, -0.86608887, -0.62442017, -0.38275146, -0.14108276, 0.10058594, 0.34225464, 0.58392334, 0.82559204, -0.76379395, -0.52212524, -0.28045654, -0.03878784, 0.20288086, 0.44454956, 0.68621826, -0.9031677, -0.661499, -0.41983032, -0.17816162, 0.06350708, 0.30517578, 0.5468445, 0.7885132, -0.8008728, -0.5592041, -0.3175354, -0.0758667, 0.165802, 0.4074707, 0.6491394, 0.8908081, -0.6985779, -0.45690918, -0.21524048, 0.026428223, 0.26809692, 0.5097656, 0.7514343, -0.83795166, -0.59628296, -0.35461426, -0.11294556, 0.12872314, 0.37039185, 0.61206055, 0.85372925, -0.73565674, -0.49398804, -0.25231934, -0.010650635, 0.23101807, 0.47268677, 0.71435547, -0.8750305, -0.6333618, -0.39169312, -0.15002441, 0.09164429, 0.333313, 0.5749817, 0.8166504, -0.7727356, -0.5310669, -0.2893982, -0.047729492, 0.19393921, 0.4356079, 0.6772766, -0.9121094, -0.6704407, -0.42877197, -0.18710327, 0.05456543, 0.29623413, 0.53790283, 0.77957153, -0.80981445, -0.56814575, -0.32647705, -0.08480835, 0.15686035, 0.39852905, 0.64019775, 0.88186646, -0.70751953, -0.46585083, -0.22418213, 0.017486572, 0.25915527, 0.500824, 0.7424927, -0.8468933, -0.6052246, -0.3635559, -0.12188721, 0.119781494, 0.3614502, 0.6031189, 0.8447876, -0.7445984, -0.5029297, -0.261261, -0.019592285, 0.22207642, 0.46374512, 0.7054138, -0.88397217, -0.64230347, -0.40063477, -0.15896606, 0.08270264, 0.32437134, 0.56604004, 0.80770874, -0.78167725, -0.54000854, -0.29833984, -0.056671143, 0.18499756, 0.42666626, 0.66833496, 0.91000366, -0.6793823, -0.43771362, -0.19604492, 0.04562378, 0.28729248, 0.5289612, 0.7706299, -0.8187561, -0.5770874, -0.3354187, -0.09375, 0.1479187, 0.3895874, 0.6312561, 0.8729248, -0.7164612, -0.47479248, -0.23312378, 0.008544922, 0.25021362, 0.49188232, 0.733551, -0.85583496, -0.61416626, -0.37249756, -0.13082886, 0.110839844, 0.35250854, 0.59417725, 0.83584595, -0.75354004, -0.51187134, -0.27020264, -0.028533936, 0.21313477, 0.45480347, 0.69647217, -0.8929138, -0.6512451, -0.40957642, -0.16790771, 0.07376099, 0.3154297, 0.5570984, 0.7987671, -0.7906189, -0.5489502, -0.3072815, -0.06561279, 0.17605591, 0.4177246, 0.6593933, 0.901062, -0.688324, -0.44665527, -0.20498657, 0.03668213, 0.27835083, 0.52001953, 0.76168823, -0.82769775, -0.58602905, -0.34436035, -0.10269165, 0.13897705, 0.38064575, 0.62231445, 0.86398315, -0.72540283, -0.48373413, -0.24206543, -0.00039672852, 0.24127197, 0.48294067, 0.7246094, -0.8647766, -0.6231079, -0.3814392, -0.13977051, 0.10189819, 0.3435669, 0.5852356, 0.8269043, -0.7624817, -0.520813, -0.2791443, -0.037475586, 0.20419312, 0.44586182, 0.6875305, -0.90185547, -0.66018677, -0.41851807, -0.17684937, 0.064819336, 0.30648804, 0.54815674, 0.78982544, -0.79956055, -0.55789185, -0.31622314, -0.07455444, 0.16711426, 0.40878296, 0.65045166, 0.89212036, -0.6972656, -0.45559692, -0.21392822, 0.027740479, 0.26940918, 0.5110779, 0.7527466, -0.8366394, -0.5949707, -0.353302, -0.1116333, 0.1300354, 0.3717041, 0.6133728, 0.8550415, -0.7343445, -0.49267578, -0.25100708, -0.009338379, 0.23233032, 0.47399902, 0.7156677, -0.87371826, -0.63204956, -0.39038086, -0.14871216, 0.09295654, 0.33462524, 0.57629395, 0.81796265, -0.77142334, -0.52975464, -0.28808594, -0.046417236, 0.19525146, 0.43692017, 0.67858887, -0.9107971, -0.6691284, -0.42745972, -0.18579102, 0.055877686, 0.2975464, 0.5392151, 0.7808838, -0.8085022, -0.5668335, -0.3251648, -0.083496094, 0.1581726, 0.3998413, 0.64151, 0.8831787, -0.7062073, -0.46453857, -0.22286987, 0.018798828, 0.26046753, 0.50213623, 0.74380493, -0.84558105, -0.60391235, -0.36224365, -0.12057495, 0.12109375, 0.36276245, 0.60443115, 0.84609985, -0.74328613, -0.50161743, -0.25994873, -0.01828003, 0.22338867, 0.46505737, 0.7067261, -0.8826599, -0.6409912, -0.3993225, -0.15765381, 0.08401489, 0.3256836, 0.5673523, 0.809021, -0.780365, -0.5386963, -0.2970276, -0.055358887, 0.18630981, 0.42797852, 0.6696472, 0.9113159, -0.67807007, -0.43640137, -0.19473267, 0.046936035, 0.28860474, 0.53027344, 0.77194214, -0.81744385, -0.57577515, -0.33410645, -0.092437744, 0.14923096, 0.39089966, 0.63256836, 0.87423706, -0.7151489, -0.47348022, -0.23181152, 0.009857178, 0.25152588, 0.49319458, 0.7348633, -0.8545227, -0.612854, -0.3711853, -0.1295166, 0.1121521, 0.3538208, 0.5954895, 0.8371582, -0.7522278, -0.5105591, -0.26889038, -0.02722168, 0.21444702, 0.45611572, 0.6977844, -0.89160156, -0.64993286, -0.40826416, -0.16659546, 0.07507324, 0.31674194, 0.55841064, 0.80007935, -0.78930664, -0.54763794, -0.30596924, -0.06430054, 0.17736816, 0.41903687, 0.66070557, 0.90237427, -0.6870117, -0.44534302, -0.20367432, 0.037994385, 0.2796631, 0.5213318, 0.7630005, -0.8263855, -0.5847168, -0.3430481, -0.101379395, 0.1402893, 0.381958, 0.6236267, 0.8652954, -0.7240906, -0.48242188, -0.24075317, 0.00091552734, 0.24258423, 0.48425293, 0.72592163, -0.86346436, -0.62179565, -0.38012695, -0.13845825, 0.10321045, 0.34487915, 0.58654785, 0.82821655, -0.76116943, -0.51950073, -0.27783203, -0.03616333, 0.20550537, 0.44717407, 0.6888428, -0.9005432, -0.6588745, -0.4172058, -0.17553711, 0.06613159, 0.3078003, 0.549469, 0.7911377, -0.7982483, -0.5565796, -0.3149109, -0.07324219, 0.16842651, 0.4100952, 0.6517639, 0.8934326, -0.69595337, -0.45428467, -0.21261597, 0.029052734, 0.27072144, 0.51239014, 0.75405884, -0.83532715, -0.59365845, -0.35198975, -0.110321045, 0.13134766, 0.37301636, 0.61468506, 0.85635376, -0.7330322, -0.49136353, -0.24969482, -0.008026123, 0.23364258, 0.47531128, 0.71698, -0.872406, -0.6307373, -0.3890686, -0.1473999, 0.0942688, 0.3359375, 0.5776062, 0.8192749, -0.7701111, -0.5284424, -0.28677368, -0.04510498, 0.19656372, 0.43823242, 0.6799011, -0.90948486, -0.66781616, -0.42614746, -0.18447876, 0.05718994, 0.29885864, 0.54052734, 0.78219604, -0.80718994, -0.56552124, -0.32385254, -0.08218384, 0.15948486, 0.40115356, 0.64282227, 0.88449097, -0.704895, -0.46322632, -0.22155762, 0.020111084, 0.2617798, 0.5034485, 0.7451172, -0.8442688, -0.6026001, -0.3609314, -0.119262695, 0.122406006, -0.88134766, -0.63967896, -0.39801025, -0.15634155, 0.08532715, 0.32699585, 0.56866455, 0.81033325, -0.77905273, -0.53738403, -0.29571533, -0.05404663, 0.18762207, 0.42929077, 0.6709595, 0.9126282, -0.6767578, -0.4350891, -0.19342041, 0.04824829, 0.289917, 0.5315857, 0.7732544, -0.8161316, -0.5744629, -0.3327942, -0.09112549, 0.15054321, 0.3922119, 0.6338806, 0.8755493, -0.71383667, -0.47216797, -0.23049927, 0.011169434, 0.25283813, 0.49450684, 0.73617554, -0.85321045, -0.61154175, -0.36987305, -0.12820435, 0.113464355, 0.35513306, 0.59680176, 0.83847046, -0.7509155, -0.5092468, -0.26757813, -0.025909424, 0.21575928, 0.45742798, 0.6990967, -0.8902893, -0.6486206, -0.4069519, -0.1652832, 0.0763855, 0.3180542, 0.5597229, 0.8013916, -0.7879944, -0.5463257, -0.30465698, -0.06298828, 0.17868042, 0.42034912, 0.6620178, 0.9036865, -0.68569946, -0.44403076, -0.20236206, 0.03930664, 0.28097534, 0.52264404, 0.76431274, -0.82507324, -0.58340454, -0.34173584, -0.10006714, 0.14160156, 0.38327026, 0.62493896, 0.86660767, -0.7227783, -0.48110962, -0.23944092, 0.0022277832, 0.24389648, 0.4855652, 0.7272339, -0.8621521, -0.6204834, -0.3788147, -0.137146, 0.104522705, 0.3461914, 0.5878601, 0.8295288, -0.7598572, -0.5181885, -0.27651978, -0.034851074, 0.20681763, 0.44848633, 0.690155, -0.89923096, -0.65756226, -0.41589355, -0.17422485, 0.06744385, 0.30911255, 0.55078125, 0.79244995, -0.79693604, -0.55526733, -0.31359863, -0.07192993, 0.16973877, 0.41140747, 0.6530762, 0.8947449, -0.6946411, -0.4529724, -0.21130371, 0.03036499, 0.2720337, 0.5137024, 0.7553711, -0.8340149, -0.5923462, -0.3506775, -0.10900879, 0.13265991, 0.3743286, 0.6159973, 0.857666, -0.73172, -0.49005127, -0.24838257, -0.006713867, 0.23495483, 0.47662354, 0.71829224, -0.87109375, -0.62942505, -0.38775635, -0.14608765, 0.095581055, 0.33724976, 0.57891846, 0.82058716, -0.7687988, -0.5271301, -0.28546143, -0.043792725, 0.19787598, 0.43954468, 0.6812134, -0.9081726, -0.6665039, -0.4248352, -0.1831665, 0.058502197, 0.3001709, 0.5418396, 0.7835083, -0.8058777, -0.564209, -0.32254028, -0.08087158, 0.16079712, 0.40246582, 0.6441345, 0.8858032, -0.70358276, -0.46191406, -0.22024536, 0.02142334, 0.26309204, 0.50476074, 0.74642944, -0.84295654, -0.60128784, -0.35961914, -0.11795044, 0.12371826, 0.36538696, 0.60705566, 0.84872437, -0.7406616, -0.49899292, -0.25732422, -0.015655518, 0.22601318, 0.46768188, 0.7093506, -0.8800354, -0.6383667, -0.396698, -0.1550293, 0.086639404, 0.3283081, 0.5699768, 0.8116455, -0.7777405, -0.5360718, -0.29440308, -0.052734375, 0.18893433, 0.43060303, 0.6722717, 0.9139404, -0.67544556, -0.43377686, -0.19210815, 0.049560547, 0.29122925, 0.53289795, 0.77456665, -0.81481934, -0.57315063, -0.33148193, -0.08981323, 0.15185547, 0.39352417, 0.6351929, 0.8768616, -0.7125244, -0.4708557, -0.22918701, 0.012481689, 0.2541504, 0.4958191, 0.7374878, -0.8518982, -0.6102295, -0.3685608, -0.12689209, 0.11477661, 0.3564453, 0.598114, 0.8397827, -0.7496033, -0.5079346, -0.26626587, -0.024597168, 0.21707153, 0.45874023, 0.70040894, -0.88897705, -0.64730835, -0.40563965, -0.16397095, 0.077697754, 0.31936646, 0.56103516, 0.80270386, -0.7866821, -0.5450134, -0.30334473, -0.061676025, 0.17999268, 0.42166138, 0.6633301, 0.9049988, -0.6843872, -0.4427185, -0.2010498, 0.040618896, 0.2822876, 0.5239563, 0.765625, -0.823761, -0.5820923, -0.34042358, -0.09875488, 0.14291382, 0.38458252, 0.6262512, 0.8679199, -0.72146606, -0.47979736, -0.23812866, 0.003540039, 0.24520874, 0.48687744, 0.72854614, -0.86083984, -0.61917114, -0.37750244, -0.13583374, 0.10583496, 0.34750366, 0.58917236, 0.83084106, -0.7585449, -0.5168762, -0.27520752, -0.03353882, 0.20812988, 0.44979858, 0.6914673, -0.8979187, -0.65625, -0.4145813, -0.1729126, 0.0687561, 0.3104248, 0.5520935, 0.7937622, -0.7956238, -0.5539551, -0.31228638, -0.070617676, 0.17105103, 0.41271973, 0.6543884, 0.8960571, -0.69332886, -0.45166016, -0.20999146, 0.031677246, 0.27334595, 0.51501465, 0.75668335, -0.83270264, -0.59103394, -0.34936523, -0.10769653, 0.13397217, 0.37564087, 0.6173096, 0.8589783, -0.7304077, -0.488739, -0.24707031, -0.0054016113, 0.23626709, 0.4779358, 0.7196045, -0.8697815, -0.6281128, -0.3864441, -0.14477539, 0.09689331, 0.338562, 0.5802307, 0.8218994, -0.7674866, -0.5258179, -0.28414917, -0.04248047, 0.19918823, 0.44085693, 0.68252563, -0.90686035, -0.66519165, -0.42352295, -0.18185425, 0.059814453, 0.30148315, 0.54315186, 0.78482056, -0.8045654, -0.5628967, -0.32122803, -0.079559326, 0.16210938, 0.40377808, 0.6454468, 0.8871155, -0.7022705, -0.4606018, -0.2189331, 0.022735596, 0.2644043, 0.506073, 0.7477417, -0.8416443, -0.5999756, -0.35830688, -0.11663818, 0.12503052, 0.36669922, 0.6083679, 0.8500366, -0.73934937, -0.49768066, -0.25601196, -0.014343262, 0.22732544, 0.46899414, 0.71066284, -0.87872314, -0.63705444, -0.39538574, -0.15371704, 0.08795166, 0.32962036, 0.57128906, 0.81295776, -0.7764282, -0.5347595, -0.29309082, -0.05142212, 0.19024658, 0.43191528, 0.673584, 0.9152527, -0.6741333, -0.4324646, -0.1907959, 0.050872803, 0.2925415, 0.5342102, 0.7758789, -0.8135071, -0.5718384, -0.33016968, -0.08850098, 0.15316772, 0.39483643, 0.6365051, 0.8781738, -0.71121216, -0.46954346, -0.22787476, 0.013793945, 0.25546265, 0.49713135, 0.73880005, -0.85058594, -0.60891724, -0.36724854, -0.12557983, 0.11608887, 0.35775757, 0.59942627, 0.841095, -0.748291, -0.5066223, -0.2649536, -0.023284912, 0.21838379, 0.4600525, 0.7017212, -0.8876648, -0.6459961, -0.4043274, -0.16265869, 0.07901001, 0.3206787, 0.5623474, 0.8040161, -0.7853699, -0.5437012, -0.30203247, -0.06036377, 0.18130493, 0.42297363, 0.66464233, 0.90631104, -0.68307495, -0.44140625, -0.19973755, 0.041931152, 0.28359985, 0.52526855, 0.76693726, -0.82244873, -0.58078, -0.33911133, -0.09744263, 0.14422607, 0.38589478, 0.6275635, 0.8692322, -0.7201538, -0.4784851, -0.2368164, 0.004852295, 0.246521, 0.4881897, 0.7298584, -0.8595276, -0.6178589, -0.3761902, -0.13452148, 0.10714722, 0.34881592, 0.5904846, 0.8321533, -0.75723267, -0.51556396, -0.27389526, -0.032226563, 0.20944214, 0.45111084, 0.69277954, -0.89660645, -0.65493774, -0.41326904, -0.17160034, 0.07006836, 0.31173706, 0.55340576, 0.79507446, -0.7943115, -0.5526428, -0.31097412, -0.06930542, 0.17236328, 0.41403198, 0.6557007, 0.8973694, -0.6920166, -0.4503479, -0.2086792, 0.032989502, 0.2746582, 0.5163269, 0.7579956, -0.8313904, -0.5897217, -0.34805298, -0.10638428, 0.13528442, 0.37695313, 0.6186218, 0.8602905, -0.72909546, -0.48742676, -0.24575806, -0.0040893555, 0.23757935, 0.47924805, 0.72091675, -0.86846924, -0.62680054, -0.38513184, -0.14346313, 0.09820557, 0.33987427, 0.58154297, 0.82321167, -0.7661743, -0.5245056, -0.2828369, -0.041168213, 0.20050049, 0.4421692, 0.6838379, -0.9055481, -0.6638794, -0.4222107, -0.18054199, 0.06112671, 0.3027954, 0.5444641, 0.7861328, -0.8032532, -0.5615845, -0.31991577, -0.07824707, 0.16342163, 0.40509033, 0.64675903, 0.88842773, -0.70095825, -0.45928955, -0.21762085, 0.024047852, 0.26571655, 0.50738525, 0.74905396, -0.84033203, -0.59866333, -0.35699463, -0.11532593, 0.12634277, 0.36801147, 0.6096802, 0.8513489, -0.7380371, -0.4963684, -0.2546997, -0.013031006, 0.2286377, 0.4703064, 0.7119751, -0.8774109, -0.6357422, -0.3940735, -0.15240479, 0.089263916, 0.33093262, 0.5726013, 0.81427, -0.77511597, -0.53344727, -0.29177856, -0.050109863, 0.19155884, 0.43322754, 0.67489624, -0.91448975, -0.67282104, -0.43115234, -0.18948364, 0.05218506, 0.29385376, 0.53552246, 0.77719116, -0.8121948, -0.5705261, -0.32885742, -0.08718872, 0.15447998, 0.39614868, 0.6378174, 0.8794861, -0.7098999, -0.4682312, -0.2265625, 0.015106201, 0.2567749, 0.4984436, 0.7401123, -0.8492737, -0.607605, -0.36593628, -0.12426758, 0.11740112, 0.35906982, 0.6007385, 0.8424072, -0.74697876, -0.50531006, -0.26364136, -0.021972656, 0.21969604, 0.46136475, 0.70303345, -0.88635254, -0.64468384, -0.40301514, -0.16134644, 0.080322266, 0.32199097, 0.56365967, 0.80532837, -0.7840576, -0.5423889, -0.3007202, -0.059051514, 0.18261719, 0.4242859, 0.6659546, 0.9076233, -0.6817627, -0.440094, -0.1984253, 0.04324341, 0.2849121, 0.5265808, 0.7682495, -0.8211365, -0.5794678, -0.33779907, -0.09613037, 0.14553833, 0.38720703, 0.62887573, 0.87054443, -0.71884155, -0.47717285, -0.23550415, 0.006164551, 0.24783325, 0.48950195, 0.73117065, -0.85821533, -0.61654663, -0.37487793, -0.13320923, 0.10845947, 0.35012817, 0.5917969, 0.8334656, -0.7559204, -0.5142517, -0.272583, -0.030914307, 0.2107544, 0.4524231, 0.6940918, -0.8952942, -0.6536255, -0.4119568, -0.17028809, 0.071380615, 0.31304932, 0.554718, 0.7963867, -0.79299927, -0.55133057, -0.30966187, -0.067993164, 0.17367554, 0.41534424, 0.65701294, 0.89868164, -0.69070435, -0.44903564, -0.20736694, 0.034301758, 0.27597046, 0.51763916, 0.75930786, -0.8300781, -0.5884094, -0.34674072, -0.10507202, 0.13659668, 0.37826538, 0.6199341, 0.8616028, -0.7277832, -0.4861145, -0.2444458, -0.0027770996, 0.2388916, 0.4805603, 0.722229, -0.867157, -0.6254883, -0.38381958, -0.14215088, 0.09951782, 0.34118652, 0.5828552, 0.8245239, -0.76486206, -0.52319336, -0.28152466, -0.039855957, 0.20181274, 0.44348145, 0.68515015, -0.90423584, -0.66256714, -0.42089844, -0.17922974, 0.062438965, 0.30410767, 0.54577637, 0.78744507, -0.8019409, -0.5602722, -0.31860352, -0.076934814, 0.16473389, 0.4064026, 0.6480713, 0.88974, -0.699646, -0.4579773, -0.2163086, 0.025360107, 0.2670288, 0.5086975, 0.7503662, -0.8390198, -0.5973511, -0.35568237, -0.11401367, 0.12765503, 0.36932373, 0.61099243, 0.85266113, -0.73672485, -0.49505615, -0.25338745, -0.01171875, 0.22994995, 0.47161865, 0.71328735, -0.87609863, -0.63442993, -0.39276123, -0.15109253, 0.09057617, 0.33224487, 0.5739136, 0.8155823, -0.7738037, -0.532135, -0.2904663, -0.048797607, 0.1928711, 0.4345398, 0.6762085, -0.9131775, -0.6715088, -0.4298401, -0.18817139, 0.053497314, 0.29516602, 0.5368347, 0.7785034, -0.81088257, -0.56921387, -0.32754517, -0.085876465, 0.15579224, 0.39746094, 0.63912964, 0.88079834, -0.70858765, -0.46691895, -0.22525024, 0.016418457, 0.25808716, 0.49975586, 0.74142456, -0.8479614, -0.6062927, -0.36462402, -0.12295532, 0.11871338, 0.36038208, 0.6020508, 0.8437195, -0.7456665, -0.5039978, -0.2623291, -0.0206604, 0.2210083, 0.462677, 0.7043457, -0.8850403, -0.6433716, -0.40170288, -0.16003418, 0.08163452, 0.32330322, 0.5649719, 0.8066406, -0.78274536, -0.54107666, -0.29940796, -0.057739258, 0.18392944, 0.42559814, 0.66726685, 0.90893555, -0.68045044, -0.43878174, -0.19711304, 0.044555664, 0.28622437, 0.52789307, 0.76956177, -0.8198242, -0.5781555, -0.33648682, -0.094818115, 0.14685059, 0.3885193, 0.630188, 0.8718567, -0.7175293, -0.4758606, -0.2341919, 0.0074768066, 0.24914551, 0.4908142, 0.7324829, -0.8569031, -0.6152344, -0.37356567, -0.13189697, 0.10977173, 0.35144043, 0.59310913, 0.83477783, -0.75460815, -0.51293945, -0.27127075, -0.02960205, 0.21206665, 0.45373535, 0.69540405, -0.89398193, -0.65231323, -0.41064453, -0.16897583, 0.07269287, 0.31436157, 0.5560303, 0.797699, -0.791687, -0.5500183, -0.3083496, -0.06668091, 0.1749878, 0.4166565, 0.6583252, 0.8999939, -0.6893921, -0.4477234, -0.20605469, 0.035614014, 0.2772827, 0.5189514, 0.7606201, -0.82876587, -0.58709717, -0.34542847, -0.103759766, 0.13790894, 0.37957764, 0.62124634, 0.86291504, -0.72647095, -0.48480225, -0.24313354, -0.0014648438, 0.24020386, 0.48187256, 0.72354126, -0.8658447, -0.624176, -0.38250732, -0.14083862, 0.10083008, 0.34249878, 0.5841675, 0.8258362, -0.7635498, -0.5218811, -0.2802124, -0.0385437, 0.203125, 0.4447937, 0.6864624, -0.9029236, -0.6612549, -0.41958618, -0.17791748, 0.06375122, 0.30541992, 0.5470886, 0.7887573, -0.80062866, -0.55895996, -0.31729126, -0.07562256, 0.16604614, 0.40771484, 0.64938354, 0.89105225, -0.69833374, -0.45666504, -0.21499634, 0.026672363, 0.26834106, 0.51000977, 0.75167847, -0.8377075, -0.5960388, -0.35437012, -0.112701416, 0.12896729, 0.370636, 0.6123047, 0.8539734, -0.7354126, -0.4937439, -0.2520752, -0.010406494, 0.2312622, 0.4729309, 0.7145996, -0.8747864, -0.6331177, -0.39144897, -0.14978027, 0.09188843, 0.33355713, 0.57522583, 0.81689453, -0.77249146, -0.53082275, -0.28915405, -0.04748535, 0.19418335, 0.43585205, 0.67752075, -0.91186523, -0.67019653, -0.42852783, -0.18685913, 0.05480957, 0.29647827, 0.538147, 0.7798157, -0.8095703, -0.5679016, -0.3262329, -0.08456421, 0.15710449, 0.3987732, 0.6404419, 0.8821106, -0.7072754, -0.4656067, -0.22393799, 0.017730713, 0.2593994, 0.5010681, 0.7427368, -0.84664917, 0.0, 0.0, 0.0, 0.0, 0.0, 0.0, 0.0, 0.0, 0.0, 0.0, 0.0, 0.0, 0.0, 0.0, 0.0, 0.0, 0.0, 0.0, 0.0, 0.0, 0.0, 0.0, 0.0, 0.0, 0.0, 0.0, 0.0, 0.0, 0.0, 0.0, 0.0, 0.0, 0.0, 0.0, -0.60498047, -0.36331177, -0.12164307, 0.120025635, 0.36169434, 0.60336304, 0.84503174, -0.74435425, -0.50268555, -0.26101685, -0.019348145, 0.22232056, 0.46398926, 0.70565796, -0.883728, -0.6420593, -0.40039063, -0.15872192, 0.08294678, 0.32461548, 0.5662842, 0.8079529, -0.7814331, -0.5397644, -0.2980957, -0.056427002, 0.1852417, 0.4269104, 0.6685791, 0.9102478, -0.6791382, -0.43746948, -0.19580078, 0.04586792, 0.28753662, 0.5292053, 0.770874, -0.81851196, -0.57684326, -0.33517456, -0.09350586, 0.14816284, 0.38983154, 0.63150024, 0.87316895, -0.71621704, -0.47454834, -0.23287964, 0.0087890625, 0.25045776, 0.49212646, 0.73379517, -0.8555908, -0.6139221, -0.37225342, -0.13058472, 0.111083984, 0.3527527, 0.5944214, 0.8360901, -0.7532959, -0.5116272, -0.2699585, -0.028289795, 0.2133789, 0.4550476, 0.6967163, -0.8926697, -0.651001, -0.40933228, -0.16766357, 0.07400513, 0.31567383, 0.5573425, 0.79901123, -0.79037476, -0.54870605, -0.30703735, -0.06536865, 0.17630005, 0.41796875, 0.65963745, 0.90130615, -0.68807983, -0.44641113, -0.20474243, 0.03692627, 0.27859497, 0.5202637, 0.7619324, -0.8274536, -0.5857849, -0.3441162, -0.10244751, 0.13922119, 0.3808899, 0.6225586, 0.8642273, -0.7251587, -0.48349, -0.24182129, -0.00015258789, 0.24151611, 0.4831848, 0.7248535, -0.8645325, -0.62286377, -0.38119507, -0.13952637, 0.102142334, 0.34381104, 0.58547974, 0.82714844, -0.76223755, -0.52056885, -0.27890015, -0.037231445, 0.20443726, 0.44610596, 0.68777466, -0.9016113, -0.6599426, -0.41827393, -0.17660522, 0.06506348, 0.30673218, 0.5484009, 0.7900696, -0.7993164, -0.5576477, -0.315979, -0.0743103, 0.1673584, 0.4090271, 0.6506958, 0.8923645, -0.6970215, -0.45535278, -0.21368408, 0.02798462, 0.26965332, 0.511322, 0.7529907, -0.83639526, -0.59472656, -0.35305786, -0.11138916, 0.13027954, 0.37194824, 0.61361694, 0.85528564, -0.73410034, -0.49243164, -0.25076294, -0.009094238, 0.23257446, 0.47424316, 0.71591187, -0.8734741, -0.6318054, -0.39013672, -0.14846802, 0.09320068, 0.33486938, 0.5765381, 0.8182068, -0.7711792, -0.5295105, -0.2878418, -0.046173096, 0.1954956, 0.4371643, 0.678833, -0.910553, -0.6688843, -0.42721558, -0.18554688, 0.056121826, 0.29779053, 0.5394592, 0.7811279, -0.80825806, -0.56658936, -0.32492065, -0.08325195, 0.15841675, 0.40008545, 0.64175415, 0.88342285, -0.70596313, -0.46429443, -0.22262573, 0.019042969, 0.26071167, 0.5023804, 0.7440491, -0.8453369, -0.6036682, -0.3619995, -0.12033081, 0.12133789, 0.3630066, 0.6046753, 0.846344, -0.743042, -0.5013733, -0.2597046, -0.018035889, 0.22363281, 0.4653015, 0.7069702, -0.8824158, -0.6407471, -0.39907837, -0.15740967, 0.08425903, 0.32592773, 0.56759644, 0.80926514, -0.78012085, -0.53845215, -0.29678345, -0.055114746, 0.18655396, 0.42822266, 0.66989136, 0.91156006, -0.6778259, -0.43615723, -0.19448853, 0.047180176, 0.28884888, 0.5305176, 0.7721863, -0.8171997, -0.575531, -0.3338623, -0.0921936, 0.1494751, 0.3911438, 0.6328125, 0.8744812, -0.7149048, -0.47323608, -0.23156738, 0.010101318, 0.25177002, 0.49343872, 0.7351074, -0.85427856, -0.61260986, -0.37094116, -0.12927246, 0.11239624, 0.35406494, 0.59573364, 0.83740234, -0.75198364, -0.51031494, -0.26864624, -0.026977539, 0.21469116, 0.45635986, 0.69802856, -0.8913574, -0.6496887, -0.40802002, -0.16635132, 0.07531738, 0.31698608, 0.5586548, 0.8003235, -0.7890625, -0.5473938, -0.3057251, -0.0640564, 0.1776123, 0.419281, 0.6609497, 0.9026184, -0.6867676, -0.44509888, -0.20343018, 0.038238525, 0.27990723, 0.5215759, 0.7632446, -0.82614136, -0.58447266, -0.34280396, -0.101135254, 0.14053345, 0.38220215, 0.62387085, 0.86553955, -0.72384644, -0.48217773, -0.24050903, 0.001159668, 0.24282837, 0.48449707, 0.7261658, -0.8632202, -0.6215515, -0.3798828, -0.13821411, 0.10345459, 0.3451233, 0.586792, 0.8284607, -0.7609253, -0.5192566, -0.2775879, -0.03591919, 0.20574951, 0.4474182, 0.6890869, -0.9002991, -0.6586304, -0.41696167, -0.17529297, 0.06637573, 0.30804443, 0.54971313, 0.79138184, -0.79800415, -0.55633545, -0.31466675, -0.07299805, 0.16867065, 0.41033936, 0.65200806, 0.89367676, -0.6957092, -0.45404053, -0.21237183, 0.029296875, 0.27096558, 0.5126343, 0.754303, -0.835083, -0.5934143, -0.3517456, -0.110076904, 0.1315918, 0.3732605, 0.6149292, 0.8565979, -0.7327881, -0.49111938, -0.24945068, -0.0077819824, 0.23388672, 0.47555542, 0.7172241, -0.87216187, -0.63049316, -0.38882446, -0.14715576, 0.09451294, 0.33618164, 0.57785034, 0.81951904, -0.76986694, -0.52819824, -0.28652954, -0.04486084, 0.19680786, 0.43847656, 0.68014526, -0.9092407, -0.667572, -0.42590332, -0.18423462, 0.057434082, 0.29910278, 0.5407715, 0.7824402, -0.8069458, -0.5652771, -0.3236084, -0.0819397, 0.159729, 0.4013977, 0.6430664, 0.8847351, -0.7046509, -0.46298218, -0.22131348, 0.020355225, 0.26202393, 0.5036926, 0.7453613, -0.84402466, -0.60235596, -0.36068726, -0.119018555, 0.12265015, 0.36431885, 0.60598755, 0.84765625, -0.74172974, -0.50006104, -0.25839233, -0.016723633, 0.22494507, 0.46661377, 0.7082825, -0.8811035, -0.6394348, -0.3977661, -0.15609741, 0.08557129, 0.32724, 0.5689087, 0.8105774, -0.7788086, -0.5371399, -0.2954712, -0.05380249, 0.18786621, 0.4295349, 0.6712036, 0.9128723, -0.6765137, -0.43484497, -0.19317627, 0.04849243, 0.29016113, 0.53182983, 0.77349854, -0.81588745, -0.57421875, -0.33255005, -0.09088135, 0.15078735, 0.39245605, 0.63412476, 0.87579346, -0.7135925, -0.47192383, -0.23025513, 0.011413574, 0.25308228, 0.49475098, 0.7364197, -0.8529663, -0.6112976, -0.3696289, -0.1279602, 0.113708496, 0.3553772, 0.5970459, 0.8387146, -0.7506714, -0.5090027, -0.26733398, -0.025665283, 0.21600342, 0.45767212, 0.6993408, -0.89004517, -0.64837646, -0.40670776, -0.16503906, 0.07662964, 0.31829834, 0.55996704, 0.80163574, -0.78775024, -0.54608154, -0.30441284, -0.06274414, 0.17892456, 0.42059326, 0.66226196, 0.90393066, -0.6854553, -0.44378662, -0.20211792, 0.03955078, 0.28121948, 0.5228882, 0.7645569, -0.8248291, -0.5831604, -0.3414917, -0.099823, 0.1418457, 0.3835144, 0.6251831, 0.8668518, -0.7225342, -0.48086548, -0.23919678, 0.0024719238, 0.24414063, 0.48580933, 0.727478, -0.86190796, -0.62023926, -0.37857056, -0.13690186, 0.104766846, 0.34643555, 0.58810425, 0.82977295, -0.75961304, -0.51794434, -0.27627563, -0.034606934, 0.20706177, 0.44873047, 0.69039917, -0.8989868, -0.6573181, -0.4156494, -0.17398071, 0.06768799, 0.3093567, 0.5510254, 0.7926941, -0.7966919, -0.5550232, -0.3133545, -0.07168579, 0.16998291, 0.4116516, 0.6533203, 0.894989, -0.694397, -0.45272827, -0.21105957, 0.03060913, 0.27227783, 0.51394653, 0.75561523, -0.83377075, -0.59210205, -0.35043335, -0.10876465, 0.13290405, 0.37457275, 0.61624146, 0.85791016, -0.73147583, -0.48980713, -0.24813843, -0.0064697266, 0.23519897, 0.47686768, 0.7185364, -0.8708496, -0.6291809, -0.3875122, -0.1458435, 0.095825195, 0.3374939, 0.5791626, 0.8208313, -0.7685547, -0.526886, -0.2852173, -0.043548584, 0.19812012, 0.43978882, 0.6814575, -0.90792847, -0.66625977, -0.42459106, -0.18292236, 0.058746338, 0.30041504, 0.54208374, 0.78375244, -0.80563354, -0.56396484, -0.32229614, -0.08062744, 0.16104126, 0.40270996, 0.64437866, 0.88604736, -0.7033386, -0.46166992, -0.22000122, 0.02166748, 0.26333618, 0.5050049, 0.7466736, -0.8427124, -0.6010437, -0.359375, -0.1177063, 0.1239624, 0.3656311, 0.6072998, 0.8489685, -0.7404175, -0.49874878, -0.25708008, -0.015411377, 0.22625732, 0.46792603, 0.7095947, -0.87979126, -0.63812256, -0.39645386, -0.15478516, 0.086883545, 0.32855225, 0.57022095, 0.81188965, -0.77749634, -0.53582764, -0.29415894, -0.052490234, 0.18917847, 0.43084717, 0.67251587, 0.9141846, -0.6752014, -0.4335327, -0.19186401, 0.049804688, 0.2914734, 0.5331421, 0.7748108, -0.8145752, -0.5729065, -0.3312378, -0.08956909, 0.15209961, 0.3937683, 0.635437, 0.8771057, -0.7122803, -0.47061157, -0.22894287, 0.01272583, 0.25439453, 0.49606323, 0.73773193, -0.85165405, -0.60998535, -0.36831665, -0.12664795, 0.11502075, 0.35668945, 0.59835815, 0.84002686, -0.74935913, -0.5076904, -0.26602173, -0.024353027, 0.21731567, 0.45898438, 0.7006531, -0.8887329, -0.6470642, -0.4053955, -0.1637268, 0.077941895, 0.3196106, 0.5612793, 0.802948, -0.786438, -0.5447693, -0.3031006, -0.061431885, 0.18023682, 0.42190552, 0.6635742, 0.9052429, -0.68414307, -0.44247437, -0.20080566, 0.040863037, 0.28253174, 0.52420044, 0.76586914, -0.82351685, -0.58184814, -0.34017944, -0.09851074, 0.14315796, 0.38482666, 0.62649536, 0.86816406, -0.7212219, -0.47955322, -0.23788452, 0.0037841797, 0.24545288, 0.48712158, 0.7287903, -0.8605957, -0.618927, -0.3772583, -0.1355896, 0.1060791, 0.3477478, 0.5894165, 0.8310852, -0.7583008, -0.5166321, -0.27496338, -0.033294678, 0.20837402, 0.45004272, 0.6917114, -0.89767456, -0.65600586, -0.41433716, -0.17266846, 0.069000244, 0.31066895, 0.55233765, 0.79400635, -0.79537964, -0.55371094, -0.31204224, -0.070373535, 0.17129517, 0.41296387, 0.65463257, 0.89630127, -0.6930847, -0.45141602, -0.20974731, 0.031921387, 0.2735901, 0.5152588, 0.7569275, -0.8324585, -0.5907898, -0.3491211, -0.10745239, 0.13421631, 0.375885, 0.6175537, 0.8592224, -0.7301636, -0.48849487, -0.24682617, -0.0051574707, 0.23651123, 0.47817993, 0.71984863, -0.86953735, -0.62786865, -0.38619995, -0.14453125, 0.09713745, 0.33880615, 0.58047485, 0.82214355, -0.76724243, -0.52557373, -0.28390503, -0.042236328, 0.19943237, 0.44110107, 0.6827698, -0.9066162, -0.6649475, -0.4232788, -0.1816101, 0.060058594, 0.3017273, 0.543396, 0.7850647, -0.8043213, -0.5626526, -0.3209839, -0.079315186, 0.16235352, 0.40402222, 0.6456909, 0.8873596, -0.70202637, -0.46035767, -0.21868896, 0.022979736, 0.26464844, 0.50631714, 0.74798584, -0.84140015, -0.59973145, -0.35806274, -0.11639404, 0.12527466, 0.36694336, 0.60861206, 0.85028076, -0.7391052, -0.49743652, -0.25576782, -0.014099121, 0.22756958, 0.46923828, 0.710907, -0.878479, -0.6368103, -0.3951416, -0.1534729, 0.0881958, 0.3298645, 0.5715332, 0.8132019, -0.7761841, -0.5345154, -0.29284668, -0.05117798, 0.19049072, 0.43215942, 0.6738281, 0.9154968, -0.67388916, -0.43222046, -0.19055176, 0.051116943, 0.29278564, 0.53445435, 0.77612305, -0.81326294, -0.57159424, -0.32992554, -0.088256836, 0.15341187, 0.39508057, 0.63674927, 0.87841797, -0.710968, -0.46929932, -0.22763062, 0.014038086, 0.2557068, 0.4973755, 0.7390442, -0.8503418, -0.6086731, -0.3670044, -0.1253357, 0.11633301, 0.3580017, 0.5996704, 0.8413391, -0.7480469, -0.5063782, -0.26470947, -0.023040771, 0.21862793, 0.46029663, 0.70196533, -0.88742065, -0.64575195, -0.40408325, -0.16241455, 0.07925415, 0.32092285, 0.56259155, 0.80426025, -0.78512573, -0.54345703, -0.30178833, -0.06011963, 0.18154907, 0.42321777, 0.6648865, 0.9065552, -0.6828308, -0.4411621, -0.19949341, 0.042175293, 0.283844, 0.5255127, 0.7671814, -0.8222046, -0.5805359, -0.3388672, -0.09719849, 0.14447021, 0.38613892, 0.6278076, 0.8694763, -0.71990967, -0.47824097, -0.23657227, 0.0050964355, 0.24676514, 0.48843384, 0.73010254, -0.85928345, -0.61761475, -0.37594604, -0.13427734, 0.10739136, 0.34906006, 0.59072876, 0.83239746, -0.7569885, -0.5153198, -0.27365112, -0.031982422, 0.20968628, 0.45135498, 0.6930237, -0.8963623, -0.6546936, -0.4130249, -0.1713562, 0.0703125, 0.3119812, 0.5536499, 0.7953186, -0.7940674, -0.5523987, -0.31072998, -0.06906128, 0.17260742, 0.41427612, 0.6559448, 0.8976135, -0.69177246, -0.45010376, -0.20843506, 0.033233643, 0.27490234, 0.51657104, 0.75823975, -0.83114624, -0.58947754, -0.34780884, -0.10614014, 0.13552856, 0.37719727, 0.61886597, 0.86053467, -0.7288513, -0.48718262, -0.24551392, -0.0038452148, 0.23782349, 0.4794922, 0.7211609, -0.8682251, -0.6265564, -0.3848877, -0.143219, 0.09844971, 0.3401184, 0.5817871, 0.8234558, -0.7659302, -0.5242615, -0.28259277, -0.040924072, 0.20074463, 0.44241333, 0.68408203, -0.90530396, -0.66363525, -0.42196655, -0.18029785, 0.06137085, 0.30303955, 0.54470825, 0.78637695, -0.80300903, -0.56134033, -0.31967163, -0.07800293, 0.16366577, 0.40533447, 0.6470032, 0.8886719, -0.7007141, -0.4590454, -0.21737671, 0.024291992, 0.2659607, 0.5076294, 0.7492981, -0.8400879, -0.5984192, -0.3567505, -0.11508179, 0.12658691, 0.36825562, 0.6099243, 0.851593, -0.73779297, -0.49612427, -0.25445557, -0.012786865, 0.22888184, 0.47055054, 0.71221924, -0.87716675, -0.63549805, -0.39382935, -0.15216064, 0.08950806, 0.33117676, 0.57284546, 0.81451416, -0.7748718, -0.5332031, -0.29153442, -0.049865723, 0.19180298, 0.43347168, 0.6751404, -0.9142456, -0.32861328, -0.08694458, 0.15472412, 0.39639282, 0.6380615, 0.8797302, -0.70965576, -0.46798706, -0.22631836, 0.015350342, 0.25701904, 0.49868774, 0.74035645, -0.84902954, -0.60736084, -0.36569214, -0.12402344, 0.11764526, 0.35931396, 0.60098267, 0.84265137, -0.7467346, -0.5050659, -0.26339722, -0.021728516, 0.21994019, 0.4616089, 0.7032776, -0.8861084, -0.6444397, -0.402771, -0.1611023, 0.080566406, 0.3222351, 0.5639038, 0.8055725, -0.7838135, -0.5421448, -0.30047607, -0.058807373, 0.18286133, 0.42453003, 0.66619873, 0.90786743, -0.68151855, -0.43984985, -0.19818115, 0.04348755, 0.28515625, 0.52682495, 0.76849365, -0.82089233, -0.57922363, -0.33755493, -0.09588623, 0.14578247, 0.38745117, 0.6291199, 0.8707886, -0.7185974, -0.4769287, -0.23526001, 0.0064086914, 0.2480774, 0.4897461, 0.7314148, -0.8579712, -0.6163025, -0.3746338, -0.13296509, 0.10870361, 0.3503723, 0.592041, 0.8337097, -0.75567627, -0.51400757, -0.27233887, -0.030670166, 0.21099854, 0.45266724, 0.69433594, -0.89505005, -0.65338135, -0.41171265, -0.17004395, 0.071624756, 0.31329346, 0.55496216, 0.79663086, -0.7927551, -0.5510864, -0.30941772, -0.06774902, 0.17391968, 0.41558838, 0.6572571, 0.8989258, -0.6904602, -0.4487915, -0.2071228, 0.0345459, 0.2762146, 0.5178833, 0.759552, -0.829834, -0.5881653, -0.34649658, -0.10482788, 0.13684082, 0.37850952, 0.6201782, 0.8618469, -0.72753906, -0.48587036, -0.24420166, -0.002532959, 0.23913574, 0.48080444, 0.72247314, -0.86691284, -0.62524414, -0.38357544, -0.14190674, 0.09976196, 0.34143066, 0.58309937, 0.82476807, -0.7646179, -0.5229492, -0.28128052, -0.039611816, 0.20205688, 0.4437256, 0.6853943, -0.9039917, -0.662323, -0.4206543, -0.1789856, 0.062683105, 0.3043518, 0.5460205, 0.7876892, -0.8016968, -0.5600281, -0.31835938, -0.076690674, 0.16497803, 0.40664673, 0.6483154, 0.88998413, -0.69940186, -0.45773315, -0.21606445, 0.025604248, 0.26727295, 0.50894165, 0.75061035, -0.83877563, -0.59710693, -0.35543823, -0.11376953, 0.12789917, 0.36956787, 0.6112366, 0.8529053, -0.7364807, -0.494812, -0.2531433, -0.011474609, 0.23019409, 0.4718628, 0.7135315, -0.8758545, -0.6341858, -0.3925171, -0.15084839, 0.09082031, 0.332489, 0.5741577, 0.8158264, -0.7735596, -0.53189087, -0.29022217, -0.048553467, 0.19311523, 0.43478394, 0.67645264, -0.91293335, -0.67126465, -0.42959595, -0.18792725, 0.053741455, 0.29541016, 0.53707886, 0.77874756, -0.8106384, -0.5689697, -0.32730103, -0.085632324, 0.15603638, 0.39770508, 0.6393738, 0.8810425, -0.7083435, -0.4666748, -0.2250061, 0.016662598, 0.2583313, 0.5, 0.7416687, -0.8477173, -0.6060486, -0.36437988, -0.12271118, 0.11895752, 0.36062622, 0.6022949, 0.8439636, -0.74542236, -0.50375366, -0.26208496, -0.02041626, 0.22125244, 0.46292114, 0.70458984, -0.88479614, -0.64312744, -0.40145874, -0.15979004, 0.08187866, 0.32354736, 0.56521606, 0.80688477, -0.7825012, -0.5408325, -0.29916382, -0.057495117, 0.18417358, 0.4258423, 0.667511, 0.9091797, -0.6802063, -0.4385376, -0.1968689, 0.044799805, 0.2864685, 0.5281372, 0.7698059, -0.8195801, -0.5779114, -0.33624268, -0.094573975, 0.14709473, 0.38876343, 0.6304321, 0.87210083, -0.71728516, -0.47561646, -0.23394775, 0.0077209473, 0.24938965, 0.49105835, 0.73272705, -0.85665894, -0.61499023, -0.37332153, -0.13165283, 0.11001587, 0.35168457, 0.5933533, 0.835022, -0.754364, -0.5126953, -0.2710266, -0.02935791, 0.21231079, 0.4539795, 0.6956482, -0.8937378, -0.6520691, -0.4104004, -0.16873169, 0.07293701, 0.3146057, 0.5562744, 0.7979431, -0.7914429, -0.54977417, -0.30810547, -0.06643677, 0.17523193, 0.41690063, 0.65856934, 0.90023804, -0.68914795, -0.44747925, -0.20581055, 0.035858154, 0.27752686, 0.51919556, 0.76086426, -0.8285217, -0.586853, -0.34518433, -0.103515625, 0.13815308, 0.37982178, 0.6214905, 0.8631592, -0.7262268, -0.4845581, -0.2428894, -0.0012207031, 0.240448, 0.4821167, 0.7237854, -0.8656006, -0.6239319, -0.38226318, -0.14059448, 0.10107422, 0.34274292, 0.5844116, 0.8260803, -0.76330566, -0.52163696, -0.27996826, -0.03829956, 0.20336914, 0.44503784, 0.68670654, -0.90267944, -0.66101074, -0.41934204, -0.17767334, 0.06399536, 0.30566406, 0.54733276, 0.78900146, -0.8003845, -0.5587158, -0.31704712, -0.07537842, 0.16629028, 0.40795898, 0.6496277, 0.8912964, -0.6980896, -0.4564209, -0.2147522, 0.026916504, 0.2685852, 0.5102539, 0.7519226, -0.8374634, -0.5957947, -0.35412598, -0.112457275, 0.12921143, 0.37088013, 0.6125488, 0.8542175, -0.73516846, -0.49349976, -0.25183105, -0.0101623535, 0.23150635, 0.47317505, 0.71484375, -0.87454224, -0.63287354, -0.39120483, -0.14953613, 0.09213257, 0.33380127, 0.57547, 0.8171387, -0.7722473, -0.5305786, -0.2889099, -0.04724121, 0.19442749, 0.4360962, 0.6777649, -0.9116211, -0.6699524, -0.4282837, -0.18661499, 0.05505371, 0.2967224, 0.5383911, 0.7800598, -0.8093262, -0.5676575, -0.32598877, -0.08432007, 0.15734863, 0.39901733, 0.64068604, 0.88235474, -0.70703125, -0.46536255, -0.22369385, 0.017974854, 0.25964355, 0.50131226, 0.74298096, -0.846405, -0.6047363, -0.36306763, -0.121398926, 0.120269775, 0.36193848, 0.6036072, 0.8452759, -0.7441101, -0.5024414, -0.2607727, -0.019104004, 0.2225647, 0.4642334, 0.7059021, -0.8834839, -0.6418152, -0.40014648, -0.15847778, 0.08319092, 0.32485962, 0.5665283, 0.808197, -0.78118896, -0.53952026, -0.29785156, -0.05618286, 0.18548584, 0.42715454, 0.66882324, 0.91049194, -0.67889404, -0.43722534, -0.19555664, 0.04611206, 0.28778076, 0.52944946, 0.77111816, -0.8182678, -0.5765991, -0.33493042, -0.09326172, 0.14840698, 0.39007568, 0.6317444, 0.8734131, -0.7159729, -0.4743042, -0.2326355, 0.009033203, 0.2507019, 0.4923706, 0.7340393, -0.8553467, -0.613678, -0.37200928, -0.13034058, 0.111328125, 0.35299683, 0.5946655, 0.8363342, -0.75305176, -0.51138306, -0.26971436, -0.028045654, 0.21362305, 0.45529175, 0.69696045, -0.89242554, -0.65075684, -0.40908813, -0.16741943, 0.07424927, 0.31591797, 0.55758667, 0.7992554, -0.7901306, -0.5484619, -0.3067932, -0.06512451, 0.17654419, 0.4182129, 0.6598816, 0.9015503, -0.6878357, -0.446167, -0.20449829, 0.03717041, 0.2788391, 0.5205078, 0.7621765, -0.8272095, -0.5855408, -0.34387207, -0.10220337, 0.13946533, 0.38113403, 0.62280273, 0.86447144, -0.72491455, -0.48324585, -0.24157715, 9.1552734e-5, 0.24176025, 0.48342896, 0.72509766, -0.86428833, -0.6226196, -0.38095093, -0.13928223, 0.102386475, 0.34405518, 0.5857239, 0.8273926, -0.7619934, -0.5203247, -0.278656, -0.036987305, 0.2046814, 0.4463501, 0.6880188, -0.9013672, -0.6596985, -0.4180298, -0.17636108, 0.06530762, 0.30697632, 0.548645, 0.7903137, -0.79907227, -0.55740356, -0.31573486, -0.07406616, 0.16760254, 0.40927124, 0.65093994, 0.89260864, -0.69677734, -0.45510864, -0.21343994, 0.02822876, 0.26989746, 0.51156616, 0.75323486, -0.8361511, -0.5944824, -0.35281372, -0.11114502, 0.13052368, 0.37219238, 0.6138611, 0.8555298, -0.7338562, -0.4921875, -0.2505188, -0.008850098, 0.2328186, 0.4744873, 0.716156, -0.87323, -0.6315613, -0.38989258, -0.14822388, 0.093444824, 0.33511353, 0.5767822, 0.8184509, -0.77093506, -0.52926636, -0.28759766, -0.045928955, 0.19573975, 0.43740845, 0.67907715, -0.91030884, -0.66864014, -0.42697144, -0.18530273, 0.056365967, 0.29803467, 0.53970337, 0.7813721, -0.8080139, -0.5663452, -0.3246765, -0.08300781, 0.15866089, 0.4003296, 0.6419983, 0.883667, -0.705719, -0.4640503, -0.22238159, 0.01928711, 0.2609558, 0.5026245, 0.7442932, -0.8450928, -0.6034241, -0.36175537, -0.12008667, 0.12158203, 0.36325073, 0.60491943, 0.84658813, -0.74279785, -0.50112915, -0.25946045, -0.017791748, 0.22387695, 0.46554565, 0.70721436, -0.88217163, -0.6405029, -0.39883423, -0.15716553, 0.084503174, 0.32617188, 0.5678406, 0.8095093, -0.7798767, -0.538208, -0.2965393, -0.054870605, 0.1867981, 0.4284668, 0.6701355, 0.9118042, -0.6775818, -0.4359131, -0.19424438, 0.047424316, 0.28909302, 0.5307617, 0.7724304, -0.81695557, -0.57528687, -0.33361816, -0.09194946, 0.14971924, 0.39138794, 0.63305664, 0.87472534, -0.71466064, -0.47299194, -0.23132324, 0.010345459, 0.25201416, 0.49368286, 0.73535156, -0.8540344, -0.6123657, -0.37069702, -0.12902832, 0.11264038, 0.35430908, 0.5959778, 0.8376465, -0.7517395, -0.5100708, -0.2684021, -0.026733398, 0.2149353, 0.456604, 0.6982727, -0.8911133, -0.6494446, -0.40777588, -0.16610718, 0.07556152, 0.31723022, 0.5588989, 0.8005676, -0.78881836, -0.54714966, -0.30548096, -0.063812256, 0.17785645, 0.41952515, 0.66119385, 0.90286255, -0.68652344, -0.44485474, -0.20318604, 0.038482666, 0.28015137, 0.52182007, 0.76348877, -0.8258972, -0.5842285, -0.3425598, -0.10089111, 0.14077759, 0.3824463, 0.624115, 0.8657837, -0.7236023, -0.4819336, -0.2402649, 0.0014038086, 0.24307251, 0.4847412, 0.7264099, -0.8629761, -0.6213074, -0.37963867, -0.13796997, 0.10369873, 0.34536743, 0.58703613, 0.82870483, -0.76068115, -0.51901245, -0.27734375, -0.03567505, 0.20599365, 0.44766235, 0.68933105, -0.90005493, -0.65838623, -0.41671753, -0.17504883, 0.06661987, 0.30828857, 0.5499573, 0.791626, -0.79776, -0.5560913, -0.3144226, -0.072753906, 0.1689148, 0.4105835, 0.6522522, 0.8939209, -0.6954651, -0.4537964, -0.21212769, 0.029541016, 0.27120972, 0.5128784, 0.7545471, -0.83483887, -0.59317017, -0.35150146, -0.10983276, 0.13183594, 0.37350464, 0.61517334, 0.85684204, -0.73254395, -0.49087524, -0.24920654, -0.007537842, 0.23413086, 0.47579956, 0.71746826, -0.8719177, -0.630249, -0.38858032, -0.14691162, 0.09475708, 0.33642578, 0.5780945, 0.8197632, -0.7696228, -0.5279541, -0.2862854, -0.0446167, 0.197052, 0.4387207, 0.6803894, -0.9089966, -0.6673279, -0.42565918, -0.18399048, 0.057678223, 0.29934692, 0.5410156, 0.7826843, -0.80670166, -0.56503296, -0.32336426, -0.08169556, 0.15997314, 0.40164185, 0.64331055, 0.88497925, -0.70440674, -0.46273804, -0.22106934, 0.020599365, 0.26226807, 0.50393677, 0.74560547, -0.8437805, -0.6021118, -0.36044312, -0.118774414, 0.12289429, 0.364563, 0.6062317, 0.8479004, -0.7414856, -0.4998169, -0.2581482, -0.016479492, 0.22518921, 0.4668579, 0.7085266, -0.8808594, -0.6391907, -0.39752197, -0.15585327, 0.08581543, 0.32748413, 0.56915283, 0.81082153, -0.77856445, -0.53689575, -0.29522705, -0.05355835, 0.18811035, 0.42977905, 0.67144775, 0.91311646, -0.67626953, -0.43460083, -0.19293213, 0.048736572, 0.29040527, 0.532074, 0.7737427, -0.8156433, -0.5739746, -0.3323059, -0.09063721, 0.1510315, 0.3927002, 0.6343689, 0.8760376, -0.7133484, -0.4716797, -0.23001099, 0.011657715, 0.25332642, 0.49499512, 0.7366638, -0.85272217, -0.61105347, -0.36938477, -0.12771606, 0.11395264, 0.35562134, 0.59729004, 0.83895874, -0.75042725, -0.50875854, -0.26708984, -0.025421143, 0.21624756, 0.45791626, 0.69958496, -0.889801, -0.6481323, -0.40646362, -0.16479492, 0.07687378, 0.31854248, 0.5602112, 0.8018799, -0.7875061, -0.5458374, -0.3041687, -0.0625, 0.1791687, 0.4208374, 0.6625061, 0.9041748, -0.6852112, -0.44354248, -0.20187378, 0.039794922, 0.28146362, 0.5231323, 0.764801, -0.82458496, -0.58291626, -0.34124756, -0.09957886, 0.14208984, 0.38375854, 0.62542725, 0.86709595, -0.72229004, -0.48062134, -0.23895264, 0.0027160645, 0.24438477, 0.48605347, 0.72772217, -0.8616638, -0.6199951, -0.37832642, -0.13665771, 0.10501099, 0.3466797, 0.5883484, 0.8300171, -0.7593689, -0.5177002, -0.2760315, -0.034362793, 0.20730591, 0.4489746, 0.6906433, -0.8987427, -0.657074, -0.41540527, -0.17373657, 0.06793213, 0.30960083, 0.55126953, 0.79293823, -0.79644775, -0.55477905, -0.31311035, -0.07144165, 0.17022705, 0.41189575, 0.65356445, 0.89523315, -0.69415283, -0.45248413, -0.21081543, 0.030853271, 0.27252197, 0.5141907, 0.7558594, -0.8335266, -0.5918579, -0.3501892, -0.10852051, 0.1331482, 0.3748169, 0.6164856, 0.8581543, -0.7312317, -0.489563, -0.24789429, -0.006225586, 0.23544312, 0.47711182, 0.7187805, -0.87060547, -0.62893677, -0.38726807, -0.14559937, 0.096069336, 0.33773804, 0.57940674, 0.82107544, -0.76831055, -0.52664185, -0.28497314, -0.043304443, 0.19836426, 0.44003296, 0.68170166, -0.9076843, -0.6660156, -0.42434692, -0.18267822, 0.05899048, 0.30065918, 0.5423279, 0.7839966, -0.8053894, -0.5637207, -0.322052, -0.0803833, 0.1612854, 0.4029541, 0.6446228, 0.8862915, -0.7030945, -0.46142578, -0.21975708, 0.021911621, 0.26358032, 0.505249, 0.7469177, -0.84246826, -0.60079956, -0.35913086, -0.11746216, 0.12420654, 0.36587524, 0.60754395, 0.84921265, -0.74017334, -0.49850464, -0.25683594, -0.015167236, 0.22650146, 0.46817017, 0.70983887, -0.8795471, -0.052246094, 0.1894226, 0.4310913, 0.67276, 0.9144287, -0.6749573, -0.43328857, -0.19161987, 0.050048828, 0.29171753, 0.53338623, 0.77505493, -0.81433105, -0.57266235, -0.33099365, -0.08932495, 0.15234375, 0.39401245, 0.63568115, 0.87734985, -0.71203613, -0.47036743, -0.22869873, 0.012969971, 0.25463867, 0.49630737, 0.7379761, -0.8514099, -0.6097412, -0.3680725, -0.12640381, 0.11526489, 0.3569336, 0.5986023, 0.840271, -0.749115, -0.5074463, -0.2657776, -0.024108887, 0.21755981, 0.45922852, 0.7008972, -0.88848877, -0.64682007, -0.40515137, -0.16348267, 0.078186035, 0.31985474, 0.56152344, 0.80319214, -0.78619385, -0.54452515, -0.30285645, -0.061187744, 0.18048096, 0.42214966, 0.66381836, 0.90548706, -0.6838989, -0.44223022, -0.20056152, 0.041107178, 0.28277588, 0.5244446, 0.7661133, -0.8232727, -0.581604, -0.3399353, -0.0982666, 0.1434021, 0.3850708, 0.6267395, 0.8684082, -0.7209778, -0.47930908, -0.23764038, 0.0040283203, 0.24569702, 0.48736572, 0.7290344, -0.86035156, -0.61868286, -0.37701416, -0.13534546, 0.10632324, 0.34799194, 0.58966064, 0.83132935, -0.75805664, -0.51638794, -0.27471924, -0.033050537, 0.20861816, 0.45028687, 0.69195557, -0.8974304, -0.6557617, -0.41409302, -0.17242432, 0.069244385, 0.3109131, 0.5525818, 0.7942505, -0.7951355, -0.5534668, -0.3117981, -0.070129395, 0.1715393, 0.413208, 0.6548767, 0.8965454, -0.6928406, -0.45117188, -0.20950317, 0.032165527, 0.27383423, 0.5155029, 0.75717163, -0.83221436, -0.59054565, -0.34887695, -0.10720825, 0.13446045, 0.37612915, 0.61779785, 0.85946655, -0.72991943, -0.48825073, -0.24658203, -0.00491333, 0.23675537, 0.47842407, 0.7200928, -0.8692932, -0.6276245, -0.3859558, -0.14428711, 0.09738159, 0.3390503, 0.580719, 0.8223877, -0.7669983, -0.5253296, -0.2836609, -0.041992188, 0.19967651, 0.4413452, 0.6830139, -0.9063721, -0.66470337, -0.42303467, -0.18136597, 0.060302734, 0.30197144, 0.54364014, 0.78530884, -0.80407715, -0.56240845, -0.32073975, -0.079071045, 0.16259766, 0.40426636, 0.64593506, 0.88760376, -0.7017822, -0.46011353, -0.21844482, 0.023223877, 0.26489258, 0.5065613, 0.74823, -0.841156, -0.5994873, -0.3578186, -0.1161499, 0.1255188, 0.3671875, 0.6088562, 0.8505249, -0.7388611, -0.49719238, -0.25552368, -0.0138549805, 0.22781372, 0.46948242, 0.7111511, -0.87823486, -0.63656616, -0.39489746, -0.15322876, 0.08843994, 0.33010864, 0.57177734, 0.81344604, -0.77593994, -0.53427124, -0.29260254, -0.050933838, 0.19073486, 0.43240356, 0.67407227, -0.9153137, -0.673645, -0.43197632, -0.19030762, 0.051361084, 0.2930298, 0.5346985, 0.7763672, -0.8130188, -0.5713501, -0.3296814, -0.088012695, 0.153656, 0.3953247, 0.6369934, 0.8786621, -0.7107239, -0.46905518, -0.22738647, 0.014282227, 0.25595093, 0.49761963, 0.73928833, -0.85009766, -0.60842896, -0.36676025, -0.12509155, 0.11657715, 0.35824585, 0.59991455, 0.84158325, -0.74780273, -0.50613403, -0.26446533, -0.02279663, 0.21887207, 0.46054077, 0.7022095, -0.8871765, -0.6455078, -0.4038391, -0.16217041, 0.07949829, 0.321167, 0.5628357, 0.8045044, -0.7848816, -0.5432129, -0.3015442, -0.05987549, 0.18179321, 0.4234619, 0.6651306, 0.9067993, -0.68258667, -0.44091797, -0.19924927, 0.042419434, 0.28408813, 0.52575684, 0.76742554, -0.82196045, -0.58029175, -0.33862305, -0.096954346, 0.14471436, 0.38638306, 0.62805176, 0.86972046, -0.7196655, -0.47799683, -0.23632813, 0.005340576, 0.24700928, 0.48867798, 0.7303467, -0.8590393, -0.6173706, -0.3757019, -0.1340332, 0.1076355, 0.3493042, 0.5909729, 0.8326416, -0.7567444, -0.5150757, -0.27340698, -0.03173828, 0.20993042, 0.45159912, 0.6932678, -0.89611816, -0.65444946, -0.41278076, -0.17111206, 0.07055664, 0.31222534, 0.55389404, 0.79556274, -0.79382324, -0.55215454, -0.31048584, -0.06881714, 0.17285156, 0.41452026, 0.65618896, 0.89785767, -0.6915283, -0.44985962, -0.20819092, 0.033477783, 0.27514648, 0.5168152, 0.7584839, -0.8309021, -0.5892334, -0.3475647, -0.105895996, 0.1357727, 0.3774414, 0.6191101, 0.8607788, -0.7286072, -0.48693848, -0.24526978, -0.0036010742, 0.23806763, 0.47973633, 0.721405, -0.86798096, -0.62631226, -0.38464355, -0.14297485, 0.09869385, 0.34036255, 0.58203125, 0.82369995, -0.76568604, -0.52401733, -0.28234863, -0.04067993, 0.20098877, 0.44265747, 0.6843262, -0.9050598, -0.6633911, -0.4217224, -0.18005371, 0.06161499, 0.3032837, 0.5449524, 0.7866211, -0.8027649, -0.5610962, -0.3194275, -0.07775879, 0.16390991, 0.4055786, 0.6472473, 0.888916, -0.70047, -0.45880127, -0.21713257, 0.024536133, 0.26620483, 0.50787354, 0.74954224, -0.83984375, -0.59817505, -0.35650635, -0.11483765, 0.12683105, 0.36849976, 0.61016846, 0.85183716, -0.7375488, -0.49588013, -0.25421143, -0.012542725, 0.22912598, 0.47079468, 0.7124634, -0.8769226, -0.6352539, -0.3935852, -0.1519165, 0.0897522, 0.3314209, 0.5730896, 0.8147583, -0.7746277, -0.532959, -0.29129028, -0.049621582, 0.19204712, 0.43371582, 0.6753845, -0.91400146, -0.67233276, -0.43066406, -0.18899536, 0.05267334, 0.29434204, 0.53601074, 0.77767944, -0.81170654, -0.57003784, -0.32836914, -0.08670044, 0.15496826, 0.39663696, 0.63830566, 0.87997437, -0.7094116, -0.46774292, -0.22607422, 0.015594482, 0.25726318, 0.49893188, 0.7406006, -0.8487854, -0.6071167, -0.365448, -0.1237793, 0.117889404, 0.3595581, 0.6012268, 0.8428955, -0.7464905, -0.5048218, -0.26315308, -0.021484375, 0.22018433, 0.46185303, 0.7035217, -0.88586426, -0.64419556, -0.40252686, -0.16085815, 0.08081055, 0.32247925, 0.56414795, 0.80581665, -0.78356934, -0.54190063, -0.30023193, -0.058563232, 0.18310547, 0.42477417, 0.6664429, 0.9081116, -0.6812744, -0.4396057, -0.19793701, 0.04373169, 0.2854004, 0.5270691, 0.7687378, -0.8206482, -0.5789795, -0.3373108, -0.09564209, 0.14602661, 0.3876953, 0.629364, 0.8710327, -0.7183533, -0.47668457, -0.23501587, 0.006652832, 0.24832153, 0.48999023, 0.73165894, -0.85772705, -0.61605835, -0.37438965, -0.13272095, 0.108947754, 0.35061646, 0.59228516, 0.83395386, -0.7554321, -0.5137634, -0.27209473, -0.030426025, 0.21124268, 0.45291138, 0.6945801, -0.8948059, -0.6531372, -0.4114685, -0.1697998, 0.0718689, 0.3135376, 0.5552063, 0.796875, -0.792511, -0.5508423, -0.30917358, -0.06750488, 0.17416382, 0.41583252, 0.6575012, 0.8991699, -0.69021606, -0.44854736, -0.20687866, 0.03479004, 0.27645874, 0.51812744, 0.75979614, -0.82958984, -0.58792114, -0.34625244, -0.10458374, 0.13708496, 0.37875366, 0.62042236, 0.86209106, -0.7272949, -0.48562622, -0.24395752, -0.0022888184, 0.23937988, 0.48104858, 0.7227173, -0.8666687, -0.625, -0.3833313, -0.1416626, 0.1000061, 0.3416748, 0.5833435, 0.8250122, -0.7643738, -0.5227051, -0.28103638, -0.039367676, 0.20230103, 0.44396973, 0.6856384, -0.90374756, -0.66207886, -0.42041016, -0.17874146, 0.062927246, 0.30459595, 0.54626465, 0.78793335, -0.80145264, -0.55978394, -0.31811523, -0.07644653, 0.16522217, 0.40689087, 0.6485596, 0.8902283, -0.6991577, -0.457489, -0.21582031, 0.025848389, 0.2675171, 0.5091858, 0.7508545, -0.8385315, -0.5968628, -0.3551941, -0.11352539, 0.12814331, 0.369812, 0.6114807, 0.8531494, -0.7362366, -0.49456787, -0.25289917, -0.011230469, 0.23043823, 0.47210693, 0.71377563, -0.87561035, -0.63394165, -0.39227295, -0.15060425, 0.09106445, 0.33273315, 0.57440186, 0.81607056, -0.7733154, -0.5316467, -0.28997803, -0.048309326, 0.19335938, 0.43502808, 0.6766968, -0.9126892, -0.6710205, -0.4293518, -0.1876831, 0.053985596, 0.2956543, 0.537323, 0.7789917, -0.8103943, -0.5687256, -0.32705688, -0.08538818, 0.15628052, 0.39794922, 0.6396179, 0.8812866, -0.70809937, -0.46643066, -0.22476196, 0.016906738, 0.25857544, 0.50024414, 0.74191284, -0.84747314, -0.60580444, -0.36413574, -0.12246704, 0.11920166, 0.36087036, 0.60253906, 0.84420776, -0.7451782, -0.5035095, -0.26184082, -0.02017212, 0.22149658, 0.46316528, 0.704834, -0.884552, -0.6428833, -0.4012146, -0.1595459, 0.0821228, 0.3237915, 0.5654602, 0.8071289, -0.7822571, -0.5405884, -0.29891968, -0.057250977, 0.18441772, 0.42608643, 0.6677551, 0.9094238, -0.67996216, -0.43829346, -0.19662476, 0.045043945, 0.28671265, 0.52838135, 0.77005005, -0.81933594, -0.57766724, -0.33599854, -0.094329834, 0.14733887, 0.38900757, 0.63067627, 0.872345, -0.717041, -0.4753723, -0.23370361, 0.007965088, 0.24963379, 0.4913025, 0.7329712, -0.8564148, -0.6147461, -0.3730774, -0.13140869, 0.11026001, 0.3519287, 0.5935974, 0.8352661, -0.7541199, -0.5124512, -0.27078247, -0.02911377, 0.21255493, 0.45422363, 0.69589233, -0.89349365, -0.65182495, -0.41015625, -0.16848755, 0.07318115, 0.31484985, 0.55651855, 0.79818726, -0.79119873, -0.54953, -0.30786133, -0.06619263, 0.17547607, 0.41714478, 0.6588135, 0.9004822, -0.6889038, -0.4472351, -0.2055664, 0.036102295, 0.277771, 0.5194397, 0.7611084, -0.8282776, -0.5866089, -0.3449402, -0.103271484, 0.13839722, 0.38006592, 0.6217346, 0.8634033, -0.72598267, -0.48431396, -0.24264526, -0.0009765625, 0.24069214, 0.48236084, 0.72402954, -0.86535645, -0.62368774, -0.38201904, -0.14035034, 0.10131836, 0.34298706, 0.58465576, 0.82632446, -0.7630615, -0.5213928, -0.27972412, -0.03805542, 0.20361328, 0.44528198, 0.6869507, -0.9024353, -0.6607666, -0.4190979, -0.1774292, 0.0642395, 0.3059082, 0.5475769, 0.7892456, -0.8001404, -0.5584717, -0.31680298, -0.07513428, 0.16653442, 0.40820313, 0.6498718, 0.8915405, -0.69784546, -0.45617676, -0.21450806, 0.027160645, 0.26882935, 0.51049805, 0.75216675, -0.83721924, -0.59555054, -0.35388184, -0.112213135, 0.12945557, 0.37112427, 0.61279297, 0.85446167, -0.7349243, -0.49325562, -0.2515869, -0.009918213, 0.23175049, 0.4734192, 0.7150879, -0.8742981, -0.6326294, -0.3909607, -0.14929199, 0.09237671, 0.3340454, 0.5757141, 0.8173828, -0.7720032, -0.5303345, -0.28866577, -0.04699707, 0.19467163, 0.43634033, 0.67800903, -0.91137695, -0.66970825, -0.42803955, -0.18637085, 0.05529785, 0.29696655, 0.53863525, 0.78030396, -0.80908203, -0.56741333, -0.32574463, -0.08407593, 0.15759277, 0.39926147, 0.6409302, 0.8825989, -0.7067871, -0.4651184, -0.2234497, 0.018218994, 0.2598877, 0.5015564, 0.7432251, -0.8461609, -0.6044922, -0.3628235, -0.121154785, 0.120513916, 0.36218262, 0.6038513, 0.84552, -0.74386597, -0.50219727, -0.26052856, -0.018859863, 0.22280884, 0.46447754, 0.70614624, -0.88323975, -0.64157104, -0.39990234, -0.15823364, 0.08343506, 0.32510376, 0.56677246, 0.80844116, -0.7809448, -0.5392761, -0.29760742, -0.05593872, 0.18572998, 0.42739868, 0.6690674, 0.9107361, -0.6786499, -0.4369812, -0.1953125, 0.0463562, 0.2880249, 0.5296936, 0.7713623, -0.8180237, -0.576355, -0.33468628, -0.09301758, 0.14865112, 0.39031982, 0.6319885, 0.8736572, -0.71572876, -0.47406006, -0.23239136, 0.009277344, 0.25094604, 0.49261475, 0.73428345, -0.85510254, -0.61343384, -0.37176514, -0.13009644, 0.111572266, 0.35324097, 0.59490967, 0.83657837, -0.7528076, -0.5111389, -0.2694702, -0.027801514, 0.21386719, 0.4555359, 0.6972046, -0.8921814, -0.6505127, -0.408844, -0.1671753, 0.07449341, 0.3161621, 0.5578308, 0.7994995, -0.7898865, -0.5482178, -0.30654907, -0.06488037, 0.17678833, 0.41845703, 0.66012573, 0.90179443, -0.68759155, -0.44592285, -0.20425415, 0.03741455, 0.27908325, 0.52075195, 0.76242065, -0.82696533, -0.58529663, -0.34362793, -0.10195923, 0.13970947, 0.38137817, 0.6230469, 0.8647156, -0.7246704, -0.4830017, -0.24133301, 0.00033569336, 0.2420044, 0.4836731, 0.7253418, -0.8640442, -0.6223755, -0.3807068, -0.13903809, 0.102630615, 0.34429932, 0.585968, 0.8276367, -0.76174927, -0.52008057, -0.27841187, -0.036743164, 0.20492554, 0.44659424, 0.68826294, -0.90112305, -0.65945435, -0.41778564, -0.17611694, 0.06555176, 0.30722046, 0.54888916, 0.79055786, -0.7988281, -0.5571594, -0.31549072, -0.07382202, 0.16784668, 0.40951538, 0.6511841, 0.8928528, -0.6965332, -0.4548645, -0.2131958, 0.0284729, 0.2701416, 0.5118103, 0.753479, -0.835907, -0.5942383, -0.35256958, -0.11090088, 0.13076782, 0.37243652, 0.6141052, 0.8557739, -0.73361206, -0.49194336, -0.25027466, -0.008605957, 0.23306274, 0.47473145, 0.71640015, -0.87298584, -0.63131714, -0.38964844, -0.14797974, 0.093688965, 0.33535767, 0.57702637, 0.81869507, -0.7706909, -0.5290222, -0.28735352, -0.045684814, 0.19598389, 0.4376526, 0.6793213, -0.9100647, -0.668396, -0.4267273, -0.1850586, 0.056610107, 0.2982788, 0.5399475, 0.7816162, -0.8077698, -0.5661011, -0.32443237, -0.08276367, 0.15890503, 0.40057373, 0.64224243, 0.88391113, -0.70547485, -0.46380615, -0.22213745, 0.01953125, 0.26119995, 0.50286865, 0.74453735, -0.84484863, -0.60317993, 0.2241211, 0.4657898, 0.7074585, -0.8819275, -0.6402588, -0.3985901, -0.15692139, 0.084747314, 0.32641602, 0.5680847, 0.8097534, -0.77963257, -0.53796387, -0.29629517, -0.054626465, 0.18704224, 0.42871094, 0.67037964, 0.91204834, -0.67733765, -0.43566895, -0.19400024, 0.047668457, 0.28933716, 0.53100586, 0.77267456, -0.8167114, -0.5750427, -0.33337402, -0.09170532, 0.14996338, 0.39163208, 0.6333008, 0.8749695, -0.7144165, -0.4727478, -0.2310791, 0.0105896, 0.2522583, 0.493927, 0.7355957, -0.8537903, -0.6121216, -0.37045288, -0.12878418, 0.11288452, 0.35455322, 0.5962219, 0.8378906, -0.75149536, -0.50982666, -0.26815796, -0.026489258, 0.21517944, 0.45684814, 0.69851685, -0.89086914, -0.64920044, -0.40753174, -0.16586304, 0.075805664, 0.31747437, 0.55914307, 0.80081177, -0.7885742, -0.5469055, -0.30523682, -0.063568115, 0.17810059, 0.4197693, 0.661438, 0.9031067, -0.6862793, -0.4446106, -0.2029419, 0.038726807, 0.2803955, 0.5220642, 0.7637329, -0.8256531, -0.5839844, -0.34231567, -0.10064697, 0.14102173, 0.38269043, 0.62435913, 0.86602783, -0.72335815, -0.48168945, -0.24002075, 0.0016479492, 0.24331665, 0.48498535, 0.72665405, -0.86273193, -0.62106323, -0.37939453, -0.13772583, 0.10394287, 0.34561157, 0.5872803, 0.828949, -0.760437, -0.5187683, -0.2770996, -0.03543091, 0.2062378, 0.4479065, 0.6895752, -0.8998108, -0.6581421, -0.4164734, -0.17480469, 0.06686401, 0.3085327, 0.5502014, 0.7918701, -0.79751587, -0.55584717, -0.31417847, -0.072509766, 0.16915894, 0.41082764, 0.65249634, 0.89416504, -0.69522095, -0.45355225, -0.21188354, 0.029785156, 0.27145386, 0.51312256, 0.75479126, -0.8345947, -0.592926, -0.35125732, -0.10958862, 0.13208008, 0.37374878, 0.6154175, 0.8570862, -0.7322998, -0.4906311, -0.2489624, -0.007293701, 0.234375, 0.4760437, 0.7177124, -0.8716736, -0.6300049, -0.38833618, -0.14666748, 0.09500122, 0.33666992, 0.5783386, 0.8200073, -0.76937866, -0.52770996, -0.28604126, -0.04437256, 0.19729614, 0.43896484, 0.68063354, -0.90875244, -0.66708374, -0.42541504, -0.18374634, 0.057922363, 0.29959106, 0.54125977, 0.78292847, -0.8064575, -0.5647888, -0.32312012, -0.081451416, 0.16021729, 0.401886, 0.6435547, 0.8852234, -0.7041626, -0.4624939, -0.2208252, 0.020843506, 0.2625122, 0.5041809, 0.7458496, -0.8435364, -0.6018677, -0.36019897, -0.11853027, 0.12313843, 0.36480713, 0.60647583, 0.84814453, -0.74124146, -0.49957275, -0.25790405, -0.016235352, 0.22543335, 0.46710205, 0.70877075, -0.88061523, -0.63894653, -0.39727783, -0.15560913, 0.08605957, 0.32772827, 0.569397, 0.8110657, -0.7783203, -0.5366516, -0.2949829, -0.05331421, 0.18835449, 0.4300232, 0.6716919, 0.9133606, -0.6760254, -0.4343567, -0.19268799, 0.048980713, 0.2906494, 0.5323181, 0.7739868, -0.81539917, -0.57373047, -0.33206177, -0.09039307, 0.15127563, 0.39294434, 0.63461304, 0.87628174, -0.71310425, -0.47143555, -0.22976685, 0.0119018555, 0.25357056, 0.49523926, 0.73690796, -0.852478, -0.6108093, -0.36914063, -0.12747192, 0.11419678, 0.35586548, 0.5975342, 0.8392029, -0.7501831, -0.5085144, -0.2668457, -0.025177002, 0.2164917, 0.4581604, 0.6998291, -0.8895569, -0.6478882, -0.40621948, -0.16455078, 0.07711792, 0.31878662, 0.5604553, 0.802124, -0.78726196, -0.54559326, -0.30392456, -0.06225586, 0.17941284, 0.42108154, 0.66275024, 0.90441895, -0.68496704, -0.44329834, -0.20162964, 0.040039063, 0.28170776, 0.52337646, 0.76504517, -0.8243408, -0.5826721, -0.34100342, -0.09933472, 0.14233398, 0.3840027, 0.6256714, 0.8673401, -0.7220459, -0.4803772, -0.2387085, 0.002960205, 0.2446289, 0.4862976, 0.7279663, -0.8614197, -0.619751, -0.37808228, -0.13641357, 0.10525513, 0.34692383, 0.5885925, 0.83026123, -0.75912476, -0.51745605, -0.27578735, -0.034118652, 0.20755005, 0.44921875, 0.69088745, -0.89849854, -0.65682983, -0.41516113, -0.17349243, 0.06817627, 0.30984497, 0.5515137, 0.7931824, -0.7962036, -0.5545349, -0.3128662, -0.07119751, 0.17047119, 0.4121399, 0.6538086, 0.8954773, -0.6939087, -0.45224, -0.21057129, 0.031097412, 0.2727661, 0.5144348, 0.7561035, -0.8332825, -0.59161377, -0.34994507, -0.10827637, 0.13339233, 0.37506104, 0.61672974, 0.85839844, -0.73098755, -0.48931885, -0.24765015, -0.0059814453, 0.23568726, 0.47735596, 0.71902466, -0.8703613, -0.6286926, -0.38702393, -0.14535522, 0.09631348, 0.33798218, 0.5796509, 0.8213196, -0.7680664, -0.5263977, -0.284729, -0.043060303, 0.1986084, 0.4402771, 0.6819458, -0.9074402, -0.6657715, -0.42410278, -0.18243408, 0.05923462, 0.30090332, 0.542572, 0.7842407, -0.80514526, -0.56347656, -0.32180786, -0.08013916, 0.16152954, 0.40319824, 0.64486694, 0.88653564, -0.70285034, -0.46118164, -0.21951294, 0.022155762, 0.26382446, 0.50549316, 0.74716187, -0.8422241, -0.6005554, -0.35888672, -0.11721802, 0.12445068, 0.36611938, 0.6077881, 0.8494568, -0.7399292, -0.4982605, -0.2565918, -0.014923096, 0.2267456, 0.4684143, 0.710083, -0.879303, -0.6376343, -0.39596558, -0.15429688, 0.087371826, 0.32904053, 0.5707092, 0.8123779, -0.77700806, -0.53533936, -0.29367065, -0.052001953, 0.18966675, 0.43133545, 0.67300415, 0.91467285, -0.67471313, -0.43304443, -0.19137573, 0.05029297, 0.29196167, 0.5336304, 0.7752991, -0.8140869, -0.5724182, -0.3307495, -0.08908081, 0.15258789, 0.3942566, 0.6359253, 0.877594, -0.711792, -0.4701233, -0.22845459, 0.013214111, 0.2548828, 0.4965515, 0.7382202, -0.8511658, -0.6094971, -0.36782837, -0.12615967, 0.11550903, 0.35717773, 0.59884644, 0.84051514, -0.74887085, -0.50720215, -0.26553345, -0.023864746, 0.21780396, 0.45947266, 0.70114136, -0.8882446, -0.6465759, -0.40490723, -0.16323853, 0.078430176, 0.32009888, 0.5617676, 0.8034363, -0.7859497, -0.544281, -0.3026123, -0.060943604, 0.1807251, 0.4223938, 0.6640625, 0.9057312, -0.6836548, -0.44198608, -0.20031738, 0.04135132, 0.28302002, 0.5246887, 0.7663574, -0.82302856, -0.58135986, -0.33969116, -0.09802246, 0.14364624, 0.38531494, 0.62698364, 0.86865234, -0.72073364, -0.47906494, -0.23739624, 0.004272461, 0.24594116, 0.48760986, 0.72927856, -0.8601074, -0.6184387, -0.37677002, -0.13510132, 0.10656738, 0.34823608, 0.5899048, 0.8315735, -0.7578125, -0.5161438, -0.2744751, -0.032806396, 0.2088623, 0.450531, 0.6921997, -0.8971863, -0.6555176, -0.41384888, -0.17218018, 0.069488525, 0.31115723, 0.5528259, 0.7944946, -0.79489136, -0.55322266, -0.31155396, -0.069885254, 0.17178345, 0.41345215, 0.65512085, 0.89678955, -0.69259644, -0.45092773, -0.20925903, 0.032409668, 0.27407837, 0.5157471, 0.7574158, -0.8319702, -0.5903015, -0.3486328, -0.10696411, 0.13470459, 0.3763733, 0.618042, 0.8597107, -0.7296753, -0.4880066, -0.24633789, -0.0046691895, 0.23699951, 0.4786682, 0.7203369, -0.8690491, -0.6273804, -0.38571167, -0.14404297, 0.09762573, 0.33929443, 0.58096313, 0.82263184, -0.76675415, -0.52508545, -0.28341675, -0.041748047, 0.19992065, 0.44158936, 0.68325806, -0.9061279, -0.6644592, -0.42279053, -0.18112183, 0.060546875, 0.30221558, 0.5438843, 0.785553, -0.803833, -0.5621643, -0.3204956, -0.078826904, 0.1628418, 0.4045105, 0.6461792, 0.8878479, -0.7015381, -0.45986938, -0.21820068, 0.023468018, 0.26513672, 0.5068054, 0.7484741, -0.84091187, -0.59924316, -0.35757446, -0.11590576, 0.12576294, 0.36743164, 0.60910034, 0.85076904, -0.73861694, -0.49694824, -0.25527954, -0.01361084, 0.22805786, 0.46972656, 0.71139526, -0.8779907, -0.636322, -0.39465332, -0.15298462, 0.08868408, 0.33035278, 0.5720215, 0.8136902, -0.7756958, -0.5340271, -0.2923584, -0.050689697, 0.190979, 0.4326477, 0.6743164, -0.9150696, -0.6734009, -0.43173218, -0.19006348, 0.051605225, 0.29327393, 0.5349426, 0.7766113, -0.81277466, -0.57110596, -0.32943726, -0.087768555, 0.15390015, 0.39556885, 0.63723755, 0.87890625, -0.71047974, -0.46881104, -0.22714233, 0.014526367, 0.25619507, 0.49786377, 0.7395325, -0.8498535, -0.6081848, -0.3665161, -0.12484741, 0.11682129, 0.35849, 0.6001587, 0.8418274, -0.7475586, -0.5058899, -0.2642212, -0.02255249, 0.21911621, 0.4607849, 0.7024536, -0.8869324, -0.6452637, -0.40359497, -0.16192627, 0.07974243, 0.32141113, 0.56307983, 0.80474854, -0.78463745, -0.54296875, -0.30130005, -0.059631348, 0.18203735, 0.42370605, 0.66537476, 0.90704346, -0.6823425, -0.44067383, -0.19900513, 0.042663574, 0.28433228, 0.526001, 0.7676697, -0.8217163, -0.5800476, -0.3383789, -0.096710205, 0.1449585, 0.3866272, 0.6282959, 0.8699646, -0.7194214, -0.4777527, -0.23608398, 0.005584717, 0.24725342, 0.48892212, 0.7305908, -0.85879517, -0.61712646, -0.37545776, -0.13378906, 0.10787964, 0.34954834, 0.59121704, 0.83288574, -0.75650024, -0.51483154, -0.27316284, -0.03149414, 0.21017456, 0.45184326, 0.69351196, -0.895874, -0.6542053, -0.41253662, -0.17086792, 0.07080078, 0.31246948, 0.5541382, 0.7958069, -0.7935791, -0.5519104, -0.3102417, -0.068573, 0.1730957, 0.4147644, 0.6564331, 0.8981018, -0.6912842, -0.44961548, -0.20794678, 0.033721924, 0.27539063, 0.5170593, 0.758728, -0.83065796, -0.58898926, -0.34732056, -0.105651855, 0.13601685, 0.37768555, 0.61935425, 0.86102295, -0.72836304, -0.48669434, -0.24502563, -0.0033569336, 0.23831177, 0.47998047, 0.72164917, -0.8677368, -0.6260681, -0.3843994, -0.14273071, 0.09893799, 0.3406067, 0.5822754, 0.8239441, -0.7654419, -0.5237732, -0.2821045, -0.04043579, 0.20123291, 0.4429016, 0.6845703, -0.9048157, -0.663147, -0.42147827, -0.17980957, 0.06185913, 0.30352783, 0.54519653, 0.78686523, -0.80252075, -0.56085205, -0.31918335, -0.07751465, 0.16415405, 0.40582275, 0.64749146, 0.88916016, -0.70022583, -0.45855713, -0.21688843, 0.024780273, 0.26644897, 0.5081177, 0.7497864, -0.8395996, -0.5979309, -0.3562622, -0.114593506, 0.1270752, 0.3687439, 0.6104126, 0.8520813, -0.7373047, -0.495636, -0.2539673, -0.012298584, 0.22937012, 0.47103882, 0.7127075, -0.87667847, -0.63500977, -0.39334106, -0.15167236, 0.08999634, 0.33166504, 0.57333374, 0.81500244, -0.77438354, -0.53271484, -0.29104614, -0.04937744, 0.19229126, 0.43395996, 0.67562866, -0.9137573, -0.6720886, -0.43041992, -0.18875122, 0.05291748, 0.29458618, 0.5362549, 0.7779236, -0.8114624, -0.5697937, -0.328125, -0.0864563, 0.1552124, 0.3968811, 0.6385498, 0.8802185, -0.7091675, -0.46749878, -0.22583008, 0.015838623, 0.25750732, 0.49917603, 0.7408447, -0.84854126, -0.60687256, -0.36520386, -0.123535156, 0.118133545, 0.35980225, 0.60147095, 0.84313965, -0.74624634, -0.50457764, -0.26290894, -0.021240234, 0.22042847, 0.46209717, 0.70376587, -0.8856201, -0.6439514, -0.4022827, -0.16061401, 0.08105469, 0.3227234, 0.5643921, 0.8060608, -0.7833252, -0.5416565, -0.2999878, -0.05831909, 0.18334961, 0.4250183, 0.666687, 0.9083557, -0.6810303, -0.43936157, -0.19769287, 0.04397583, 0.28564453, 0.52731323, 0.76898193, -0.82040405, -0.57873535, -0.33706665, -0.09539795, 0.14627075, 0.38793945, 0.62960815, 0.87127686, -0.71810913, -0.47644043, -0.23477173, 0.0068969727, 0.24856567, 0.49023438, 0.7319031, -0.8574829, -0.6158142, -0.3741455, -0.1324768, 0.109191895, 0.3508606, 0.5925293, 0.834198, -0.755188, -0.5135193, -0.2718506, -0.030181885, 0.21148682, 0.45315552, 0.6948242, -0.89456177, -0.65289307, -0.41122437, -0.16955566, 0.07211304, 0.31378174, 0.55545044, 0.79711914, -0.79226685, -0.55059814, -0.30892944, -0.06726074, 0.17440796, 0.41607666, 0.65774536, 0.89941406, -0.6899719, -0.44830322, -0.20663452, 0.03503418, 0.27670288, 0.5183716, 0.7600403, -0.8293457, -0.587677, -0.3460083, -0.1043396, 0.1373291, 0.3789978, 0.6206665, 0.8623352, -0.7270508, -0.48538208, -0.24371338, -0.0020446777, 0.23962402, 0.48129272, 0.7229614, -0.86642456, -0.62475586, -0.38308716, -0.14141846, 0.100250244, 0.34191895, 0.58358765, 0.82525635, -0.76412964, -0.52246094, -0.28079224, -0.039123535, 0.20254517, 0.44421387, 0.68588257, -0.9035034, -0.6618347, -0.42016602, -0.17849731, 0.06317139, 0.3048401, 0.5465088, 0.7881775, -0.8012085, -0.5595398, -0.3178711, -0.07620239, 0.16546631, 0.407135, 0.6488037, 0.8904724, -0.6989136, -0.45724487, -0.21557617, 0.02609253, 0.26776123, 0.50942993, 0.75109863, -0.83828735, -0.59661865, -0.35494995, -0.11328125, 0.12838745, 0.37005615, 0.61172485, 0.85339355, -0.73599243, -0.49432373, -0.25265503, -0.010986328, 0.23068237, 0.47235107, 0.7140198, -0.8753662, -0.6336975, -0.3920288, -0.1503601, 0.091308594, 0.3329773, 0.574646, 0.8163147, -0.7730713, -0.5314026, -0.2897339, -0.048065186, 0.19360352, 0.43527222, 0.6769409, -0.91244507, -0.67077637, -0.42910767, -0.18743896, 0.054229736, 0.29589844, 0.53756714, 0.77923584, -0.81015015, -0.56848145, -0.32681274, -0.08514404, 0.5004883, 0.742157, -0.847229, -0.6055603, -0.3638916, -0.1222229, 0.1194458, 0.3611145, 0.6027832, 0.8444519, -0.7449341, -0.5032654, -0.26159668, -0.019927979, 0.22174072, 0.46340942, 0.7050781, -0.88430786, -0.64263916, -0.40097046, -0.15930176, 0.08236694, 0.32403564, 0.56570435, 0.80737305, -0.78201294, -0.54034424, -0.29867554, -0.057006836, 0.18466187, 0.42633057, 0.66799927, 0.90966797, -0.679718, -0.43804932, -0.19638062, 0.045288086, 0.2869568, 0.5286255, 0.7702942, -0.8190918, -0.5774231, -0.3357544, -0.09408569, 0.14758301, 0.3892517, 0.6309204, 0.8725891, -0.7167969, -0.47512817, -0.23345947, 0.0082092285, 0.24987793, 0.49154663, 0.73321533, -0.85617065, -0.61450195, -0.37283325, -0.13116455, 0.11050415, 0.35217285, 0.59384155, 0.83551025, -0.75387573, -0.51220703, -0.27053833, -0.028869629, 0.21279907, 0.45446777, 0.6961365, -0.8932495, -0.6515808, -0.4099121, -0.16824341, 0.07342529, 0.315094, 0.5567627, 0.7984314, -0.7909546, -0.5492859, -0.3076172, -0.06594849, 0.17572021, 0.41738892, 0.6590576, 0.9007263, -0.68865967, -0.44699097, -0.20532227, 0.036346436, 0.27801514, 0.51968384, 0.76135254, -0.82803345, -0.58636475, -0.34469604, -0.103027344, 0.13864136, 0.38031006, 0.62197876, 0.86364746, -0.7257385, -0.48406982, -0.24240112, -0.0007324219, 0.24093628, 0.48260498, 0.7242737, -0.8651123, -0.6234436, -0.3817749, -0.1401062, 0.1015625, 0.3432312, 0.5848999, 0.8265686, -0.7628174, -0.5211487, -0.27947998, -0.03781128, 0.20385742, 0.44552612, 0.6871948, -0.90219116, -0.66052246, -0.41885376, -0.17718506, 0.06448364, 0.30615234, 0.54782104, 0.78948975, -0.79989624, -0.55822754, -0.31655884, -0.07489014, 0.16677856, 0.40844727, 0.65011597, 0.89178467, -0.6976013, -0.45593262, -0.21426392, 0.027404785, 0.2690735, 0.5107422, 0.7524109, -0.8369751, -0.5953064, -0.3536377, -0.111968994, 0.1296997, 0.3713684, 0.6130371, 0.8547058, -0.7346802, -0.49301147, -0.25134277, -0.009674072, 0.23199463, 0.47366333, 0.71533203, -0.87405396, -0.63238525, -0.39071655, -0.14904785, 0.09262085, 0.33428955, 0.57595825, 0.81762695, -0.77175903, -0.53009033, -0.28842163, -0.04675293, 0.19491577, 0.43658447, 0.6782532, -0.9111328, -0.6694641, -0.4277954, -0.18612671, 0.055541992, 0.2972107, 0.5388794, 0.7805481, -0.8088379, -0.5671692, -0.3255005, -0.08383179, 0.15783691, 0.39950562, 0.6411743, 0.882843, -0.70654297, -0.46487427, -0.22320557, 0.018463135, 0.26013184, 0.50180054, 0.74346924, -0.84591675, -0.60424805, -0.36257935, -0.120910645, 0.12075806, 0.36242676, 0.60409546, 0.84576416, -0.7436218, -0.5019531, -0.26028442, -0.018615723, 0.22305298, 0.46472168, 0.7063904, -0.8829956, -0.6413269, -0.3996582, -0.1579895, 0.0836792, 0.3253479, 0.5670166, 0.8086853, -0.7807007, -0.539032, -0.29736328, -0.05569458, 0.18597412, 0.42764282, 0.6693115, 0.9109802, -0.67840576, -0.43673706, -0.19506836, 0.04660034, 0.28826904, 0.52993774, 0.77160645, -0.81777954, -0.57611084, -0.33444214, -0.09277344, 0.14889526, 0.39056396, 0.63223267, 0.87390137, -0.7154846, -0.47381592, -0.23214722, 0.009521484, 0.2511902, 0.4928589, 0.7345276, -0.8548584, -0.6131897, -0.371521, -0.1298523, 0.111816406, 0.3534851, 0.5951538, 0.8368225, -0.7525635, -0.5108948, -0.26922607, -0.027557373, 0.21411133, 0.45578003, 0.69744873, -0.89193726, -0.65026855, -0.40859985, -0.16693115, 0.07473755, 0.31640625, 0.55807495, 0.79974365, -0.78964233, -0.54797363, -0.30630493, -0.06463623, 0.17703247, 0.41870117, 0.6603699, 0.9020386, -0.6873474, -0.4456787, -0.20401001, 0.03765869, 0.2793274, 0.5209961, 0.7626648, -0.8267212, -0.5850525, -0.3433838, -0.10171509, 0.13995361, 0.3816223, 0.623291, 0.8649597, -0.72442627, -0.48275757, -0.24108887, 0.000579834, 0.24224854, 0.48391724, 0.72558594, -0.86380005, -0.62213135, -0.38046265, -0.13879395, 0.102874756, 0.34454346, 0.58621216, 0.82788086, -0.7615051, -0.5198364, -0.27816772, -0.036499023, 0.20516968, 0.44683838, 0.6885071, -0.9008789, -0.6592102, -0.4175415, -0.1758728, 0.0657959, 0.3074646, 0.5491333, 0.790802, -0.798584, -0.5569153, -0.31524658, -0.07357788, 0.16809082, 0.40975952, 0.6514282, 0.8930969, -0.69628906, -0.45462036, -0.21295166, 0.028717041, 0.27038574, 0.51205444, 0.75372314, -0.83566284, -0.59399414, -0.35232544, -0.11065674, 0.13101196, 0.37268066, 0.61434937, 0.85601807, -0.7333679, -0.49169922, -0.25003052, -0.008361816, 0.23330688, 0.4749756, 0.7166443, -0.8727417, -0.631073, -0.3894043, -0.1477356, 0.093933105, 0.3356018, 0.5772705, 0.8189392, -0.7704468, -0.5287781, -0.28710938, -0.045440674, 0.19622803, 0.43789673, 0.6795654, -0.90982056, -0.66815186, -0.42648315, -0.18481445, 0.056854248, 0.29852295, 0.54019165, 0.78186035, -0.80752563, -0.56585693, -0.32418823, -0.08251953, 0.15914917, 0.40081787, 0.6424866, 0.8841553, -0.7052307, -0.463562, -0.22189331, 0.01977539, 0.2614441, 0.5031128, 0.7447815, -0.8446045, -0.6029358, -0.3612671, -0.11959839, 0.12207031, 0.363739, 0.6054077, 0.8470764, -0.7423096, -0.50064087, -0.25897217, -0.017303467, 0.22436523, 0.46603394, 0.70770264, -0.88168335, -0.64001465, -0.39834595, -0.15667725, 0.084991455, 0.32666016, 0.56832886, 0.80999756, -0.7793884, -0.5377197, -0.29605103, -0.054382324, 0.18728638, 0.42895508, 0.6706238, 0.9122925, -0.6770935, -0.4354248, -0.1937561, 0.047912598, 0.2895813, 0.53125, 0.7729187, -0.8164673, -0.5747986, -0.33312988, -0.09146118, 0.15020752, 0.39187622, 0.6335449, 0.8752136, -0.71417236, -0.47250366, -0.23083496, 0.01083374, 0.25250244, 0.49417114, 0.73583984, -0.85354614, -0.61187744, -0.37020874, -0.12854004, 0.11312866, 0.35479736, 0.59646606, 0.83813477, -0.7512512, -0.5095825, -0.26791382, -0.026245117, 0.21542358, 0.4570923, 0.698761, -0.890625, -0.6489563, -0.4072876, -0.1656189, 0.076049805, 0.3177185, 0.5593872, 0.8010559, -0.7883301, -0.5466614, -0.30499268, -0.063323975, 0.17834473, 0.42001343, 0.6616821, 0.90335083, -0.68603516, -0.44436646, -0.20269775, 0.038970947, 0.28063965, 0.52230835, 0.76397705, -0.82540894, -0.58374023, -0.34207153, -0.10040283, 0.14126587, 0.38293457, 0.6246033, 0.866272, -0.723114, -0.4814453, -0.23977661, 0.0018920898, 0.24356079, 0.4852295, 0.7268982, -0.8624878, -0.6208191, -0.3791504, -0.13748169, 0.10418701, 0.3458557, 0.5875244, 0.8291931, -0.7601929, -0.51852417, -0.27685547, -0.035186768, 0.20648193, 0.44815063, 0.68981934, -0.89956665, -0.65789795, -0.41622925, -0.17456055, 0.067108154, 0.30877686, 0.55044556, 0.79211426, -0.7972717, -0.555603, -0.31393433, -0.072265625, 0.16940308, 0.41107178, 0.6527405, 0.8944092, -0.6949768, -0.4533081, -0.2116394, 0.030029297, 0.271698, 0.5133667, 0.7550354, -0.8343506, -0.5926819, -0.35101318, -0.10934448, 0.13232422, 0.37399292, 0.6156616, 0.8573303, -0.73205566, -0.49038696, -0.24871826, -0.0070495605, 0.23461914, 0.47628784, 0.71795654, -0.87142944, -0.62976074, -0.38809204, -0.14642334, 0.09524536, 0.33691406, 0.57858276, 0.82025146, -0.7691345, -0.5274658, -0.28579712, -0.044128418, 0.19754028, 0.43920898, 0.6808777, -0.9085083, -0.6668396, -0.4251709, -0.1835022, 0.058166504, 0.2998352, 0.5415039, 0.7831726, -0.8062134, -0.5645447, -0.32287598, -0.081207275, 0.16046143, 0.40213013, 0.6437988, 0.8854675, -0.70391846, -0.46224976, -0.22058105, 0.021087646, 0.26275635, 0.50442505, 0.74609375, -0.84329224, -0.60162354, -0.35995483, -0.11828613, 0.12338257, 0.36505127, 0.60672, 0.8483887, -0.7409973, -0.4993286, -0.2576599, -0.015991211, 0.22567749, 0.4673462, 0.7090149, -0.8803711, -0.6387024, -0.3970337, -0.15536499, 0.08630371, 0.3279724, 0.5696411, 0.8113098, -0.7780762, -0.5364075, -0.29473877, -0.05307007, 0.18859863, 0.43026733, 0.67193604, 0.91360474, -0.67578125, -0.43411255, -0.19244385, 0.049224854, 0.29089355, 0.53256226, 0.77423096, -0.815155, -0.5734863, -0.33181763, -0.090148926, 0.15151978, 0.39318848, 0.6348572, 0.8765259, -0.7128601, -0.4711914, -0.2295227, 0.012145996, 0.2538147, 0.4954834, 0.7371521, -0.8522339, -0.6105652, -0.36889648, -0.12722778, 0.11444092, 0.35610962, 0.5977783, 0.839447, -0.74993896, -0.50827026, -0.26660156, -0.024932861, 0.21673584, 0.45840454, 0.70007324, -0.88931274, -0.64764404, -0.40597534, -0.16430664, 0.07736206, 0.31903076, 0.56069946, 0.80236816, -0.7870178, -0.5453491, -0.30368042, -0.06201172, 0.17965698, 0.42132568, 0.6629944, 0.9046631, -0.6847229, -0.4430542, -0.2013855, 0.040283203, 0.2819519, 0.5236206, 0.7652893, -0.8240967, -0.582428, -0.34075928, -0.099090576, 0.14257813, 0.38424683, 0.6259155, 0.8675842, -0.72180176, -0.48013306, -0.23846436, 0.0032043457, 0.24487305, 0.48654175, 0.72821045, -0.86117554, -0.61950684, -0.37783813, -0.13616943, 0.10549927, 0.34716797, 0.58883667, 0.8305054, -0.7588806, -0.5172119, -0.2755432, -0.03387451, 0.20779419, 0.4494629, 0.6911316, -0.8982544, -0.6565857, -0.414917, -0.17324829, 0.06842041, 0.3100891, 0.5517578, 0.7934265, -0.7959595, -0.5542908, -0.31262207, -0.07095337, 0.17071533, 0.41238403, 0.65405273, 0.89572144, -0.69366455, -0.45199585, -0.21032715, 0.031341553, 0.27301025, 0.51467896, 0.75634766, -0.83303833, -0.5913696, -0.34970093, -0.10803223, 0.13363647, 0.37530518, 0.6169739, 0.8586426, -0.7307434, -0.4890747, -0.247406, -0.0057373047, 0.2359314, 0.4776001, 0.7192688, -0.8701172, -0.6284485, -0.3867798, -0.14511108, 0.09655762, 0.33822632, 0.579895, 0.8215637, -0.76782227, -0.52615356, -0.28448486, -0.042816162, 0.19885254, 0.44052124, 0.68218994, -0.90719604, -0.66552734, -0.42385864, -0.18218994, 0.05947876, 0.30114746, 0.54281616, 0.78448486, -0.8049011, -0.5632324, -0.32156372, -0.07989502, 0.16177368, 0.40344238, 0.6451111, 0.8867798, -0.7026062, -0.4609375, -0.2192688, 0.022399902, 0.2640686, 0.5057373, 0.747406, -0.84198, -0.6003113, -0.35864258, -0.11697388, 0.124694824, 0.36636353, 0.6080322, 0.8497009, -0.73968506, -0.49801636, -0.25634766, -0.014678955, 0.22698975, 0.46865845, 0.71032715, -0.87905884, -0.63739014, -0.39572144, -0.15405273, 0.08761597, 0.32928467, 0.57095337, 0.8126221, -0.7767639, -0.5350952, -0.2934265, -0.051757813, 0.18991089, 0.4315796, 0.6732483, 0.914917, -0.674469, -0.4328003, -0.19113159, 0.05053711, 0.2922058, 0.5338745, 0.7755432, -0.8138428, -0.5721741, -0.33050537, -0.08883667, 0.15283203, 0.39450073, 0.63616943, 0.87783813, -0.71154785, -0.46987915, -0.22821045, 0.013458252, 0.25512695, 0.49679565, 0.73846436, -0.85092163, -0.6092529, -0.36758423, -0.12591553, 0.115753174, 0.35742188, 0.5990906, 0.8407593, -0.7486267, -0.506958, -0.2652893, -0.023620605, 0.2180481, 0.4597168, 0.7013855, -0.8880005, -0.6463318, -0.4046631, -0.16299438, 0.07867432, 0.32034302, 0.5620117, 0.8036804, -0.78570557, -0.54403687, -0.30236816, -0.060699463, 0.18096924, 0.42263794, 0.66430664, 0.90597534, -0.68341064, -0.44174194, -0.20007324, 0.04159546, 0.28326416, 0.52493286, 0.76660156, -0.8227844, -0.5811157, -0.33944702, -0.09777832, 0.14389038, 0.38555908, 0.6272278, 0.8688965, -0.7204895, -0.4788208, -0.2371521, 0.0045166016, 0.2461853, 0.487854, 0.7295227, -0.8598633, -0.6181946, -0.37652588, -0.13485718, 0.10681152, 0.34848022, 0.5901489, 0.8318176, -0.75756836, -0.51589966, -0.27423096, -0.032562256, 0.20910645, 0.45077515, 0.69244385, -0.89694214, -0.65527344, -0.41360474, -0.17193604, 0.069732666, 0.31140137, 0.55307007, 0.79473877, -0.7946472, -0.5529785, -0.3113098, -0.06964111, 0.17202759, 0.4136963, 0.655365, 0.8970337, -0.6923523, -0.4506836, -0.2090149, 0.03265381, 0.2743225, 0.5159912, 0.7576599, -0.8317261, -0.5900574, -0.34838867, -0.10671997, 0.13494873, 0.37661743, 0.61828613, 0.85995483, -0.72943115, -0.48776245, -0.24609375, -0.004425049, 0.23724365, 0.47891235, 0.72058105, -0.86880493, -0.62713623, -0.38546753, -0.14379883, 0.09786987, 0.33953857, 0.5812073, 0.822876, -0.76651, -0.5248413, -0.2831726, -0.041503906, 0.2001648, 0.4418335, 0.6835022, -0.9058838, -0.6642151, -0.4225464, -0.18087769, 0.060791016, 0.30245972, 0.5441284, 0.7857971, -0.80358887, -0.56192017, -0.32025146, -0.07858276, 0.16308594, 0.40475464, 0.64642334, 0.88809204, -0.70129395, -0.45962524, -0.21795654, 0.023712158, 0.26538086, 0.50704956, 0.74871826, -0.8406677, -0.598999, -0.35733032, -0.11566162, 0.12600708, 0.36767578, 0.6093445, 0.8510132, -0.7383728, -0.4967041, -0.2550354, -0.013366699, 0.228302, 0.4699707, 0.7116394, -0.8777466, -0.6360779, -0.39440918, -0.15274048, 0.08892822, 0.33059692, 0.5722656, 0.8139343, -0.77545166, -0.53378296, -0.29211426, -0.050445557, 0.19122314, 0.43289185, 0.67456055, -0.91482544, -0.67315674, -0.43148804, -0.18981934, 0.051849365, 0.29351807, 0.53518677, 0.0, 0.0, 0.0, 0.0, 0.0, 0.0, 0.0, 0.0, 0.0, 0.0, 0.0, 0.0, 0.0, 0.0, 0.0, 0.0, 0.0, 0.0, 0.0, 0.0, 0.0, 0.0, 0.0, 0.0, 0.0, 0.0, 0.0, 0.0, 0.0, 0.0, 0.0, 0.0, 0.0, 0.0, 0.77685547, -0.8125305, -0.5708618, -0.32919312, -0.087524414, 0.15414429, 0.395813, 0.6374817, 0.8791504, -0.7102356, -0.4685669, -0.2268982, 0.014770508, 0.2564392, 0.4981079, 0.7397766, -0.8496094, -0.6079407, -0.36627197, -0.12460327, 0.11706543, 0.35873413, 0.60040283, 0.84207153, -0.74731445, -0.50564575, -0.26397705, -0.02230835, 0.21936035, 0.46102905, 0.70269775, -0.88668823, -0.64501953, -0.40335083, -0.16168213, 0.07998657, 0.32165527, 0.563324, 0.8049927, -0.7843933, -0.5427246, -0.3010559, -0.059387207, 0.1822815, 0.4239502, 0.6656189, 0.9072876, -0.6820984, -0.4404297, -0.19876099, 0.042907715, 0.28457642, 0.5262451, 0.7679138, -0.82147217, -0.57980347, -0.33813477, -0.096466064, 0.14520264, 0.38687134, 0.62854004, 0.87020874, -0.71917725, -0.47750854, -0.23583984, 0.0058288574, 0.24749756, 0.48916626, 0.73083496, -0.858551, -0.6168823, -0.37521362, -0.13354492, 0.10812378, 0.34979248, 0.5914612, 0.8331299, -0.7562561, -0.5145874, -0.2729187, -0.03125, 0.2104187, 0.4520874, 0.6937561, -0.8956299, -0.6539612, -0.41229248, -0.17062378, 0.07104492, 0.31271362, 0.5543823, 0.796051, -0.79333496, -0.55166626, -0.30999756, -0.06832886, 0.17333984, 0.41500854, 0.65667725, 0.89834595, -0.69104004, -0.44937134, -0.20770264, 0.033966064, 0.27563477, 0.51730347, 0.75897217, -0.8304138, -0.5887451, -0.34707642, -0.105407715, 0.13626099, 0.3779297, 0.6195984, 0.8612671, -0.7281189, -0.4864502, -0.2447815, -0.003112793, 0.23855591, 0.4802246, 0.7218933, -0.8674927, -0.625824, -0.38415527, -0.14248657, 0.09918213, 0.34085083, 0.58251953, 0.82418823, -0.76519775, -0.52352905, -0.28186035, -0.04019165, 0.20147705, 0.44314575, 0.68481445, -0.90457153, -0.66290283, -0.42123413, -0.17956543, 0.06210327, 0.30377197, 0.5454407, 0.7871094, -0.8022766, -0.5606079, -0.3189392, -0.07727051, 0.1643982, 0.4060669, 0.6477356, 0.8894043, -0.6999817, -0.458313, -0.21664429, 0.025024414, 0.26669312, 0.5083618, 0.7500305, -0.83935547, -0.59768677, -0.35601807, -0.114349365, 0.12731934, 0.36898804, 0.61065674, 0.85232544, -0.73706055, -0.49539185, -0.25372314, -0.012054443, 0.22961426, 0.47128296, 0.71295166, -0.8764343, -0.6347656, -0.39309692, -0.15142822, 0.09024048, 0.33190918, 0.5735779, 0.8152466, -0.7741394, -0.5324707, -0.290802, -0.0491333, 0.1925354, 0.4342041, 0.6758728, -0.9135132, -0.6718445, -0.43017578, -0.18850708, 0.05316162, 0.29483032, 0.536499, 0.7781677, -0.81121826, -0.56954956, -0.32788086, -0.08621216, 0.15545654, 0.39712524, 0.63879395, 0.88046265, -0.70892334, -0.46725464, -0.22558594, 0.016082764, 0.25775146, 0.49942017, 0.74108887, -0.8482971, -0.6066284, -0.36495972, -0.123291016, 0.118377686, 0.3600464, 0.6017151, 0.8433838, -0.7460022, -0.5043335, -0.2626648, -0.020996094, 0.2206726, 0.4623413, 0.70401, -0.885376, -0.6437073, -0.40203857, -0.16036987, 0.08129883, 0.32296753, 0.56463623, 0.80630493, -0.78308105, -0.54141235, -0.29974365, -0.05807495, 0.18359375, 0.42526245, 0.66693115, 0.90859985, -0.68078613, -0.43911743, -0.19744873, 0.04421997, 0.28588867, 0.5275574, 0.7692261, -0.8201599, -0.5784912, -0.3368225, -0.09515381, 0.1465149, 0.3881836, 0.6298523, 0.871521, -0.717865, -0.4761963, -0.23452759, 0.0071411133, 0.24880981, 0.49047852, 0.7321472, -0.85723877, -0.61557007, -0.37390137, -0.13223267, 0.109436035, 0.35110474, 0.59277344, 0.83444214, -0.75494385, -0.51327515, -0.27160645, -0.029937744, 0.21173096, 0.45339966, 0.69506836, -0.8943176, -0.6526489, -0.41098022, -0.16931152, 0.07235718, 0.31402588, 0.5556946, 0.7973633, -0.7920227, -0.550354, -0.3086853, -0.0670166, 0.1746521, 0.4163208, 0.6579895, 0.8996582, -0.6897278, -0.44805908, -0.20639038, 0.03527832, 0.27694702, 0.5186157, 0.7602844, -0.82910156, -0.58743286, -0.34576416, -0.10409546, 0.13757324, 0.37924194, 0.62091064, 0.86257935, -0.72680664, -0.48513794, -0.24346924, -0.0018005371, 0.23986816, 0.48153687, 0.72320557, -0.8661804, -0.6245117, -0.38284302, -0.14117432, 0.100494385, 0.3421631, 0.5838318, 0.8255005, -0.7638855, -0.5222168, -0.2805481, -0.038879395, 0.2027893, 0.444458, 0.6861267, -0.9032593, -0.6615906, -0.41992188, -0.17825317, 0.06341553, 0.30508423, 0.5467529, 0.78842163, -0.80096436, -0.55929565, -0.31762695, -0.07595825, 0.16571045, 0.40737915, 0.64904785, 0.89071655, -0.69866943, -0.45700073, -0.21533203, 0.02633667, 0.26800537, 0.5096741, 0.7513428, -0.8380432, -0.5963745, -0.3547058, -0.11303711, 0.12863159, 0.3703003, 0.611969, 0.8536377, -0.7357483, -0.4940796, -0.2524109, -0.0107421875, 0.23092651, 0.4725952, 0.7142639, -0.8751221, -0.63345337, -0.39178467, -0.15011597, 0.091552734, 0.33322144, 0.57489014, 0.81655884, -0.77282715, -0.53115845, -0.28948975, -0.047821045, 0.19384766, 0.43551636, 0.67718506, -0.9122009, -0.6705322, -0.42886353, -0.18719482, 0.054473877, 0.29614258, 0.5378113, 0.77948, -0.809906, -0.5682373, -0.3265686, -0.0848999, 0.1567688, 0.3984375, 0.6401062, 0.8817749, -0.7076111, -0.46594238, -0.22427368, 0.01739502, 0.25906372, 0.5007324, 0.7424011, -0.84698486, -0.60531616, -0.36364746, -0.12197876, 0.11968994, 0.36135864, 0.60302734, 0.84469604, -0.74468994, -0.50302124, -0.26135254, -0.019683838, 0.22198486, 0.46365356, 0.70532227, -0.8840637, -0.642395, -0.40072632, -0.15905762, 0.082611084, 0.3242798, 0.5659485, 0.8076172, -0.7817688, -0.5401001, -0.2984314, -0.056762695, 0.184906, 0.4265747, 0.6682434, 0.9099121, -0.6794739, -0.43780518, -0.19613647, 0.045532227, 0.28720093, 0.5288696, 0.77053833, -0.81884766, -0.57717896, -0.33551025, -0.09384155, 0.14782715, 0.38949585, 0.63116455, 0.87283325, -0.71655273, -0.47488403, -0.23321533, 0.008453369, 0.25012207, 0.49179077, 0.7334595, -0.8559265, -0.6142578, -0.3725891, -0.13092041, 0.11074829, 0.352417, 0.5940857, 0.8357544, -0.7536316, -0.5119629, -0.2702942, -0.028625488, 0.21304321, 0.4547119, 0.6963806, -0.8930054, -0.65133667, -0.40966797, -0.16799927, 0.07366943, 0.31533813, 0.55700684, 0.79867554, -0.79071045, -0.54904175, -0.30737305, -0.065704346, 0.17596436, 0.41763306, 0.65930176, 0.90097046, -0.6884155, -0.44674683, -0.20507813, 0.036590576, 0.27825928, 0.519928, 0.7615967, -0.8277893, -0.5861206, -0.3444519, -0.1027832, 0.1388855, 0.3805542, 0.6222229, 0.8638916, -0.7254944, -0.48382568, -0.24215698, -0.00048828125, 0.24118042, 0.48284912, 0.7245178, -0.86486816, -0.62319946, -0.38153076, -0.13986206, 0.10180664, 0.34347534, 0.58514404, 0.82681274, -0.76257324, -0.52090454, -0.27923584, -0.03756714, 0.20410156, 0.44577026, 0.68743896, -0.901947, -0.6602783, -0.41860962, -0.17694092, 0.06472778, 0.30639648, 0.5480652, 0.7897339, -0.7996521, -0.5579834, -0.3163147, -0.074645996, 0.1670227, 0.4086914, 0.6503601, 0.8920288, -0.6973572, -0.45568848, -0.21401978, 0.027648926, 0.26931763, 0.5109863, 0.752655, -0.83673096, -0.59506226, -0.35339355, -0.11172485, 0.12994385, 0.37161255, 0.61328125, 0.85494995, -0.73443604, -0.49276733, -0.25109863, -0.009429932, 0.23223877, 0.47390747, 0.7155762, -0.8738098, -0.6321411, -0.3904724, -0.14880371, 0.09286499, 0.3345337, 0.5762024, 0.8178711, -0.7715149, -0.5298462, -0.2881775, -0.04650879, 0.19515991, 0.4368286, 0.6784973, -0.9108887, -0.66922, -0.42755127, -0.18588257, 0.055786133, 0.29745483, 0.53912354, 0.78079224, -0.80859375, -0.56692505, -0.32525635, -0.08358765, 0.15808105, 0.39974976, 0.64141846, 0.88308716, -0.7062988, -0.46463013, -0.22296143, 0.018707275, 0.26037598, 0.5020447, 0.7437134, -0.8456726, -0.6040039, -0.3623352, -0.120666504, 0.1210022, 0.3626709, 0.6043396, 0.8460083, -0.7433777, -0.501709, -0.26004028, -0.018371582, 0.22329712, 0.46496582, 0.7066345, -0.88275146, -0.64108276, -0.39941406, -0.15774536, 0.08392334, 0.32559204, 0.56726074, 0.80892944, -0.78045654, -0.53878784, -0.29711914, -0.05545044, 0.18621826, 0.42788696, 0.66955566, 0.91122437, -0.6781616, -0.43649292, -0.19482422, 0.046844482, 0.28851318, 0.5301819, 0.7718506, -0.8175354, -0.5758667, -0.334198, -0.0925293, 0.1491394, 0.3908081, 0.6324768, 0.8741455, -0.7152405, -0.47357178, -0.23190308, 0.009765625, 0.25143433, 0.49310303, 0.7347717, -0.85461426, -0.61294556, -0.37127686, -0.12960815, 0.11206055, 0.35372925, 0.59539795, 0.83706665, -0.75231934, -0.51065063, -0.26898193, -0.027313232, 0.21435547, 0.45602417, 0.6976929, -0.8916931, -0.6500244, -0.4083557, -0.16668701, 0.07498169, 0.3166504, 0.5583191, 0.7999878, -0.7893982, -0.5477295, -0.3060608, -0.06439209, 0.17727661, 0.4189453, 0.660614, 0.9022827, -0.6871033, -0.44543457, -0.20376587, 0.037902832, 0.27957153, 0.52124023, 0.76290894, -0.82647705, -0.58480835, -0.34313965, -0.10147095, 0.14019775, 0.38186646, 0.62353516, 0.86520386, -0.7241821, -0.48251343, -0.24084473, 0.0008239746, 0.24249268, 0.48416138, 0.7258301, -0.8635559, -0.6218872, -0.3802185, -0.1385498, 0.1031189, 0.3447876, 0.5864563, 0.828125, -0.761261, -0.5195923, -0.27792358, -0.036254883, 0.20541382, 0.44708252, 0.6887512, -0.90063477, -0.65896606, -0.41729736, -0.17562866, 0.06604004, 0.30770874, 0.54937744, 0.79104614, -0.79833984, -0.55667114, -0.31500244, -0.07333374, 0.16833496, 0.41000366, 0.65167236, 0.89334106, -0.6960449, -0.45437622, -0.21270752, 0.028961182, 0.27062988, 0.5122986, 0.7539673, -0.8354187, -0.59375, -0.3520813, -0.1104126, 0.1312561, 0.3729248, 0.6145935, 0.8562622, -0.7331238, -0.49145508, -0.24978638, -0.008117676, 0.23355103, 0.47521973, 0.7168884, -0.87249756, -0.63082886, -0.38916016, -0.14749146, 0.094177246, 0.33584595, 0.57751465, 0.81918335, -0.77020264, -0.52853394, -0.28686523, -0.045196533, 0.19647217, 0.43814087, 0.6798096, -0.9095764, -0.6679077, -0.426239, -0.18457031, 0.05709839, 0.2987671, 0.5404358, 0.7821045, -0.8072815, -0.5656128, -0.3239441, -0.08227539, 0.15939331, 0.401062, 0.6427307, 0.8843994, -0.7049866, -0.46331787, -0.22164917, 0.020019531, 0.26168823, 0.50335693, 0.74502563, -0.84436035, -0.60269165, -0.36102295, -0.11935425, 0.12231445, 0.36398315, 0.60565186, 0.84732056, -0.7420654, -0.5003967, -0.25872803, -0.017059326, 0.22460938, 0.46627808, 0.7079468, -0.8814392, -0.6397705, -0.3981018, -0.1564331, 0.085235596, 0.3269043, 0.568573, 0.8102417, -0.7791443, -0.5374756, -0.29580688, -0.054138184, 0.18753052, 0.42919922, 0.6708679, 0.9125366, -0.67684937, -0.43518066, -0.19351196, 0.04815674, 0.28982544, 0.53149414, 0.77316284, -0.81622314, -0.57455444, -0.33288574, -0.09121704, 0.15045166, 0.39212036, 0.63378906, 0.87545776, -0.7139282, -0.47225952, -0.23059082, 0.011077881, 0.25274658, 0.49441528, 0.736084, -0.853302, -0.6116333, -0.3699646, -0.1282959, 0.1133728, 0.3550415, 0.5967102, 0.8383789, -0.7510071, -0.5093384, -0.26766968, -0.026000977, 0.21566772, 0.45733643, 0.6990051, -0.89038086, -0.64871216, -0.40704346, -0.16537476, 0.076293945, 0.31796265, 0.55963135, 0.80130005, -0.78808594, -0.54641724, -0.30474854, -0.063079834, 0.17858887, 0.42025757, 0.66192627, 0.903595, -0.685791, -0.4441223, -0.20245361, 0.039215088, 0.2808838, 0.5225525, 0.7642212, -0.8251648, -0.5834961, -0.3418274, -0.10015869, 0.14151001, 0.3831787, 0.6248474, 0.8665161, -0.7228699, -0.48120117, -0.23953247, 0.0021362305, 0.24380493, 0.48547363, 0.72714233, -0.86224365, -0.62057495, -0.37890625, -0.13723755, 0.10443115, 0.34609985, 0.58776855, 0.82943726, -0.75994873, -0.51828, -0.27661133, -0.034942627, 0.20672607, 0.44839478, 0.6900635, -0.8993225, -0.6576538, -0.4159851, -0.1743164, 0.067352295, 0.309021, 0.5506897, 0.7923584, -0.7970276, -0.5553589, -0.3136902, -0.072021484, 0.16964722, 0.41131592, 0.6529846, 0.8946533, -0.69473267, -0.45306396, -0.21139526, 0.030273438, 0.27194214, 0.51361084, 0.75527954, -0.83410645, -0.59243774, -0.35076904, -0.10910034, 0.13256836, 0.37423706, 0.61590576, 0.85757446, -0.7318115, -0.49014282, -0.24847412, -0.00680542, 0.23486328, 0.47653198, 0.7182007, -0.8711853, -0.6295166, -0.3878479, -0.1461792, 0.0954895, 0.3371582, 0.5788269, 0.8204956, -0.7688904, -0.5272217, -0.28555298, -0.043884277, 0.19778442, 0.43945313, 0.6811218, -0.90826416, -0.66659546, -0.42492676, -0.18325806, 0.058410645, 0.30007935, 0.54174805, 0.78341675, -0.80596924, -0.56430054, -0.32263184, -0.080963135, 0.16070557, 0.40237427, 0.64404297, 0.88571167, -0.7036743, -0.46200562, -0.22033691, 0.021331787, 0.2630005, 0.5046692, 0.7463379, -0.8430481, -0.6013794, -0.3597107, -0.11804199, 0.12362671, 0.3652954, 0.6069641, 0.8486328, -0.7407532, -0.49908447, -0.25741577, -0.01574707, 0.22592163, -0.77783203, -0.53616333, -0.29449463, -0.052825928, 0.18884277, 0.43051147, 0.6721802, 0.9138489, -0.6755371, -0.4338684, -0.1921997, 0.049468994, 0.2911377, 0.5328064, 0.7744751, -0.8149109, -0.5732422, -0.3315735, -0.089904785, 0.15176392, 0.39343262, 0.6351013, 0.87677, -0.71261597, -0.47094727, -0.22927856, 0.012390137, 0.25405884, 0.49572754, 0.73739624, -0.85198975, -0.61032104, -0.36865234, -0.12698364, 0.11468506, 0.35635376, 0.59802246, 0.83969116, -0.7496948, -0.5080261, -0.26635742, -0.02468872, 0.21697998, 0.45864868, 0.7003174, -0.8890686, -0.6473999, -0.4057312, -0.1640625, 0.0776062, 0.3192749, 0.5609436, 0.8026123, -0.7867737, -0.545105, -0.30343628, -0.061767578, 0.17990112, 0.42156982, 0.6632385, 0.9049072, -0.68447876, -0.44281006, -0.20114136, 0.040527344, 0.28219604, 0.52386475, 0.76553345, -0.82385254, -0.58218384, -0.34051514, -0.098846436, 0.14282227, 0.38449097, 0.62615967, 0.86782837, -0.7215576, -0.47988892, -0.23822021, 0.0034484863, 0.24511719, 0.4867859, 0.7284546, -0.8609314, -0.6192627, -0.377594, -0.1359253, 0.10574341, 0.3474121, 0.5890808, 0.8307495, -0.7586365, -0.5169678, -0.27529907, -0.03363037, 0.20803833, 0.44970703, 0.69137573, -0.89801025, -0.65634155, -0.41467285, -0.17300415, 0.06866455, 0.31033325, 0.55200195, 0.79367065, -0.79571533, -0.55404663, -0.31237793, -0.07070923, 0.17095947, 0.41262817, 0.6542969, 0.8959656, -0.6934204, -0.4517517, -0.21008301, 0.031585693, 0.2732544, 0.5149231, 0.7565918, -0.8327942, -0.5911255, -0.3494568, -0.107788086, 0.13388062, 0.37554932, 0.617218, 0.8588867, -0.73049927, -0.48883057, -0.24716187, -0.005493164, 0.23617554, 0.47784424, 0.71951294, -0.86987305, -0.62820435, -0.38653564, -0.14486694, 0.09680176, 0.33847046, 0.58013916, 0.82180786, -0.7675781, -0.5259094, -0.28424072, -0.04257202, 0.19909668, 0.44076538, 0.6824341, -0.9069519, -0.6652832, -0.4236145, -0.1819458, 0.0597229, 0.3013916, 0.5430603, 0.784729, -0.804657, -0.5629883, -0.32131958, -0.07965088, 0.16201782, 0.40368652, 0.6453552, 0.8870239, -0.70236206, -0.46069336, -0.21902466, 0.022644043, 0.26431274, 0.50598145, 0.74765015, -0.84173584, -0.60006714, -0.35839844, -0.11672974, 0.124938965, 0.36660767, 0.60827637, 0.84994507, -0.7394409, -0.49777222, -0.25610352, -0.014434814, 0.22723389, 0.4689026, 0.7105713, -0.8788147, -0.637146, -0.3954773, -0.1538086, 0.08786011, 0.3295288, 0.5711975, 0.8128662, -0.7765198, -0.5348511, -0.29318237, -0.051513672, 0.19015503, 0.43182373, 0.67349243, 0.91516113, -0.67422485, -0.43255615, -0.19088745, 0.05078125, 0.29244995, 0.53411865, 0.77578735, -0.81359863, -0.57192993, -0.33026123, -0.08859253, 0.15307617, 0.39474487, 0.6364136, 0.8780823, -0.7113037, -0.469635, -0.22796631, 0.013702393, 0.2553711, 0.4970398, 0.7387085, -0.8506775, -0.6090088, -0.3673401, -0.12567139, 0.115997314, 0.35766602, 0.5993347, 0.8410034, -0.74838257, -0.50671387, -0.26504517, -0.023376465, 0.21829224, 0.45996094, 0.70162964, -0.88775635, -0.64608765, -0.40441895, -0.16275024, 0.07891846, 0.32058716, 0.56225586, 0.80392456, -0.7854614, -0.5437927, -0.30212402, -0.060455322, 0.18121338, 0.42288208, 0.6645508, 0.9062195, -0.6831665, -0.4414978, -0.1998291, 0.0418396, 0.2835083, 0.525177, 0.7668457, -0.8225403, -0.5808716, -0.33920288, -0.09753418, 0.14413452, 0.38580322, 0.6274719, 0.8691406, -0.72024536, -0.47857666, -0.23690796, 0.004760742, 0.24642944, 0.48809814, 0.72976685, -0.85961914, -0.61795044, -0.37628174, -0.13461304, 0.107055664, 0.34872437, 0.59039307, 0.83206177, -0.7573242, -0.5156555, -0.27398682, -0.032318115, 0.20935059, 0.4510193, 0.692688, -0.896698, -0.6550293, -0.4133606, -0.1716919, 0.06997681, 0.3116455, 0.5533142, 0.7949829, -0.7944031, -0.5527344, -0.31106567, -0.06939697, 0.17227173, 0.41394043, 0.65560913, 0.89727783, -0.69210815, -0.45043945, -0.20877075, 0.03289795, 0.27456665, 0.51623535, 0.75790405, -0.83148193, -0.58981323, -0.34814453, -0.10647583, 0.13519287, 0.37686157, 0.6185303, 0.860199, -0.729187, -0.4875183, -0.24584961, -0.004180908, 0.2374878, 0.4791565, 0.7208252, -0.8685608, -0.6268921, -0.3852234, -0.14355469, 0.09811401, 0.3397827, 0.5814514, 0.8231201, -0.76626587, -0.52459717, -0.28292847, -0.041259766, 0.20040894, 0.44207764, 0.68374634, -0.90563965, -0.66397095, -0.42230225, -0.18063354, 0.061035156, 0.30270386, 0.54437256, 0.78604126, -0.8033447, -0.561676, -0.32000732, -0.07833862, 0.16333008, 0.40499878, 0.6466675, 0.8883362, -0.7010498, -0.4593811, -0.2177124, 0.023956299, 0.265625, 0.5072937, 0.7489624, -0.8404236, -0.5987549, -0.35708618, -0.11541748, 0.12625122, 0.36791992, 0.6095886, 0.8512573, -0.73812866, -0.49645996, -0.25479126, -0.013122559, 0.22854614, 0.47021484, 0.71188354, -0.87750244, -0.63583374, -0.39416504, -0.15249634, 0.08917236, 0.33084106, 0.57250977, 0.81417847, -0.7752075, -0.5335388, -0.29187012, -0.050201416, 0.19146729, 0.433136, 0.6748047, -0.9145813, -0.6729126, -0.4312439, -0.1895752, 0.052093506, 0.2937622, 0.5354309, 0.7770996, -0.8122864, -0.5706177, -0.32894897, -0.08728027, 0.15438843, 0.39605713, 0.63772583, 0.87939453, -0.70999146, -0.46832275, -0.22665405, 0.015014648, 0.25668335, 0.49835205, 0.74002075, -0.84936523, -0.60769653, -0.36602783, -0.12435913, 0.11730957, 0.35897827, 0.600647, 0.8423157, -0.7470703, -0.5054016, -0.2637329, -0.022064209, 0.21960449, 0.4612732, 0.7029419, -0.8864441, -0.6447754, -0.4031067, -0.16143799, 0.08023071, 0.3218994, 0.5635681, 0.8052368, -0.78414917, -0.54248047, -0.30081177, -0.059143066, 0.18252563, 0.42419434, 0.66586304, 0.90753174, -0.68185425, -0.44018555, -0.19851685, 0.043151855, 0.28482056, 0.52648926, 0.76815796, -0.821228, -0.5795593, -0.33789063, -0.096221924, 0.14544678, 0.38711548, 0.6287842, 0.8704529, -0.7189331, -0.4772644, -0.2355957, 0.006072998, 0.2477417, 0.4894104, 0.7310791, -0.8583069, -0.6166382, -0.37496948, -0.13330078, 0.10836792, 0.35003662, 0.5917053, 0.833374, -0.75601196, -0.51434326, -0.27267456, -0.03100586, 0.21066284, 0.45233154, 0.69400024, -0.89538574, -0.65371704, -0.41204834, -0.17037964, 0.07128906, 0.31295776, 0.55462646, 0.79629517, -0.7930908, -0.5514221, -0.30975342, -0.06808472, 0.17358398, 0.4152527, 0.6569214, 0.8985901, -0.6907959, -0.4491272, -0.2074585, 0.034210205, 0.2758789, 0.5175476, 0.7592163, -0.8301697, -0.588501, -0.34683228, -0.105163574, 0.13650513, 0.37817383, 0.6198425, 0.86151123, -0.72787476, -0.48620605, -0.24453735, -0.0028686523, 0.23880005, 0.48046875, 0.72213745, -0.86724854, -0.62557983, -0.38391113, -0.14224243, 0.09942627, 0.34109497, 0.5827637, 0.8244324, -0.7649536, -0.5232849, -0.2816162, -0.03994751, 0.20172119, 0.4433899, 0.6850586, -0.9043274, -0.6626587, -0.42099, -0.17932129, 0.062347412, 0.3040161, 0.5456848, 0.7873535, -0.8020325, -0.56036377, -0.31869507, -0.07702637, 0.16464233, 0.40631104, 0.64797974, 0.88964844, -0.69973755, -0.45806885, -0.21640015, 0.025268555, 0.26693726, 0.50860596, 0.75027466, -0.8391113, -0.5974426, -0.35577393, -0.114105225, 0.12756348, 0.36923218, 0.6109009, 0.8525696, -0.7368164, -0.4951477, -0.253479, -0.011810303, 0.2298584, 0.4715271, 0.7131958, -0.8761902, -0.6345215, -0.39285278, -0.15118408, 0.09048462, 0.33215332, 0.573822, 0.8154907, -0.77389526, -0.53222656, -0.29055786, -0.04888916, 0.19277954, 0.43444824, 0.67611694, -0.91326904, -0.67160034, -0.42993164, -0.18826294, 0.05340576, 0.29507446, 0.53674316, 0.77841187, -0.8109741, -0.5693054, -0.32763672, -0.08596802, 0.15570068, 0.39736938, 0.6390381, 0.8807068, -0.7086792, -0.4670105, -0.2253418, 0.016326904, 0.2579956, 0.4996643, 0.741333, -0.848053, -0.6063843, -0.36471558, -0.123046875, 0.118621826, 0.36029053, 0.6019592, 0.8436279, -0.74575806, -0.50408936, -0.26242065, -0.020751953, 0.22091675, 0.46258545, 0.70425415, -0.88513184, -0.64346313, -0.40179443, -0.16012573, 0.08154297, 0.32321167, 0.5648804, 0.8065491, -0.7828369, -0.5411682, -0.2994995, -0.05783081, 0.18383789, 0.4255066, 0.6671753, 0.908844, -0.680542, -0.4388733, -0.19720459, 0.04446411, 0.2861328, 0.5278015, 0.7694702, -0.8199158, -0.5782471, -0.33657837, -0.09490967, 0.14675903, 0.38842773, 0.63009644, 0.87176514, -0.71762085, -0.47595215, -0.23428345, 0.007385254, 0.24905396, 0.49072266, 0.73239136, -0.8569946, -0.6153259, -0.37365723, -0.13198853, 0.109680176, 0.35134888, 0.5930176, 0.8346863, -0.7546997, -0.513031, -0.2713623, -0.029693604, 0.2119751, 0.4536438, 0.6953125, -0.8940735, -0.6524048, -0.41073608, -0.16906738, 0.07260132, 0.31427002, 0.5559387, 0.7976074, -0.79177856, -0.55010986, -0.30844116, -0.06677246, 0.17489624, 0.41656494, 0.65823364, 0.89990234, -0.68948364, -0.44781494, -0.20614624, 0.03552246, 0.27719116, 0.51885986, 0.76052856, -0.8288574, -0.5871887, -0.34552002, -0.10385132, 0.13781738, 0.37948608, 0.6211548, 0.8628235, -0.7265625, -0.4848938, -0.2432251, -0.0015563965, 0.2401123, 0.481781, 0.7234497, -0.8659363, -0.6242676, -0.38259888, -0.14093018, 0.100738525, 0.34240723, 0.5840759, 0.8257446, -0.76364136, -0.52197266, -0.28030396, -0.038635254, 0.20303345, 0.44470215, 0.68637085, -0.90301514, -0.66134644, -0.41967773, -0.17800903, 0.06365967, 0.30532837, 0.5469971, 0.7886658, -0.8007202, -0.5590515, -0.3173828, -0.07571411, 0.16595459, 0.4076233, 0.649292, 0.8909607, -0.6984253, -0.4567566, -0.21508789, 0.02658081, 0.2682495, 0.5099182, 0.7515869, -0.8377991, -0.5961304, -0.35446167, -0.11279297, 0.12887573, 0.37054443, 0.61221313, 0.85388184, -0.73550415, -0.49383545, -0.25216675, -0.010498047, 0.23117065, 0.47283936, 0.71450806, -0.8748779, -0.6332092, -0.39154053, -0.14987183, 0.091796875, 0.33346558, 0.5751343, 0.816803, -0.772583, -0.5309143, -0.2892456, -0.047576904, 0.1940918, 0.4357605, 0.6774292, -0.9119568, -0.6702881, -0.42861938, -0.18695068, 0.054718018, 0.29638672, 0.5380554, 0.7797241, -0.80966187, -0.56799316, -0.32632446, -0.08465576, 0.15701294, 0.39868164, 0.64035034, 0.88201904, -0.70736694, -0.46569824, -0.22402954, 0.01763916, 0.25930786, 0.50097656, 0.74264526, -0.8467407, -0.605072, -0.36340332, -0.12173462, 0.11993408, 0.36160278, 0.6032715, 0.8449402, -0.7444458, -0.5027771, -0.2611084, -0.019439697, 0.222229, 0.4638977, 0.7055664, -0.8838196, -0.6421509, -0.40048218, -0.15881348, 0.082855225, 0.32452393, 0.5661926, 0.8078613, -0.78152466, -0.53985596, -0.29818726, -0.056518555, 0.18515015, 0.42681885, 0.66848755, 0.91015625, -0.67922974, -0.43756104, -0.19589233, 0.045776367, 0.28744507, 0.52911377, 0.7707825, -0.8186035, -0.5769348, -0.3352661, -0.09359741, 0.14807129, 0.38974, 0.6314087, 0.8730774, -0.7163086, -0.4746399, -0.23297119, 0.00869751, 0.2503662, 0.4920349, 0.7337036, -0.8556824, -0.6140137, -0.37234497, -0.13067627, 0.11099243, 0.35266113, 0.59432983, 0.83599854, -0.75338745, -0.51171875, -0.27005005, -0.028381348, 0.21328735, 0.45495605, 0.69662476, -0.89276123, -0.6510925, -0.40942383, -0.16775513, 0.073913574, 0.31558228, 0.557251, 0.7989197, -0.7904663, -0.5487976, -0.3071289, -0.065460205, 0.1762085, 0.4178772, 0.6595459, 0.9012146, -0.6881714, -0.4465027, -0.20483398, 0.036834717, 0.27850342, 0.5201721, 0.7618408, -0.82754517, -0.58587646, -0.34420776, -0.10253906, 0.13912964, 0.38079834, 0.62246704, 0.86413574, -0.72525024, -0.48358154, -0.24191284, -0.00024414063, 0.24142456, 0.48309326, 0.72476196, -0.864624, -0.6229553, -0.38128662, -0.13961792, 0.10205078, 0.34371948, 0.5853882, 0.8270569, -0.7623291, -0.5206604, -0.2789917, -0.037322998, 0.2043457, 0.4460144, 0.6876831, -0.9017029, -0.6600342, -0.41836548, -0.17669678, 0.064971924, 0.30664063, 0.5483093, 0.789978, -0.79940796, -0.55773926, -0.31607056, -0.074401855, 0.16726685, 0.40893555, 0.65060425, 0.89227295, -0.69711304, -0.45544434, -0.21377563, 0.027893066, 0.26956177, 0.51123047, 0.75289917, -0.8364868, -0.5948181, -0.3531494, -0.11148071, 0.13018799, 0.3718567, 0.6135254, 0.8551941, -0.7341919, -0.4925232, -0.2508545, -0.009185791, 0.23248291, 0.4741516, 0.7158203, -0.8735657, -0.631897, -0.39022827, -0.14855957, 0.09310913, 0.33477783, 0.57644653, 0.81811523, -0.77127075, -0.52960205, -0.28793335, -0.04626465, 0.19540405, 0.43707275, 0.67874146, -0.91064453, -0.66897583, -0.42730713, -0.18563843, 0.056030273, 0.29769897, 0.5393677, 0.7810364, -0.8083496, -0.5666809, -0.3250122, -0.083343506, 0.1583252, 0.3999939, 0.6416626, 0.8833313, -0.7060547, -0.464386, -0.22271729, 0.018951416, 0.26062012, 0.5022888, 0.7439575, -0.50146484, -0.25979614, -0.018127441, 0.22354126, 0.46520996, 0.70687866, -0.8825073, -0.6408386, -0.39916992, -0.15750122, 0.08416748, 0.32583618, 0.5675049, 0.8091736, -0.7802124, -0.5385437, -0.296875, -0.0552063, 0.1864624, 0.4281311, 0.6697998, 0.9114685, -0.6779175, -0.43624878, -0.19458008, 0.047088623, 0.28875732, 0.530426, 0.7720947, -0.81729126, -0.57562256, -0.33395386, -0.092285156, 0.14938354, 0.39105225, 0.63272095, 0.87438965, -0.71499634, -0.47332764, -0.23165894, 0.010009766, 0.25167847, 0.49334717, 0.73501587, -0.8543701, -0.6127014, -0.3710327, -0.12936401, 0.11230469, 0.3539734, 0.5956421, 0.8373108, -0.7520752, -0.5104065, -0.2687378, -0.027069092, 0.21459961, 0.4562683, 0.697937, -0.891449, -0.6497803, -0.40811157, -0.16644287, 0.07522583, 0.31689453, 0.55856323, 0.80023193, -0.78915405, -0.54748535, -0.30581665, -0.06414795, 0.17752075, 0.41918945, 0.66085815, 0.90252686, -0.68685913, -0.44519043, -0.20352173, 0.038146973, 0.27981567, 0.5214844, 0.7631531, -0.8262329, -0.5845642, -0.3428955, -0.10122681, 0.1404419, 0.3821106, 0.6237793, 0.865448, -0.723938, -0.4822693, -0.24060059, 0.0010681152, 0.24273682, 0.48440552, 0.7260742, -0.86331177, -0.62164307, -0.37997437, -0.13830566, 0.10336304, 0.34503174, 0.58670044, 0.82836914, -0.76101685, -0.51934814, -0.27767944, -0.036010742, 0.20565796, 0.44732666, 0.68899536, -0.9003906, -0.6587219, -0.41705322, -0.17538452, 0.06628418, 0.30795288, 0.5496216, 0.7912903, -0.7980957, -0.556427, -0.3147583, -0.0730896, 0.1685791, 0.4102478, 0.6519165, 0.8935852, -0.6958008, -0.45413208, -0.21246338, 0.029205322, 0.27087402, 0.5125427, 0.7542114, -0.83517456, -0.59350586, -0.35183716, -0.11016846, 0.13150024, 0.37316895, 0.61483765, 0.85650635, -0.73287964, -0.49121094, -0.24954224, -0.007873535, 0.23379517, 0.47546387, 0.71713257, -0.8722534, -0.6305847, -0.38891602, -0.14724731, 0.09442139, 0.3360901, 0.5777588, 0.8194275, -0.7699585, -0.5282898, -0.2866211, -0.044952393, 0.19671631, 0.438385, 0.6800537, -0.9093323, -0.6676636, -0.42599487, -0.18432617, 0.05734253, 0.29901123, 0.54067993, 0.78234863, -0.80703735, -0.56536865, -0.32369995, -0.08203125, 0.15963745, 0.40130615, 0.64297485, 0.88464355, -0.70474243, -0.46307373, -0.22140503, 0.020263672, 0.26193237, 0.5036011, 0.7452698, -0.8441162, -0.6024475, -0.3607788, -0.11911011, 0.122558594, 0.3642273, 0.605896, 0.8475647, -0.7418213, -0.5001526, -0.2584839, -0.016815186, 0.22485352, 0.46652222, 0.7081909, -0.88119507, -0.63952637, -0.39785767, -0.15618896, 0.08547974, 0.32714844, 0.56881714, 0.81048584, -0.77890015, -0.53723145, -0.29556274, -0.053894043, 0.18777466, 0.42944336, 0.67111206, 0.91278076, -0.6766052, -0.43493652, -0.19326782, 0.04840088, 0.29006958, 0.5317383, 0.773407, -0.815979, -0.5743103, -0.3326416, -0.0909729, 0.1506958, 0.3923645, 0.6340332, 0.8757019, -0.7136841, -0.47201538, -0.23034668, 0.0113220215, 0.25299072, 0.49465942, 0.7363281, -0.85305786, -0.61138916, -0.36972046, -0.12805176, 0.11361694, 0.35528564, 0.59695435, 0.83862305, -0.75076294, -0.50909424, -0.26742554, -0.025756836, 0.21591187, 0.45758057, 0.69924927, -0.8901367, -0.648468, -0.40679932, -0.16513062, 0.076538086, 0.3182068, 0.5598755, 0.8015442, -0.7878418, -0.5461731, -0.3045044, -0.06283569, 0.17883301, 0.4205017, 0.6621704, 0.9038391, -0.6855469, -0.44387817, -0.20220947, 0.03945923, 0.28112793, 0.52279663, 0.76446533, -0.82492065, -0.58325195, -0.34158325, -0.09991455, 0.14175415, 0.38342285, 0.62509155, 0.86676025, -0.72262573, -0.48095703, -0.23928833, 0.002380371, 0.24404907, 0.48571777, 0.7273865, -0.8619995, -0.6203308, -0.3786621, -0.13699341, 0.10467529, 0.346344, 0.5880127, 0.8296814, -0.7597046, -0.5180359, -0.2763672, -0.034698486, 0.20697021, 0.44863892, 0.6903076, -0.89907837, -0.65740967, -0.41574097, -0.17407227, 0.067596436, 0.30926514, 0.55093384, 0.79260254, -0.79678345, -0.55511475, -0.31344604, -0.071777344, 0.16989136, 0.41156006, 0.65322876, 0.89489746, -0.6944885, -0.45281982, -0.21115112, 0.030517578, 0.27218628, 0.513855, 0.7555237, -0.8338623, -0.5921936, -0.3505249, -0.1088562, 0.1328125, 0.3744812, 0.6161499, 0.8578186, -0.7315674, -0.48989868, -0.24822998, -0.0065612793, 0.23510742, 0.47677612, 0.7184448, -0.87094116, -0.62927246, -0.38760376, -0.14593506, 0.09573364, 0.33740234, 0.57907104, 0.82073975, -0.76864624, -0.52697754, -0.28530884, -0.043640137, 0.19802856, 0.43969727, 0.68136597, -0.90802, -0.6663513, -0.42468262, -0.18301392, 0.058654785, 0.3003235, 0.5419922, 0.7836609, -0.8057251, -0.5640564, -0.3223877, -0.080718994, 0.1609497, 0.4026184, 0.6442871, 0.8859558, -0.7034302, -0.46176147, -0.22009277, 0.021575928, 0.26324463, 0.50491333, 0.74658203, -0.84280396, -0.60113525, -0.35946655, -0.11779785, 0.12387085, 0.36553955, 0.60720825, 0.84887695, -0.74050903, -0.49884033, -0.25717163, -0.01550293, 0.22616577, 0.46783447, 0.7095032, -0.8798828, -0.6382141, -0.3965454, -0.15487671, 0.08679199, 0.3284607, 0.5701294, 0.8117981, -0.7775879, -0.5359192, -0.2942505, -0.052581787, 0.18908691, 0.43075562, 0.6724243, 0.914093, -0.67529297, -0.43362427, -0.19195557, 0.049713135, 0.29138184, 0.53305054, 0.77471924, -0.81466675, -0.57299805, -0.33132935, -0.089660645, 0.15200806, 0.39367676, 0.63534546, 0.87701416, -0.7123718, -0.47070313, -0.22903442, 0.012634277, 0.25430298, 0.49597168, 0.7376404, -0.8517456, -0.6100769, -0.3684082, -0.1267395, 0.1149292, 0.3565979, 0.5982666, 0.8399353, -0.7494507, -0.507782, -0.26611328, -0.02444458, 0.21722412, 0.45889282, 0.7005615, -0.88882446, -0.64715576, -0.40548706, -0.16381836, 0.07785034, 0.31951904, 0.56118774, 0.80285645, -0.78652954, -0.54486084, -0.30319214, -0.061523438, 0.18014526, 0.42181396, 0.66348267, 0.90515137, -0.6842346, -0.44256592, -0.20089722, 0.040771484, 0.2824402, 0.5241089, 0.7657776, -0.8236084, -0.5819397, -0.340271, -0.098602295, 0.1430664, 0.3847351, 0.6264038, 0.8680725, -0.7213135, -0.47964478, -0.23797607, 0.003692627, 0.24536133, 0.48703003, 0.72869873, -0.86068726, -0.61901855, -0.37734985, -0.13568115, 0.10598755, 0.34765625, 0.58932495, 0.83099365, -0.75839233, -0.51672363, -0.27505493, -0.03338623, 0.20828247, 0.44995117, 0.6916199, -0.8977661, -0.6560974, -0.4144287, -0.17276001, 0.06890869, 0.3105774, 0.5522461, 0.7939148, -0.7954712, -0.5538025, -0.3121338, -0.07046509, 0.17120361, 0.4128723, 0.654541, 0.8962097, -0.69317627, -0.45150757, -0.20983887, 0.031829834, 0.27349854, 0.51516724, 0.75683594, -0.83255005, -0.59088135, -0.34921265, -0.107543945, 0.13412476, 0.37579346, 0.61746216, 0.85913086, -0.7302551, -0.48858643, -0.24691772, -0.0052490234, 0.23641968, 0.47808838, 0.7197571, -0.8696289, -0.6279602, -0.3862915, -0.1446228, 0.0970459, 0.3387146, 0.5803833, 0.822052, -0.767334, -0.5256653, -0.28399658, -0.04232788, 0.19934082, 0.44100952, 0.6826782, -0.90670776, -0.66503906, -0.42337036, -0.18170166, 0.05996704, 0.30163574, 0.54330444, 0.78497314, -0.80441284, -0.56274414, -0.32107544, -0.07940674, 0.16226196, 0.40393066, 0.64559937, 0.88726807, -0.7021179, -0.46044922, -0.21878052, 0.022888184, 0.26455688, 0.5062256, 0.7478943, -0.8414917, -0.599823, -0.3581543, -0.116485596, 0.1251831, 0.3668518, 0.6085205, 0.8501892, -0.7391968, -0.49752808, -0.25585938, -0.014190674, 0.22747803, 0.46914673, 0.7108154, -0.87857056, -0.63690186, -0.39523315, -0.15356445, 0.08810425, 0.32977295, 0.57144165, 0.81311035, -0.77627563, -0.53460693, -0.29293823, -0.05126953, 0.19039917, 0.43206787, 0.6737366, 0.9154053, -0.6739807, -0.432312, -0.19064331, 0.05102539, 0.2926941, 0.5343628, 0.7760315, -0.8133545, -0.5716858, -0.3300171, -0.08834839, 0.15332031, 0.394989, 0.6366577, 0.8783264, -0.7110596, -0.46939087, -0.22772217, 0.013946533, 0.25561523, 0.49728394, 0.73895264, -0.85043335, -0.60876465, -0.36709595, -0.12542725, 0.116241455, 0.35791016, 0.59957886, 0.84124756, -0.7481384, -0.5064697, -0.26480103, -0.023132324, 0.21853638, 0.46020508, 0.7018738, -0.8875122, -0.6458435, -0.4041748, -0.1625061, 0.0791626, 0.3208313, 0.5625, 0.8041687, -0.7852173, -0.5435486, -0.30187988, -0.06021118, 0.18145752, 0.42312622, 0.6647949, 0.9064636, -0.68292236, -0.44125366, -0.19958496, 0.04208374, 0.28375244, 0.52542114, 0.76708984, -0.82229614, -0.58062744, -0.33895874, -0.09729004, 0.14437866, 0.38604736, 0.62771606, 0.86938477, -0.7200012, -0.47833252, -0.23666382, 0.005004883, 0.24667358, 0.4883423, 0.730011, -0.859375, -0.6177063, -0.3760376, -0.1343689, 0.107299805, 0.3489685, 0.5906372, 0.8323059, -0.7570801, -0.5154114, -0.27374268, -0.032073975, 0.20959473, 0.45126343, 0.6929321, -0.89645386, -0.65478516, -0.41311646, -0.17144775, 0.07022095, 0.31188965, 0.55355835, 0.79522705, -0.79415894, -0.55249023, -0.31082153, -0.06915283, 0.17251587, 0.41418457, 0.6558533, 0.897522, -0.691864, -0.4501953, -0.20852661, 0.03314209, 0.2748108, 0.5164795, 0.7581482, -0.8312378, -0.5895691, -0.3479004, -0.10623169, 0.13543701, 0.3771057, 0.6187744, 0.8604431, -0.7289429, -0.48727417, -0.24560547, -0.0039367676, 0.23773193, 0.47940063, 0.72106934, -0.86831665, -0.62664795, -0.38497925, -0.14331055, 0.098358154, 0.34002686, 0.58169556, 0.82336426, -0.7660217, -0.524353, -0.28268433, -0.041015625, 0.20065308, 0.44232178, 0.6839905, -0.9053955, -0.6637268, -0.4220581, -0.1803894, 0.061279297, 0.302948, 0.5446167, 0.7862854, -0.8031006, -0.5614319, -0.31976318, -0.07809448, 0.16357422, 0.40524292, 0.6469116, 0.8885803, -0.70080566, -0.45913696, -0.21746826, 0.02420044, 0.26586914, 0.50753784, 0.74920654, -0.84017944, -0.59851074, -0.35684204, -0.11517334, 0.12649536, 0.36816406, 0.60983276, 0.85150146, -0.7378845, -0.49621582, -0.25454712, -0.012878418, 0.22879028, 0.47045898, 0.7121277, -0.8772583, -0.6355896, -0.3939209, -0.1522522, 0.089416504, 0.3310852, 0.5727539, 0.8144226, -0.7749634, -0.5332947, -0.29162598, -0.049957275, 0.19171143, 0.43338013, 0.6750488, -0.91433716, -0.67266846, -0.43099976, -0.18933105, 0.052337646, 0.29400635, 0.53567505, 0.77734375, -0.81204224, -0.57037354, -0.32870483, -0.08703613, 0.15463257, 0.39630127, 0.63797, 0.8796387, -0.7097473, -0.4680786, -0.22640991, 0.015258789, 0.2569275, 0.4985962, 0.7402649, -0.8491211, -0.6074524, -0.3657837, -0.12411499, 0.11755371, 0.3592224, 0.6008911, 0.8425598, -0.7468262, -0.5051575, -0.26348877, -0.021820068, 0.21984863, 0.46151733, 0.70318604, -0.88619995, -0.64453125, -0.40286255, -0.16119385, 0.08047485, 0.32214355, 0.56381226, 0.80548096, -0.783905, -0.5422363, -0.30056763, -0.058898926, 0.18276978, 0.42443848, 0.6661072, 0.9077759, -0.6816101, -0.4399414, -0.1982727, 0.043395996, 0.2850647, 0.5267334, 0.7684021, -0.8209839, -0.5793152, -0.33764648, -0.09597778, 0.14569092, 0.38735962, 0.6290283, 0.870697, -0.71868896, -0.47702026, -0.23535156, 0.0063171387, 0.24798584, 0.48965454, 0.73132324, -0.85806274, -0.61639404, -0.37472534, -0.13305664, 0.10861206, 0.35028076, 0.59194946, 0.83361816, -0.7557678, -0.5140991, -0.27243042, -0.030761719, 0.21090698, 0.45257568, 0.6942444, -0.8951416, -0.6534729, -0.4118042, -0.1701355, 0.0715332, 0.3132019, 0.5548706, 0.7965393, -0.7928467, -0.551178, -0.30950928, -0.067840576, 0.17382813, 0.41549683, 0.6571655, 0.8988342, -0.69055176, -0.44888306, -0.20721436, 0.034454346, 0.27612305, 0.51779175, 0.75946045, -0.82992554, -0.58825684, -0.34658813, -0.10491943, 0.13674927, 0.37841797, 0.62008667, 0.8617554, -0.7276306, -0.4859619, -0.24429321, -0.0026245117, 0.23904419, 0.4807129, 0.7223816, -0.8670044, -0.6253357, -0.383667, -0.14199829, 0.09967041, 0.3413391, 0.5830078, 0.8246765, -0.7647095, -0.5230408, -0.28137207, -0.03970337, 0.20196533, 0.44363403, 0.68530273, -0.90408325, -0.66241455, -0.42074585, -0.17907715, 0.06259155, 0.30426025, 0.54592896, 0.78759766, -0.80178833, -0.5601196, -0.31845093, -0.07678223, 0.16488647, 0.40655518, 0.6482239, 0.8898926, -0.6994934, -0.4578247, -0.216156, 0.025512695, 0.2671814, 0.5088501, 0.7505188, -0.8388672, -0.5971985, -0.3555298, -0.113861084, 0.12780762, 0.36947632, 0.611145, 0.8528137, -0.73657227, -0.49490356, -0.25323486, -0.011566162, 0.23010254, 0.47177124, 0.71343994, -0.87594604, -0.63427734, -0.39260864, -0.15093994, 0.09072876, 0.33239746, 0.57406616, 0.81573486, -0.7736511, -0.5319824, -0.29031372, -0.04864502, 0.19302368, 0.43469238, 0.6763611, -0.9130249, -0.6713562, -0.4296875, -0.1880188, 0.053649902, 0.2953186, 0.5369873, 0.778656, -0.22509766, 0.016571045, 0.25823975, 0.49990845, 0.74157715, -0.84780884, -0.60614014, -0.36447144, -0.122802734, 0.11886597, 0.36053467, 0.60220337, 0.8438721, -0.7455139, -0.5038452, -0.2621765, -0.020507813, 0.22116089, 0.4628296, 0.7044983, -0.8848877, -0.643219, -0.4015503, -0.15988159, 0.08178711, 0.3234558, 0.5651245, 0.8067932, -0.7825928, -0.5409241, -0.29925537, -0.05758667, 0.18408203, 0.42575073, 0.66741943, 0.90908813, -0.68029785, -0.43862915, -0.19696045, 0.044708252, 0.28637695, 0.52804565, 0.76971436, -0.81967163, -0.5780029, -0.33633423, -0.09466553, 0.14700317, 0.38867188, 0.6303406, 0.8720093, -0.7173767, -0.475708, -0.2340393, 0.0076293945, 0.2492981, 0.4909668, 0.7326355, -0.8567505, -0.6150818, -0.3734131, -0.13174438, 0.10992432, 0.35159302, 0.5932617, 0.8349304, -0.75445557, -0.51278687, -0.27111816, -0.029449463, 0.21221924, 0.45388794, 0.69555664, -0.89382935, -0.65216064, -0.41049194, -0.16882324, 0.07284546, 0.31451416, 0.55618286, 0.79785156, -0.7915344, -0.5498657, -0.30819702, -0.06652832, 0.17514038, 0.41680908, 0.6584778, 0.9001465, -0.6892395, -0.4475708, -0.2059021, 0.0357666, 0.2774353, 0.519104, 0.7607727, -0.8286133, -0.5869446, -0.34527588, -0.10360718, 0.13806152, 0.37973022, 0.6213989, 0.8630676, -0.72631836, -0.48464966, -0.24298096, -0.0013122559, 0.24035645, 0.48202515, 0.72369385, -0.86569214, -0.62402344, -0.38235474, -0.14068604, 0.100982666, 0.34265137, 0.58432007, 0.82598877, -0.7633972, -0.5217285, -0.2800598, -0.038391113, 0.20327759, 0.4449463, 0.686615, -0.902771, -0.6611023, -0.4194336, -0.1777649, 0.06390381, 0.3055725, 0.5472412, 0.7889099, -0.8004761, -0.5588074, -0.31713867, -0.07546997, 0.16619873, 0.40786743, 0.64953613, 0.89120483, -0.69818115, -0.45651245, -0.21484375, 0.026824951, 0.26849365, 0.51016235, 0.75183105, -0.83755493, -0.59588623, -0.35421753, -0.11254883, 0.12911987, 0.37078857, 0.6124573, 0.854126, -0.73526, -0.4935913, -0.2519226, -0.010253906, 0.2314148, 0.4730835, 0.7147522, -0.8746338, -0.6329651, -0.3912964, -0.14962769, 0.092041016, 0.33370972, 0.5753784, 0.8170471, -0.77233887, -0.53067017, -0.28900146, -0.047332764, 0.19433594, 0.43600464, 0.67767334, -0.91171265, -0.67004395, -0.42837524, -0.18670654, 0.05496216, 0.29663086, 0.53829956, 0.77996826, -0.8094177, -0.567749, -0.32608032, -0.08441162, 0.15725708, 0.39892578, 0.6405945, 0.8822632, -0.7071228, -0.4654541, -0.2237854, 0.0178833, 0.259552, 0.5012207, 0.7428894, -0.8464966, -0.6048279, -0.36315918, -0.12149048, 0.12017822, 0.36184692, 0.6035156, 0.8451843, -0.74420166, -0.50253296, -0.26086426, -0.019195557, 0.22247314, 0.46414185, 0.70581055, -0.88357544, -0.64190674, -0.40023804, -0.15856934, 0.083099365, 0.32476807, 0.56643677, 0.80810547, -0.7812805, -0.5396118, -0.29794312, -0.056274414, 0.18539429, 0.427063, 0.6687317, 0.9104004, -0.6789856, -0.4373169, -0.1956482, 0.046020508, 0.2876892, 0.5293579, 0.7710266, -0.8183594, -0.5766907, -0.33502197, -0.09335327, 0.14831543, 0.38998413, 0.63165283, 0.87332153, -0.71606445, -0.47439575, -0.23272705, 0.00894165, 0.25061035, 0.49227905, 0.73394775, -0.85543823, -0.61376953, -0.37210083, -0.13043213, 0.11123657, 0.35290527, 0.594574, 0.8362427, -0.7531433, -0.5114746, -0.2698059, -0.028137207, 0.2135315, 0.4552002, 0.6968689, -0.8925171, -0.6508484, -0.4091797, -0.16751099, 0.074157715, 0.31582642, 0.5574951, 0.7991638, -0.79022217, -0.54855347, -0.30688477, -0.065216064, 0.17645264, 0.41812134, 0.65979004, 0.90145874, -0.68792725, -0.44625854, -0.20458984, 0.037078857, 0.27874756, 0.52041626, 0.76208496, -0.827301, -0.5856323, -0.34396362, -0.10229492, 0.13937378, 0.38104248, 0.6227112, 0.8643799, -0.7250061, -0.4833374, -0.2416687, 0.0, 0.2416687, 0.4833374, 0.7250061, -0.8643799, -0.6227112, -0.38104248, -0.13937378, 0.10229492, 0.34396362, 0.5856323, 0.827301, -0.76208496, -0.52041626, -0.27874756, -0.037078857, 0.20458984, 0.44625854, 0.68792725, -0.90145874, -0.65979004, -0.41812134, -0.17645264, 0.065216064, 0.30688477, 0.54855347, 0.79022217, -0.7991638, -0.5574951, -0.31582642, -0.074157715, 0.16751099, 0.4091797, 0.6508484, 0.8925171, -0.6968689, -0.4552002, -0.2135315, 0.028137207, 0.2698059, 0.5114746, 0.7531433, -0.8362427, -0.594574, -0.35290527, -0.11123657, 0.13043213, 0.37210083, 0.61376953, 0.85543823, -0.73394775, -0.49227905, -0.25061035, -0.00894165, 0.23272705, 0.47439575, 0.71606445, -0.87332153, -0.63165283, -0.38998413, -0.14831543, 0.09335327, 0.33502197, 0.5766907, 0.8183594, -0.7710266, -0.5293579, -0.2876892, -0.046020508, 0.1956482, 0.4373169, 0.6789856, -0.9104004, -0.6687317, -0.427063, -0.18539429, 0.056274414, 0.29794312, 0.5396118, 0.7812805, -0.80810547, -0.56643677, -0.32476807, -0.083099365, 0.15856934, 0.40023804, 0.64190674, 0.88357544, -0.70581055, -0.46414185, -0.22247314, 0.019195557, 0.26086426, 0.50253296, 0.74420166, -0.8451843, -0.6035156, -0.36184692, -0.12017822, 0.12149048, 0.36315918, 0.6048279, 0.8464966, -0.7428894, -0.5012207, -0.259552, -0.0178833, 0.2237854, 0.4654541, 0.7071228, -0.8822632, -0.6405945, -0.39892578, -0.15725708, 0.08441162, 0.32608032, 0.567749, 0.8094177, -0.77996826, -0.53829956, -0.29663086, -0.05496216, 0.18670654, 0.42837524, 0.67004395, 0.91171265, -0.67767334, -0.43600464, -0.19433594, 0.047332764, 0.28900146, 0.53067017, 0.77233887, -0.8170471, -0.5753784, -0.33370972, -0.092041016, 0.14962769, 0.3912964, 0.6329651, 0.8746338, -0.7147522, -0.4730835, -0.2314148, 0.010253906, 0.2519226, 0.4935913, 0.73526, -0.854126, -0.6124573, -0.37078857, -0.12911987, 0.11254883, 0.35421753, 0.59588623, 0.83755493, -0.75183105, -0.51016235, -0.26849365, -0.026824951, 0.21484375, 0.45651245, 0.69818115, -0.89120483, -0.64953613, -0.40786743, -0.16619873, 0.07546997, 0.31713867, 0.5588074, 0.8004761, -0.7889099, -0.5472412, -0.3055725, -0.06390381, 0.1777649, 0.4194336, 0.6611023, 0.902771, -0.686615, -0.4449463, -0.20327759, 0.038391113, 0.2800598, 0.5217285, 0.7633972, -0.82598877, -0.58432007, -0.34265137, -0.100982666, 0.14068604, 0.38235474, 0.62402344, 0.86569214, -0.72369385, -0.48202515, -0.24035645, 0.0013122559, 0.24298096, 0.48464966, 0.72631836, -0.8630676, -0.6213989, -0.37973022, -0.13806152, 0.10360718, 0.34527588, 0.5869446, 0.8286133, -0.7607727, -0.519104, -0.2774353, -0.0357666, 0.2059021, 0.4475708, 0.6892395, -0.9001465, -0.6584778, -0.41680908, -0.17514038, 0.06652832, 0.30819702, 0.5498657, 0.7915344, -0.79785156, -0.55618286, -0.31451416, -0.07284546, 0.16882324, 0.41049194, 0.65216064, 0.89382935, -0.69555664, -0.45388794, -0.21221924, 0.029449463, 0.27111816, 0.51278687, 0.75445557, -0.8349304, -0.5932617, -0.35159302, -0.10992432, 0.13174438, 0.3734131, 0.6150818, 0.8567505, -0.7326355, -0.4909668, -0.2492981, -0.0076293945, 0.2340393, 0.475708, 0.7173767, -0.8720093, -0.6303406, -0.38867188, -0.14700317, 0.09466553, 0.33633423, 0.5780029, 0.81967163, -0.76971436, -0.52804565, -0.28637695, -0.044708252, 0.19696045, 0.43862915, 0.68029785, -0.90908813, -0.66741943, -0.42575073, -0.18408203, 0.05758667, 0.29925537, 0.5409241, 0.7825928, -0.8067932, -0.5651245, -0.3234558, -0.08178711, 0.15988159, 0.4015503, 0.643219, 0.8848877, -0.7044983, -0.4628296, -0.22116089, 0.020507813, 0.2621765, 0.5038452, 0.7455139, -0.8438721, -0.60220337, -0.36053467, -0.11886597, 0.122802734, 0.36447144, 0.60614014, 0.84780884, -0.74157715, -0.49990845, -0.25823975, -0.016571045, 0.22509766, 0.46676636, 0.70843506, -0.8809509, -0.6392822, -0.39761353, -0.15594482, 0.08572388, 0.32739258, 0.5690613, 0.81073, -0.778656, -0.5369873, -0.2953186, -0.053649902, 0.1880188, 0.4296875, 0.6713562, 0.9130249, -0.6763611, -0.43469238, -0.19302368, 0.04864502, 0.29031372, 0.5319824, 0.7736511, -0.81573486, -0.57406616, -0.33239746, -0.09072876, 0.15093994, 0.39260864, 0.63427734, 0.87594604, -0.71343994, -0.47177124, -0.23010254, 0.011566162, 0.25323486, 0.49490356, 0.73657227, -0.8528137, -0.611145, -0.36947632, -0.12780762, 0.113861084, 0.3555298, 0.5971985, 0.8388672, -0.7505188, -0.5088501, -0.2671814, -0.025512695, 0.216156, 0.4578247, 0.6994934, -0.8898926, -0.6482239, -0.40655518, -0.16488647, 0.07678223, 0.31845093, 0.5601196, 0.80178833, -0.78759766, -0.54592896, -0.30426025, -0.06259155, 0.17907715, 0.42074585, 0.66241455, 0.90408325, -0.68530273, -0.44363403, -0.20196533, 0.03970337, 0.28137207, 0.5230408, 0.7647095, -0.8246765, -0.5830078, -0.3413391, -0.09967041, 0.14199829, 0.383667, 0.6253357, 0.8670044, -0.7223816, -0.4807129, -0.23904419, 0.0026245117, 0.24429321, 0.4859619, 0.7276306, -0.8617554, -0.62008667, -0.37841797, -0.13674927, 0.10491943, 0.34658813, 0.58825684, 0.82992554, -0.75946045, -0.51779175, -0.27612305, -0.034454346, 0.20721436, 0.44888306, 0.69055176, -0.8988342, -0.6571655, -0.41549683, -0.17382813, 0.067840576, 0.30950928, 0.551178, 0.7928467, -0.7965393, -0.5548706, -0.3132019, -0.0715332, 0.1701355, 0.4118042, 0.6534729, 0.8951416, -0.6942444, -0.45257568, -0.21090698, 0.030761719, 0.27243042, 0.5140991, 0.7557678, -0.83361816, -0.59194946, -0.35028076, -0.10861206, 0.13305664, 0.37472534, 0.61639404, 0.85806274, -0.73132324, -0.48965454, -0.24798584, -0.0063171387, 0.23535156, 0.47702026, 0.71868896, -0.870697, -0.6290283, -0.38735962, -0.14569092, 0.09597778, 0.33764648, 0.5793152, 0.8209839, -0.7684021, -0.5267334, -0.2850647, -0.043395996, 0.1982727, 0.4399414, 0.6816101, -0.9077759, -0.6661072, -0.42443848, -0.18276978, 0.058898926, 0.30056763, 0.5422363, 0.783905, -0.80548096, -0.56381226, -0.32214355, -0.08047485, 0.16119385, 0.40286255, 0.64453125, 0.88619995, -0.70318604, -0.46151733, -0.21984863, 0.021820068, 0.26348877, 0.5051575, 0.7468262, -0.8425598, -0.6008911, -0.3592224, -0.11755371, 0.12411499, 0.3657837, 0.6074524, 0.8491211, -0.7402649, -0.4985962, -0.2569275, -0.015258789, 0.22640991, 0.4680786, 0.7097473, -0.8796387, -0.63797, -0.39630127, -0.15463257, 0.08703613, 0.32870483, 0.57037354, 0.81204224, -0.77734375, -0.53567505, -0.29400635, -0.052337646, 0.18933105, 0.43099976, 0.67266846, 0.91433716, -0.6750488, -0.43338013, -0.19171143, 0.049957275, 0.29162598, 0.5332947, 0.7749634, -0.8144226, -0.5727539, -0.3310852, -0.089416504, 0.1522522, 0.3939209, 0.6355896, 0.8772583, -0.7121277, -0.47045898, -0.22879028, 0.012878418, 0.25454712, 0.49621582, 0.7378845, -0.85150146, -0.60983276, -0.36816406, -0.12649536, 0.11517334, 0.35684204, 0.59851074, 0.84017944, -0.74920654, -0.50753784, -0.26586914, -0.02420044, 0.21746826, 0.45913696, 0.70080566, -0.8885803, -0.6469116, -0.40524292, -0.16357422, 0.07809448, 0.31976318, 0.5614319, 0.8031006, -0.7862854, -0.5446167, -0.302948, -0.061279297, 0.1803894, 0.4220581, 0.6637268, 0.9053955, -0.6839905, -0.44232178, -0.20065308, 0.041015625, 0.28268433, 0.524353, 0.7660217, -0.82336426, -0.58169556, -0.34002686, -0.098358154, 0.14331055, 0.38497925, 0.62664795, 0.86831665, -0.72106934, -0.47940063, -0.23773193, 0.0039367676, 0.24560547, 0.48727417, 0.7289429, -0.8604431, -0.6187744, -0.3771057, -0.13543701, 0.10623169, 0.3479004, 0.5895691, 0.8312378, -0.7581482, -0.5164795, -0.2748108, -0.03314209, 0.20852661, 0.4501953, 0.691864, -0.897522, -0.6558533, -0.41418457, -0.17251587, 0.06915283, 0.31082153, 0.55249023, 0.79415894, -0.79522705, -0.55355835, -0.31188965, -0.07022095, 0.17144775, 0.41311646, 0.65478516, 0.89645386, -0.6929321, -0.45126343, -0.20959473, 0.032073975, 0.27374268, 0.5154114, 0.7570801, -0.8323059, -0.5906372, -0.3489685, -0.107299805, 0.1343689, 0.3760376, 0.6177063, 0.859375, -0.730011, -0.4883423, -0.24667358, -0.005004883, 0.23666382, 0.47833252, 0.7200012, -0.86938477, -0.62771606, -0.38604736, -0.14437866, 0.09729004, 0.33895874, 0.58062744, 0.82229614, -0.76708984, -0.52542114, -0.28375244, -0.04208374, 0.19958496, 0.44125366, 0.68292236, -0.9064636, -0.6647949, -0.42312622, -0.18145752, 0.06021118, 0.30187988, 0.5435486, 0.7852173, -0.8041687, -0.5625, -0.3208313, -0.0791626, 0.1625061, 0.4041748, 0.6458435, 0.8875122, -0.7018738, -0.46020508, -0.21853638, 0.023132324, 0.26480103, 0.5064697, 0.7481384, -0.84124756, -0.59957886, -0.35791016, -0.116241455, 0.12542725, 0.36709595, 0.60876465, 0.85043335, -0.73895264, -0.49728394, -0.25561523, -0.013946533, 0.22772217, 0.46939087, 0.7110596, -0.8783264, -0.6366577, -0.394989, -0.15332031, 0.08834839, 0.3300171, 0.5716858, 0.8133545, -0.7760315, -0.5343628, -0.2926941, -0.05102539, 0.19064331, 0.432312, 0.6739807, -0.9154053, -0.6737366, -0.43206787, -0.19039917, 0.0, 0.0, 0.0, 0.0, 0.0, 0.0, 0.0, 0.0, 0.0, 0.0, 0.0, 0.0, 0.0, 0.0, 0.0, 0.0, 0.0, 0.0, 0.0, 0.0, 0.0, 0.0, 0.0, 0.0, 0.0, 0.0, 0.0, 0.0, 0.0, 0.0, 0.0, 0.0, 0.0, 0.0, 0.05126953, 0.29293823, 0.53460693, 0.77627563, -0.81311035, -0.57144165, -0.32977295, -0.08810425, 0.15356445, 0.39523315, 0.63690186, 0.87857056, -0.7108154, -0.46914673, -0.22747803, 0.014190674, 0.25585938, 0.49752808, 0.7391968, -0.8501892, -0.6085205, -0.3668518, -0.1251831, 0.116485596, 0.3581543, 0.599823, 0.8414917, -0.7478943, -0.5062256, -0.26455688, -0.022888184, 0.21878052, 0.46044922, 0.7021179, -0.88726807, -0.64559937, -0.40393066, -0.16226196, 0.07940674, 0.32107544, 0.56274414, 0.80441284, -0.78497314, -0.54330444, -0.30163574, -0.05996704, 0.18170166, 0.42337036, 0.66503906, 0.90670776, -0.6826782, -0.44100952, -0.19934082, 0.04232788, 0.28399658, 0.5256653, 0.767334, -0.822052, -0.5803833, -0.3387146, -0.0970459, 0.1446228, 0.3862915, 0.6279602, 0.8696289, -0.7197571, -0.47808838, -0.23641968, 0.0052490234, 0.24691772, 0.48858643, 0.7302551, -0.85913086, -0.61746216, -0.37579346, -0.13412476, 0.107543945, 0.34921265, 0.59088135, 0.83255005, -0.75683594, -0.51516724, -0.27349854, -0.031829834, 0.20983887, 0.45150757, 0.69317627, -0.8962097, -0.654541, -0.4128723, -0.17120361, 0.07046509, 0.3121338, 0.5538025, 0.7954712, -0.7939148, -0.5522461, -0.3105774, -0.06890869, 0.17276001, 0.4144287, 0.6560974, 0.8977661, -0.6916199, -0.44995117, -0.20828247, 0.03338623, 0.27505493, 0.51672363, 0.75839233, -0.83099365, -0.58932495, -0.34765625, -0.10598755, 0.13568115, 0.37734985, 0.61901855, 0.86068726, -0.72869873, -0.48703003, -0.24536133, -0.003692627, 0.23797607, 0.47964478, 0.7213135, -0.8680725, -0.6264038, -0.3847351, -0.1430664, 0.098602295, 0.340271, 0.5819397, 0.8236084, -0.7657776, -0.5241089, -0.2824402, -0.040771484, 0.20089722, 0.44256592, 0.6842346, -0.90515137, -0.66348267, -0.42181396, -0.18014526, 0.061523438, 0.30319214, 0.54486084, 0.78652954, -0.80285645, -0.56118774, -0.31951904, -0.07785034, 0.16381836, 0.40548706, 0.64715576, 0.88882446, -0.7005615, -0.45889282, -0.21722412, 0.02444458, 0.26611328, 0.507782, 0.7494507, -0.8399353, -0.5982666, -0.3565979, -0.1149292, 0.1267395, 0.3684082, 0.6100769, 0.8517456, -0.7376404, -0.49597168, -0.25430298, -0.012634277, 0.22903442, 0.47070313, 0.7123718, -0.87701416, -0.63534546, -0.39367676, -0.15200806, 0.089660645, 0.33132935, 0.57299805, 0.81466675, -0.77471924, -0.53305054, -0.29138184, -0.049713135, 0.19195557, 0.43362427, 0.67529297, -0.914093, -0.6724243, -0.43075562, -0.18908691, 0.052581787, 0.2942505, 0.5359192, 0.7775879, -0.8117981, -0.5701294, -0.3284607, -0.08679199, 0.15487671, 0.3965454, 0.6382141, 0.8798828, -0.7095032, -0.46783447, -0.22616577, 0.01550293, 0.25717163, 0.49884033, 0.74050903, -0.84887695, -0.60720825, -0.36553955, -0.12387085, 0.11779785, 0.35946655, 0.60113525, 0.84280396, -0.74658203, -0.50491333, -0.26324463, -0.021575928, 0.22009277, 0.46176147, 0.7034302, -0.8859558, -0.6442871, -0.4026184, -0.1609497, 0.080718994, 0.3223877, 0.5640564, 0.8057251, -0.7836609, -0.5419922, -0.3003235, -0.058654785, 0.18301392, 0.42468262, 0.6663513, 0.90802, -0.68136597, -0.43969727, -0.19802856, 0.043640137, 0.28530884, 0.52697754, 0.76864624, -0.82073975, -0.57907104, -0.33740234, -0.09573364, 0.14593506, 0.38760376, 0.62927246, 0.87094116, -0.7184448, -0.47677612, -0.23510742, 0.0065612793, 0.24822998, 0.48989868, 0.7315674, -0.8578186, -0.6161499, -0.3744812, -0.1328125, 0.1088562, 0.3505249, 0.5921936, 0.8338623, -0.7555237, -0.513855, -0.27218628, -0.030517578, 0.21115112, 0.45281982, 0.6944885, -0.89489746, -0.65322876, -0.41156006, -0.16989136, 0.071777344, 0.31344604, 0.55511475, 0.79678345, -0.79260254, -0.55093384, -0.30926514, -0.067596436, 0.17407227, 0.41574097, 0.65740967, 0.89907837, -0.6903076, -0.44863892, -0.20697021, 0.034698486, 0.2763672, 0.5180359, 0.7597046, -0.8296814, -0.5880127, -0.346344, -0.10467529, 0.13699341, 0.3786621, 0.6203308, 0.8619995, -0.7273865, -0.48571777, -0.24404907, -0.002380371, 0.23928833, 0.48095703, 0.72262573, -0.86676025, -0.62509155, -0.38342285, -0.14175415, 0.09991455, 0.34158325, 0.58325195, 0.82492065, -0.76446533, -0.52279663, -0.28112793, -0.03945923, 0.20220947, 0.44387817, 0.6855469, -0.9038391, -0.6621704, -0.4205017, -0.17883301, 0.06283569, 0.3045044, 0.5461731, 0.7878418, -0.8015442, -0.5598755, -0.3182068, -0.076538086, 0.16513062, 0.40679932, 0.648468, 0.8901367, -0.69924927, -0.45758057, -0.21591187, 0.025756836, 0.26742554, 0.50909424, 0.75076294, -0.83862305, -0.59695435, -0.35528564, -0.11361694, 0.12805176, 0.36972046, 0.61138916, 0.85305786, -0.7363281, -0.49465942, -0.25299072, -0.0113220215, 0.23034668, 0.47201538, 0.7136841, -0.8757019, -0.6340332, -0.3923645, -0.1506958, 0.0909729, 0.3326416, 0.5743103, 0.815979, -0.773407, -0.5317383, -0.29006958, -0.04840088, 0.19326782, 0.43493652, 0.6766052, -0.91278076, -0.67111206, -0.42944336, -0.18777466, 0.053894043, 0.29556274, 0.53723145, 0.77890015, -0.81048584, -0.56881714, -0.32714844, -0.08547974, 0.15618896, 0.39785767, 0.63952637, 0.88119507, -0.7081909, -0.46652222, -0.22485352, 0.016815186, 0.2584839, 0.5001526, 0.7418213, -0.8475647, -0.605896, -0.3642273, -0.122558594, 0.11911011, 0.3607788, 0.6024475, 0.8441162, -0.7452698, -0.5036011, -0.26193237, -0.020263672, 0.22140503, 0.46307373, 0.70474243, -0.88464355, -0.64297485, -0.40130615, -0.15963745, 0.08203125, 0.32369995, 0.56536865, 0.80703735, -0.78234863, -0.54067993, -0.29901123, -0.05734253, 0.18432617, 0.42599487, 0.6676636, 0.9093323, -0.6800537, -0.438385, -0.19671631, 0.044952393, 0.2866211, 0.5282898, 0.7699585, -0.8194275, -0.5777588, -0.3360901, -0.09442139, 0.14724731, 0.38891602, 0.6305847, 0.8722534, -0.71713257, -0.47546387, -0.23379517, 0.007873535, 0.24954224, 0.49121094, 0.73287964, -0.85650635, -0.61483765, -0.37316895, -0.13150024, 0.11016846, 0.35183716, 0.59350586, 0.83517456, -0.7542114, -0.5125427, -0.27087402, -0.029205322, 0.21246338, 0.45413208, 0.6958008, -0.8935852, -0.6519165, -0.4102478, -0.1685791, 0.0730896, 0.3147583, 0.556427, 0.7980957, -0.7912903, -0.5496216, -0.30795288, -0.06628418, 0.17538452, 0.41705322, 0.6587219, 0.9003906, -0.68899536, -0.44732666, -0.20565796, 0.036010742, 0.27767944, 0.51934814, 0.76101685, -0.82836914, -0.58670044, -0.34503174, -0.10336304, 0.13830566, 0.37997437, 0.62164307, 0.86331177, -0.7260742, -0.48440552, -0.24273682, -0.0010681152, 0.24060059, 0.4822693, 0.723938, -0.865448, -0.6237793, -0.3821106, -0.1404419, 0.10122681, 0.3428955, 0.5845642, 0.8262329, -0.7631531, -0.5214844, -0.27981567, -0.038146973, 0.20352173, 0.44519043, 0.68685913, -0.90252686, -0.66085815, -0.41918945, -0.17752075, 0.06414795, 0.30581665, 0.54748535, 0.78915405, -0.80023193, -0.55856323, -0.31689453, -0.07522583, 0.16644287, 0.40811157, 0.6497803, 0.891449, -0.697937, -0.4562683, -0.21459961, 0.027069092, 0.2687378, 0.5104065, 0.7520752, -0.8373108, -0.5956421, -0.3539734, -0.11230469, 0.12936401, 0.3710327, 0.6127014, 0.8543701, -0.73501587, -0.49334717, -0.25167847, -0.010009766, 0.23165894, 0.47332764, 0.71499634, -0.87438965, -0.63272095, -0.39105225, -0.14938354, 0.092285156, 0.33395386, 0.57562256, 0.81729126, -0.7720947, -0.530426, -0.28875732, -0.047088623, 0.19458008, 0.43624878, 0.6779175, -0.9114685, -0.6697998, -0.4281311, -0.1864624, 0.0552063, 0.296875, 0.5385437, 0.7802124, -0.8091736, -0.5675049, -0.32583618, -0.08416748, 0.15750122, 0.39916992, 0.6408386, 0.8825073, -0.70687866, -0.46520996, -0.22354126, 0.018127441, 0.25979614, 0.50146484, 0.74313354, -0.84625244, -0.60458374, -0.36291504, -0.12124634, 0.12042236, 0.36209106, 0.60375977, 0.84542847, -0.7439575, -0.5022888, -0.26062012, -0.018951416, 0.22271729, 0.464386, 0.7060547, -0.8833313, -0.6416626, -0.3999939, -0.1583252, 0.083343506, 0.3250122, 0.5666809, 0.8083496, -0.7810364, -0.5393677, -0.29769897, -0.056030273, 0.18563843, 0.42730713, 0.66897583, 0.91064453, -0.67874146, -0.43707275, -0.19540405, 0.04626465, 0.28793335, 0.52960205, 0.77127075, -0.81811523, -0.57644653, -0.33477783, -0.09310913, 0.14855957, 0.39022827, 0.631897, 0.8735657, -0.7158203, -0.4741516, -0.23248291, 0.009185791, 0.2508545, 0.4925232, 0.7341919, -0.8551941, -0.6135254, -0.3718567, -0.13018799, 0.11148071, 0.3531494, 0.5948181, 0.8364868, -0.75289917, -0.51123047, -0.26956177, -0.027893066, 0.21377563, 0.45544434, 0.69711304, -0.89227295, -0.65060425, -0.40893555, -0.16726685, 0.074401855, 0.31607056, 0.55773926, 0.79940796, -0.789978, -0.5483093, -0.30664063, -0.064971924, 0.17669678, 0.41836548, 0.6600342, 0.9017029, -0.6876831, -0.4460144, -0.2043457, 0.037322998, 0.2789917, 0.5206604, 0.7623291, -0.8270569, -0.5853882, -0.34371948, -0.10205078, 0.13961792, 0.38128662, 0.6229553, 0.864624, -0.72476196, -0.48309326, -0.24142456, 0.00024414063, 0.24191284, 0.48358154, 0.72525024, -0.86413574, -0.62246704, -0.38079834, -0.13912964, 0.10253906, 0.34420776, 0.58587646, 0.82754517, -0.7618408, -0.5201721, -0.27850342, -0.036834717, 0.20483398, 0.4465027, 0.6881714, -0.9012146, -0.6595459, -0.4178772, -0.1762085, 0.065460205, 0.3071289, 0.5487976, 0.7904663, -0.7989197, -0.557251, -0.31558228, -0.073913574, 0.16775513, 0.40942383, 0.6510925, 0.89276123, -0.69662476, -0.45495605, -0.21328735, 0.028381348, 0.27005005, 0.51171875, 0.75338745, -0.83599854, -0.59432983, -0.35266113, -0.11099243, 0.13067627, 0.37234497, 0.6140137, 0.8556824, -0.7337036, -0.4920349, -0.2503662, -0.00869751, 0.23297119, 0.4746399, 0.7163086, -0.8730774, -0.6314087, -0.38974, -0.14807129, 0.09359741, 0.3352661, 0.5769348, 0.8186035, -0.7707825, -0.52911377, -0.28744507, -0.045776367, 0.19589233, 0.43756104, 0.67922974, -0.91015625, -0.66848755, -0.42681885, -0.18515015, 0.056518555, 0.29818726, 0.53985596, 0.78152466, -0.8078613, -0.5661926, -0.32452393, -0.082855225, 0.15881348, 0.40048218, 0.6421509, 0.8838196, -0.7055664, -0.4638977, -0.222229, 0.019439697, 0.2611084, 0.5027771, 0.7444458, -0.8449402, -0.6032715, -0.36160278, -0.11993408, 0.12173462, 0.36340332, 0.605072, 0.8467407, -0.74264526, -0.50097656, -0.25930786, -0.01763916, 0.22402954, 0.46569824, 0.70736694, -0.88201904, -0.64035034, -0.39868164, -0.15701294, 0.08465576, 0.32632446, 0.56799316, 0.80966187, -0.7797241, -0.5380554, -0.29638672, -0.054718018, 0.18695068, 0.42861938, 0.6702881, 0.9119568, -0.6774292, -0.4357605, -0.1940918, 0.047576904, 0.2892456, 0.5309143, 0.772583, -0.816803, -0.5751343, -0.33346558, -0.091796875, 0.14987183, 0.39154053, 0.6332092, 0.8748779, -0.71450806, -0.47283936, -0.23117065, 0.010498047, 0.25216675, 0.49383545, 0.73550415, -0.85388184, -0.61221313, -0.37054443, -0.12887573, 0.11279297, 0.35446167, 0.5961304, 0.8377991, -0.7515869, -0.5099182, -0.2682495, -0.02658081, 0.21508789, 0.4567566, 0.6984253, -0.8909607, -0.649292, -0.4076233, -0.16595459, 0.07571411, 0.3173828, 0.5590515, 0.8007202, -0.7886658, -0.5469971, -0.30532837, -0.06365967, 0.17800903, 0.41967773, 0.66134644, 0.90301514, -0.68637085, -0.44470215, -0.20303345, 0.038635254, 0.28030396, 0.52197266, 0.76364136, -0.8257446, -0.5840759, -0.34240723, -0.100738525, 0.14093018, 0.38259888, 0.6242676, 0.8659363, -0.7234497, -0.481781, -0.2401123, 0.0015563965, 0.2432251, 0.4848938, 0.7265625, -0.8628235, -0.6211548, -0.37948608, -0.13781738, 0.10385132, 0.34552002, 0.5871887, 0.8288574, -0.76052856, -0.51885986, -0.27719116, -0.03552246, 0.20614624, 0.44781494, 0.68948364, -0.89990234, -0.65823364, -0.41656494, -0.17489624, 0.06677246, 0.30844116, 0.55010986, 0.79177856, -0.7976074, -0.5559387, -0.31427002, -0.07260132, 0.16906738, 0.41073608, 0.6524048, 0.8940735, -0.6953125, -0.4536438, -0.2119751, 0.029693604, 0.2713623, 0.513031, 0.7546997, -0.8346863, -0.5930176, -0.35134888, -0.109680176, 0.13198853, 0.37365723, 0.6153259, 0.8569946, -0.73239136, -0.49072266, -0.24905396, -0.007385254, 0.23428345, 0.47595215, 0.71762085, -0.87176514, -0.63009644, -0.38842773, -0.14675903, 0.09490967, 0.33657837, 0.5782471, 0.8199158, -0.7694702, -0.5278015, -0.2861328, -0.04446411, 0.19720459, 0.4388733, 0.680542, -0.908844, -0.6671753, -0.4255066, -0.18383789, 0.05783081, 0.2994995, 0.5411682, 0.7828369, -0.8065491, -0.5648804, -0.32321167, -0.08154297, 0.16012573, 0.40179443, 0.64346313, 0.88513184, -0.70425415, -0.46258545, -0.22091675, 0.020751953, 0.26242065, 0.50408936, 0.74575806, -0.8436279, -0.6019592, -0.36029053, -0.118621826, 0.123046875, 0.36471558, 0.6063843, 0.848053, -0.741333, -0.4996643, -0.2579956, 0.32763672, 0.5693054, 0.8109741, -0.77841187, -0.53674316, -0.29507446, -0.05340576, 0.18826294, 0.42993164, 0.67160034, 0.91326904, -0.67611694, -0.43444824, -0.19277954, 0.04888916, 0.29055786, 0.53222656, 0.77389526, -0.8154907, -0.573822, -0.33215332, -0.09048462, 0.15118408, 0.39285278, 0.6345215, 0.8761902, -0.7131958, -0.4715271, -0.2298584, 0.011810303, 0.253479, 0.4951477, 0.7368164, -0.8525696, -0.6109009, -0.36923218, -0.12756348, 0.114105225, 0.35577393, 0.5974426, 0.8391113, -0.75027466, -0.50860596, -0.26693726, -0.025268555, 0.21640015, 0.45806885, 0.69973755, -0.88964844, -0.64797974, -0.40631104, -0.16464233, 0.07702637, 0.31869507, 0.56036377, 0.8020325, -0.7873535, -0.5456848, -0.3040161, -0.062347412, 0.17932129, 0.42099, 0.6626587, 0.9043274, -0.6850586, -0.4433899, -0.20172119, 0.03994751, 0.2816162, 0.5232849, 0.7649536, -0.8244324, -0.5827637, -0.34109497, -0.09942627, 0.14224243, 0.38391113, 0.62557983, 0.86724854, -0.72213745, -0.48046875, -0.23880005, 0.0028686523, 0.24453735, 0.48620605, 0.72787476, -0.86151123, -0.6198425, -0.37817383, -0.13650513, 0.105163574, 0.34683228, 0.588501, 0.8301697, -0.7592163, -0.5175476, -0.2758789, -0.034210205, 0.2074585, 0.4491272, 0.6907959, -0.8985901, -0.6569214, -0.4152527, -0.17358398, 0.06808472, 0.30975342, 0.5514221, 0.7930908, -0.79629517, -0.55462646, -0.31295776, -0.07128906, 0.17037964, 0.41204834, 0.65371704, 0.89538574, -0.69400024, -0.45233154, -0.21066284, 0.03100586, 0.27267456, 0.51434326, 0.75601196, -0.833374, -0.5917053, -0.35003662, -0.10836792, 0.13330078, 0.37496948, 0.6166382, 0.8583069, -0.7310791, -0.4894104, -0.2477417, -0.006072998, 0.2355957, 0.4772644, 0.7189331, -0.8704529, -0.6287842, -0.38711548, -0.14544678, 0.096221924, 0.33789063, 0.5795593, 0.821228, -0.76815796, -0.52648926, -0.28482056, -0.043151855, 0.19851685, 0.44018555, 0.68185425, -0.90753174, -0.66586304, -0.42419434, -0.18252563, 0.059143066, 0.30081177, 0.54248047, 0.78414917, -0.8052368, -0.5635681, -0.3218994, -0.08023071, 0.16143799, 0.4031067, 0.6447754, 0.8864441, -0.7029419, -0.4612732, -0.21960449, 0.022064209, 0.2637329, 0.5054016, 0.7470703, -0.8423157, -0.600647, -0.35897827, -0.11730957, 0.12435913, 0.36602783, 0.60769653, 0.84936523, -0.74002075, -0.49835205, -0.25668335, -0.015014648, 0.22665405, 0.46832275, 0.70999146, -0.87939453, -0.63772583, -0.39605713, -0.15438843, 0.08728027, 0.32894897, 0.5706177, 0.8122864, -0.7770996, -0.5354309, -0.2937622, -0.052093506, 0.1895752, 0.4312439, 0.6729126, 0.9145813, -0.6748047, -0.433136, -0.19146729, 0.050201416, 0.29187012, 0.5335388, 0.7752075, -0.81417847, -0.57250977, -0.33084106, -0.08917236, 0.15249634, 0.39416504, 0.63583374, 0.87750244, -0.71188354, -0.47021484, -0.22854614, 0.013122559, 0.25479126, 0.49645996, 0.73812866, -0.8512573, -0.6095886, -0.36791992, -0.12625122, 0.11541748, 0.35708618, 0.5987549, 0.8404236, -0.7489624, -0.5072937, -0.265625, -0.023956299, 0.2177124, 0.4593811, 0.7010498, -0.8883362, -0.6466675, -0.40499878, -0.16333008, 0.07833862, 0.32000732, 0.561676, 0.8033447, -0.78604126, -0.54437256, -0.30270386, -0.061035156, 0.18063354, 0.42230225, 0.66397095, 0.90563965, -0.68374634, -0.44207764, -0.20040894, 0.041259766, 0.28292847, 0.52459717, 0.76626587, -0.8231201, -0.5814514, -0.3397827, -0.09811401, 0.14355469, 0.3852234, 0.6268921, 0.8685608, -0.7208252, -0.4791565, -0.2374878, 0.004180908, 0.24584961, 0.4875183, 0.729187, -0.860199, -0.6185303, -0.37686157, -0.13519287, 0.10647583, 0.34814453, 0.58981323, 0.83148193, -0.75790405, -0.51623535, -0.27456665, -0.03289795, 0.20877075, 0.45043945, 0.69210815, -0.89727783, -0.65560913, -0.41394043, -0.17227173, 0.06939697, 0.31106567, 0.5527344, 0.7944031, -0.7949829, -0.5533142, -0.3116455, -0.06997681, 0.1716919, 0.4133606, 0.6550293, 0.896698, -0.692688, -0.4510193, -0.20935059, 0.032318115, 0.27398682, 0.5156555, 0.7573242, -0.83206177, -0.59039307, -0.34872437, -0.107055664, 0.13461304, 0.37628174, 0.61795044, 0.85961914, -0.72976685, -0.48809814, -0.24642944, -0.004760742, 0.23690796, 0.47857666, 0.72024536, -0.8691406, -0.6274719, -0.38580322, -0.14413452, 0.09753418, 0.33920288, 0.5808716, 0.8225403, -0.7668457, -0.525177, -0.2835083, -0.0418396, 0.1998291, 0.4414978, 0.6831665, -0.9062195, -0.6645508, -0.42288208, -0.18121338, 0.060455322, 0.30212402, 0.5437927, 0.7854614, -0.80392456, -0.56225586, -0.32058716, -0.07891846, 0.16275024, 0.40441895, 0.64608765, 0.88775635, -0.70162964, -0.45996094, -0.21829224, 0.023376465, 0.26504517, 0.50671387, 0.74838257, -0.8410034, -0.5993347, -0.35766602, -0.115997314, 0.12567139, 0.3673401, 0.6090088, 0.8506775, -0.7387085, -0.4970398, -0.2553711, -0.013702393, 0.22796631, 0.469635, 0.7113037, -0.8780823, -0.6364136, -0.39474487, -0.15307617, 0.08859253, 0.33026123, 0.57192993, 0.81359863, -0.77578735, -0.53411865, -0.29244995, -0.05078125, 0.19088745, 0.43255615, 0.67422485, -0.91516113, -0.67349243, -0.43182373, -0.19015503, 0.051513672, 0.29318237, 0.5348511, 0.7765198, -0.8128662, -0.5711975, -0.3295288, -0.08786011, 0.1538086, 0.3954773, 0.637146, 0.8788147, -0.7105713, -0.4689026, -0.22723389, 0.014434814, 0.25610352, 0.49777222, 0.7394409, -0.84994507, -0.60827637, -0.36660767, -0.124938965, 0.11672974, 0.35839844, 0.60006714, 0.84173584, -0.74765015, -0.50598145, -0.26431274, -0.022644043, 0.21902466, 0.46069336, 0.70236206, -0.8870239, -0.6453552, -0.40368652, -0.16201782, 0.07965088, 0.32131958, 0.5629883, 0.804657, -0.784729, -0.5430603, -0.3013916, -0.0597229, 0.1819458, 0.4236145, 0.6652832, 0.9069519, -0.6824341, -0.44076538, -0.19909668, 0.04257202, 0.28424072, 0.5259094, 0.7675781, -0.82180786, -0.58013916, -0.33847046, -0.09680176, 0.14486694, 0.38653564, 0.62820435, 0.86987305, -0.71951294, -0.47784424, -0.23617554, 0.005493164, 0.24716187, 0.48883057, 0.73049927, -0.8588867, -0.617218, -0.37554932, -0.13388062, 0.107788086, 0.3494568, 0.5911255, 0.8327942, -0.7565918, -0.5149231, -0.2732544, -0.031585693, 0.21008301, 0.4517517, 0.6934204, -0.8959656, -0.6542969, -0.41262817, -0.17095947, 0.07070923, 0.31237793, 0.55404663, 0.79571533, -0.79367065, -0.55200195, -0.31033325, -0.06866455, 0.17300415, 0.41467285, 0.65634155, 0.89801025, -0.69137573, -0.44970703, -0.20803833, 0.03363037, 0.27529907, 0.5169678, 0.7586365, -0.8307495, -0.5890808, -0.3474121, -0.10574341, 0.1359253, 0.377594, 0.6192627, 0.8609314, -0.7284546, -0.4867859, -0.24511719, -0.0034484863, 0.23822021, 0.47988892, 0.7215576, -0.86782837, -0.62615967, -0.38449097, -0.14282227, 0.098846436, 0.34051514, 0.58218384, 0.82385254, -0.76553345, -0.52386475, -0.28219604, -0.040527344, 0.20114136, 0.44281006, 0.68447876, -0.9049072, -0.6632385, -0.42156982, -0.17990112, 0.061767578, 0.30343628, 0.545105, 0.7867737, -0.8026123, -0.5609436, -0.3192749, -0.0776062, 0.1640625, 0.4057312, 0.6473999, 0.8890686, -0.7003174, -0.45864868, -0.21697998, 0.02468872, 0.26635742, 0.5080261, 0.7496948, -0.83969116, -0.59802246, -0.35635376, -0.11468506, 0.12698364, 0.36865234, 0.61032104, 0.85198975, -0.73739624, -0.49572754, -0.25405884, -0.012390137, 0.22927856, 0.47094727, 0.71261597, -0.87677, -0.6351013, -0.39343262, -0.15176392, 0.089904785, 0.3315735, 0.5732422, 0.8149109, -0.7744751, -0.5328064, -0.2911377, -0.049468994, 0.1921997, 0.4338684, 0.6755371, -0.9138489, -0.6721802, -0.43051147, -0.18884277, 0.052825928, 0.29449463, 0.53616333, 0.77783203, -0.81155396, -0.56988525, -0.32821655, -0.08654785, 0.15512085, 0.39678955, 0.63845825, 0.88012695, -0.70925903, -0.46759033, -0.22592163, 0.01574707, 0.25741577, 0.49908447, 0.7407532, -0.8486328, -0.6069641, -0.3652954, -0.12362671, 0.11804199, 0.3597107, 0.6013794, 0.8430481, -0.7463379, -0.5046692, -0.2630005, -0.021331787, 0.22033691, 0.46200562, 0.7036743, -0.88571167, -0.64404297, -0.40237427, -0.16070557, 0.080963135, 0.32263184, 0.56430054, 0.80596924, -0.78341675, -0.54174805, -0.30007935, -0.058410645, 0.18325806, 0.42492676, 0.66659546, 0.90826416, -0.6811218, -0.43945313, -0.19778442, 0.043884277, 0.28555298, 0.5272217, 0.7688904, -0.8204956, -0.5788269, -0.3371582, -0.0954895, 0.1461792, 0.3878479, 0.6295166, 0.8711853, -0.7182007, -0.47653198, -0.23486328, 0.00680542, 0.24847412, 0.49014282, 0.7318115, -0.85757446, -0.61590576, -0.37423706, -0.13256836, 0.10910034, 0.35076904, 0.59243774, 0.83410645, -0.75527954, -0.51361084, -0.27194214, -0.030273438, 0.21139526, 0.45306396, 0.69473267, -0.8946533, -0.6529846, -0.41131592, -0.16964722, 0.072021484, 0.3136902, 0.5553589, 0.7970276, -0.7923584, -0.5506897, -0.309021, -0.067352295, 0.1743164, 0.4159851, 0.6576538, 0.8993225, -0.6900635, -0.44839478, -0.20672607, 0.034942627, 0.27661133, 0.51828, 0.75994873, -0.82943726, -0.58776855, -0.34609985, -0.10443115, 0.13723755, 0.37890625, 0.62057495, 0.86224365, -0.72714233, -0.48547363, -0.24380493, -0.0021362305, 0.23953247, 0.48120117, 0.7228699, -0.8665161, -0.6248474, -0.3831787, -0.14151001, 0.10015869, 0.3418274, 0.5834961, 0.8251648, -0.7642212, -0.5225525, -0.2808838, -0.039215088, 0.20245361, 0.4441223, 0.685791, -0.903595, -0.66192627, -0.42025757, -0.17858887, 0.063079834, 0.30474854, 0.54641724, 0.78808594, -0.80130005, -0.55963135, -0.31796265, -0.076293945, 0.16537476, 0.40704346, 0.64871216, 0.89038086, -0.6990051, -0.45733643, -0.21566772, 0.026000977, 0.26766968, 0.5093384, 0.7510071, -0.8383789, -0.5967102, -0.3550415, -0.1133728, 0.1282959, 0.3699646, 0.6116333, 0.853302, -0.736084, -0.49441528, -0.25274658, -0.011077881, 0.23059082, 0.47225952, 0.7139282, -0.87545776, -0.63378906, -0.39212036, -0.15045166, 0.09121704, 0.33288574, 0.57455444, 0.81622314, -0.77316284, -0.53149414, -0.28982544, -0.04815674, 0.19351196, 0.43518066, 0.67684937, -0.9125366, -0.6708679, -0.42919922, -0.18753052, 0.054138184, 0.29580688, 0.5374756, 0.7791443, -0.8102417, -0.568573, -0.3269043, -0.085235596, 0.1564331, 0.3981018, 0.6397705, 0.8814392, -0.7079468, -0.46627808, -0.22460938, 0.017059326, 0.25872803, 0.5003967, 0.7420654, -0.84732056, -0.60565186, -0.36398315, -0.12231445, 0.11935425, 0.36102295, 0.60269165, 0.84436035, -0.74502563, -0.50335693, -0.26168823, -0.020019531, 0.22164917, 0.46331787, 0.7049866, -0.8843994, -0.6427307, -0.401062, -0.15939331, 0.08227539, 0.3239441, 0.5656128, 0.8072815, -0.7821045, -0.5404358, -0.2987671, -0.05709839, 0.18457031, 0.426239, 0.6679077, 0.9095764, -0.6798096, -0.43814087, -0.19647217, 0.045196533, 0.28686523, 0.52853394, 0.77020264, -0.81918335, -0.57751465, -0.33584595, -0.094177246, 0.14749146, 0.38916016, 0.63082886, 0.87249756, -0.7168884, -0.47521973, -0.23355103, 0.008117676, 0.24978638, 0.49145508, 0.7331238, -0.8562622, -0.6145935, -0.3729248, -0.1312561, 0.1104126, 0.3520813, 0.59375, 0.8354187, -0.7539673, -0.5122986, -0.27062988, -0.028961182, 0.21270752, 0.45437622, 0.6960449, -0.89334106, -0.65167236, -0.41000366, -0.16833496, 0.07333374, 0.31500244, 0.55667114, 0.79833984, -0.79104614, -0.54937744, -0.30770874, -0.06604004, 0.17562866, 0.41729736, 0.65896606, 0.90063477, -0.6887512, -0.44708252, -0.20541382, 0.036254883, 0.27792358, 0.5195923, 0.761261, -0.828125, -0.5864563, -0.3447876, -0.1031189, 0.1385498, 0.3802185, 0.6218872, 0.8635559, -0.7258301, -0.48416138, -0.24249268, -0.0008239746, 0.24084473, 0.48251343, 0.7241821, -0.86520386, -0.62353516, -0.38186646, -0.14019775, 0.10147095, 0.34313965, 0.58480835, 0.82647705, -0.76290894, -0.52124023, -0.27957153, -0.037902832, 0.20376587, 0.44543457, 0.6871033, -0.9022827, -0.660614, -0.4189453, -0.17727661, 0.06439209, 0.3060608, 0.5477295, 0.7893982, -0.7999878, -0.5583191, -0.3166504, -0.07498169, 0.16668701, 0.4083557, 0.6500244, 0.8916931, -0.6976929, -0.45602417, -0.21435547, 0.027313232, 0.26898193, 0.51065063, 0.75231934, -0.83706665, -0.59539795, -0.35372925, -0.11206055, 0.12960815, 0.37127686, 0.61294556, 0.85461426, -0.7347717, -0.49310303, -0.25143433, -0.009765625, 0.23190308, 0.47357178, 0.7152405, -0.8741455, -0.6324768, -0.3908081, -0.1491394, 0.0925293, 0.334198, 0.5758667, 0.8175354, -0.7718506, -0.5301819, -0.28851318, -0.046844482, 0.19482422, 0.43649292, 0.6781616, -0.91122437, -0.66955566, -0.42788696, -0.18621826, 0.05545044, 0.29711914, 0.53878784, 0.78045654, -0.80892944, -0.56726074, -0.32559204, -0.08392334, 0.15774536, 0.39941406, 0.64108276, 0.88275146, -0.7066345, -0.46496582, -0.22329712, 0.018371582, 0.26004028]
 right: [-0.91552734, -0.67385864, -0.43218994, -0.19052124, 0.05114746, 0.29281616, 0.53448486, 0.77615356, -0.8132324, -0.5715637, -0.32989502, -0.08822632, 0.15344238, 0.39511108, 0.6367798, 0.8784485, -0.7109375, -0.4692688, -0.2276001, 0.0140686035, 0.2557373, 0.497406, 0.7390747, -0.8503113, -0.6086426, -0.36697388, -0.12530518, 0.116363525, 0.35803223, 0.5997009, 0.8413696, -0.74801636, -0.50634766, -0.26467896, -0.023010254, 0.21865845, 0.46032715, 0.70199585, -0.88739014, -0.64572144, -0.40405273, -0.16238403, 0.07928467, 0.32095337, 0.5626221, 0.8042908, -0.7850952, -0.5434265, -0.3017578, -0.06008911, 0.18157959, 0.4232483, 0.664917, 0.9065857, -0.6828003, -0.4411316, -0.19946289, 0.04220581, 0.2838745, 0.5255432, 0.7672119, -0.8221741, -0.5805054, -0.33883667, -0.09716797, 0.14450073, 0.38616943, 0.62783813, 0.86950684, -0.71987915, -0.47821045, -0.23654175, 0.005126953, 0.24679565, 0.48846436, 0.73013306, -0.8592529, -0.6175842, -0.37591553, -0.13424683, 0.107421875, 0.34909058, 0.5907593, 0.832428, -0.756958, -0.5152893, -0.2736206, -0.031951904, 0.2097168, 0.4513855, 0.6930542, -0.8963318, -0.6546631, -0.41299438, -0.17132568, 0.07034302, 0.31201172, 0.5536804, 0.7953491, -0.79403687, -0.55236816, -0.31069946, -0.06903076, 0.17263794, 0.41430664, 0.65597534, 0.89764404, -0.69174194, -0.45007324, -0.20840454, 0.03326416, 0.27493286, 0.51660156, 0.75827026, -0.8311157, -0.589447, -0.34777832, -0.10610962, 0.13555908, 0.37722778, 0.6188965, 0.8605652, -0.7288208, -0.4871521, -0.2454834, -0.0038146973, 0.237854, 0.4795227, 0.7211914, -0.8681946, -0.6265259, -0.38485718, -0.14318848, 0.098480225, 0.34014893, 0.5818176, 0.8234863, -0.76589966, -0.52423096, -0.28256226, -0.040893555, 0.20077515, 0.44244385, 0.68411255, -0.90527344, -0.66360474, -0.42193604, -0.18026733, 0.061401367, 0.30307007, 0.54473877, 0.7864075, -0.8029785, -0.5613098, -0.3196411, -0.07797241, 0.16369629, 0.405365, 0.6470337, 0.8887024, -0.7006836, -0.4590149, -0.21734619, 0.02432251, 0.2659912, 0.5076599, 0.7493286, -0.8400574, -0.5983887, -0.35671997, -0.11505127, 0.12661743, 0.36828613, 0.60995483, 0.85162354, -0.73776245, -0.49609375, -0.25442505, -0.012756348, 0.22891235, 0.47058105, 0.71224976, -0.87713623, -0.6354675, -0.39379883, -0.15213013, 0.089538574, 0.33120728, 0.572876, 0.8145447, -0.7748413, -0.5331726, -0.2915039, -0.049835205, 0.1918335, 0.4335022, 0.6751709, -0.9142151, -0.6725464, -0.4308777, -0.18920898, 0.052459717, 0.29412842, 0.5357971, 0.7774658, -0.81192017, -0.57025146, -0.32858276, -0.08691406, 0.15475464, 0.39642334, 0.63809204, 0.87976074, -0.70962524, -0.46795654, -0.22628784, 0.015380859, 0.25704956, 0.49871826, 0.74038696, -0.848999, -0.6073303, -0.36566162, -0.12399292, 0.11767578, 0.35934448, 0.6010132, 0.8426819, -0.7467041, -0.5050354, -0.2633667, -0.021697998, 0.2199707, 0.4616394, 0.7033081, -0.8860779, -0.6444092, -0.40274048, -0.16107178, 0.080596924, 0.32226563, 0.5639343, 0.805603, -0.78378296, -0.54211426, -0.30044556, -0.058776855, 0.18289185, 0.42456055, 0.66622925, 0.90789795, -0.68148804, -0.43981934, -0.19815063, 0.043518066, 0.28518677, 0.52685547, 0.76852417, -0.8208618, -0.5791931, -0.3375244, -0.09585571, 0.14581299, 0.3874817, 0.6291504, 0.8708191, -0.7185669, -0.4768982, -0.23522949, 0.006439209, 0.24810791, 0.4897766, 0.7314453, -0.8579407, -0.616272, -0.37460327, -0.13293457, 0.10873413, 0.35040283, 0.59207153, 0.83374023, -0.75564575, -0.51397705, -0.27230835, -0.030639648, 0.21102905, 0.45269775, 0.69436646, -0.89501953, -0.65335083, -0.41168213, -0.17001343, 0.07165527, 0.31332397, 0.5549927, 0.7966614, -0.7927246, -0.5510559, -0.3093872, -0.067718506, 0.1739502, 0.4156189, 0.6572876, 0.8989563, -0.6904297, -0.448761, -0.20709229, 0.034576416, 0.27624512, 0.5179138, 0.7595825, -0.82980347, -0.58813477, -0.34646606, -0.10479736, 0.13687134, 0.37854004, 0.62020874, 0.86187744, -0.72750854, -0.48583984, -0.24417114, -0.0025024414, 0.23916626, 0.48083496, 0.72250366, -0.8668823, -0.6252136, -0.38354492, -0.14187622, 0.09979248, 0.34146118, 0.5831299, 0.8247986, -0.7645874, -0.5229187, -0.28125, -0.0395813, 0.2020874, 0.4437561, 0.6854248, -0.9039612, -0.6622925, -0.42062378, -0.17895508, 0.06271362, 0.30438232, 0.546051, 0.7877197, -0.80166626, -0.55999756, -0.31832886, -0.076660156, 0.16500854, 0.40667725, 0.64834595, 0.89001465, -0.69937134, -0.45770264, -0.21603394, 0.025634766, 0.26730347, 0.50897217, 0.75064087, -0.8387451, -0.5970764, -0.3554077, -0.11373901, 0.12792969, 0.3695984, 0.6112671, 0.8529358, -0.7364502, -0.4947815, -0.2531128, -0.011444092, 0.23022461, 0.4718933, 0.713562, -0.875824, -0.6341553, -0.39248657, -0.15081787, 0.09085083, 0.33251953, 0.57418823, 0.81585693, -0.77352905, -0.53186035, -0.29019165, -0.04852295, 0.19314575, 0.43481445, 0.67648315, -0.91290283, -0.67123413, -0.42956543, -0.18789673, 0.053771973, 0.29544067, 0.5371094, 0.7787781, -0.8106079, -0.5689392, -0.3272705, -0.08560181, 0.1560669, 0.3977356, 0.6394043, 0.881073, -0.708313, -0.4666443, -0.22497559, 0.016693115, 0.25836182, 0.5000305, 0.7416992, -0.84768677, -0.60601807, -0.36434937, -0.122680664, 0.11898804, 0.36065674, 0.60232544, 0.84399414, -0.74539185, -0.50372314, -0.26205444, -0.020385742, 0.22128296, 0.46295166, 0.70462036, -0.8847656, -0.6430969, -0.40142822, -0.15975952, 0.08190918, 0.32357788, 0.5652466, 0.8069153, -0.7824707, -0.540802, -0.2991333, -0.0574646, 0.1842041, 0.4258728, 0.6675415, 0.9092102, -0.6801758, -0.43850708, -0.19683838, 0.044830322, 0.28649902, 0.5281677, 0.7698364, -0.81954956, -0.57788086, -0.33621216, -0.09454346, 0.14712524, 0.38879395, 0.63046265, 0.87213135, -0.71725464, -0.47558594, -0.23391724, 0.007751465, 0.24942017, 0.49108887, 0.73275757, -0.8566284, -0.6149597, -0.37329102, -0.13162231, 0.11004639, 0.3517151, 0.5933838, 0.8350525, -0.7543335, -0.5126648, -0.2709961, -0.029327393, 0.21234131, 0.45401, 0.6956787, -0.8937073, -0.6520386, -0.41036987, -0.16870117, 0.07296753, 0.31463623, 0.55630493, 0.79797363, -0.79141235, -0.54974365, -0.30807495, -0.06640625, 0.17526245, 0.41693115, 0.65859985, 0.90026855, -0.68911743, -0.44744873, -0.20578003, 0.035888672, 0.27755737, 0.5192261, 0.7608948, -0.8284912, -0.5868225, -0.3451538, -0.10348511, 0.1381836, 0.3798523, 0.621521, 0.8631897, -0.7261963, -0.4845276, -0.24285889, -0.0011901855, 0.24047852, 0.48214722, 0.7238159, -0.86557007, -0.62390137, -0.38223267, -0.14056396, 0.10110474, 0.34277344, 0.58444214, 0.82611084, -0.76327515, -0.52160645, -0.27993774, -0.038269043, 0.20339966, 0.44506836, 0.68673706, -0.9026489, -0.6609802, -0.41931152, -0.17764282, 0.06402588, 0.30569458, 0.5473633, 0.789032, -0.800354, -0.5586853, -0.3170166, -0.0753479, 0.1663208, 0.4079895, 0.6496582, 0.8913269, -0.6980591, -0.45639038, -0.21472168, 0.026947021, 0.26861572, 0.5102844, 0.7519531, -0.83743286, -0.59576416, -0.35409546, -0.11242676, 0.12924194, 0.37091064, 0.61257935, 0.85424805, -0.73513794, -0.49346924, -0.25180054, -0.010131836, 0.23153687, 0.47320557, 0.71487427, -0.8745117, -0.632843, -0.39117432, -0.14950562, 0.092163086, 0.3338318, 0.5755005, 0.8171692, -0.7722168, -0.5305481, -0.2888794, -0.047210693, 0.19445801, 0.4361267, 0.6777954, -0.9115906, -0.6699219, -0.42825317, -0.18658447, 0.05508423, 0.29675293, 0.53842163, 0.78009033, -0.80929565, -0.56762695, -0.32595825, -0.08428955, 0.15737915, 0.39904785, 0.64071655, 0.88238525, -0.70700073, -0.46533203, -0.22366333, 0.018005371, 0.25967407, 0.5013428, 0.7430115, -0.8463745, -0.6047058, -0.3630371, -0.12136841, 0.12030029, 0.361969, 0.6036377, 0.8453064, -0.7440796, -0.5024109, -0.2607422, -0.019073486, 0.22259521, 0.46426392, 0.7059326, -0.88345337, -0.64178467, -0.40011597, -0.15844727, 0.083221436, 0.32489014, 0.56655884, 0.80822754, -0.78115845, -0.53948975, -0.29782104, -0.056152344, 0.18551636, 0.42718506, 0.66885376, 0.91052246, -0.6788635, -0.43719482, -0.19552612, 0.046142578, 0.28781128, 0.52948, 0.7711487, -0.8182373, -0.5765686, -0.3348999, -0.0932312, 0.1484375, 0.3901062, 0.6317749, 0.8734436, -0.7159424, -0.47427368, -0.23260498, 0.009063721, 0.25073242, 0.49240112, 0.7340698, -0.85531616, -0.61364746, -0.37197876, -0.13031006, 0.11135864, 0.35302734, 0.59469604, 0.83636475, -0.75302124, -0.51135254, -0.26968384, -0.028015137, 0.21365356, 0.45532227, 0.69699097, -0.892395, -0.6507263, -0.40905762, -0.16738892, 0.074279785, 0.3159485, 0.5576172, 0.7992859, -0.7901001, -0.5484314, -0.3067627, -0.065093994, 0.1765747, 0.4182434, 0.6599121, 0.9015808, -0.6878052, -0.44613647, -0.20446777, 0.037200928, 0.27886963, 0.52053833, 0.76220703, -0.82717896, -0.58551025, -0.34384155, -0.10217285, 0.13949585, 0.38116455, 0.62283325, 0.86450195, -0.72488403, -0.48321533, -0.24154663, 0.00012207031, 0.24179077, 0.48345947, 0.7251282, -0.8642578, -0.6225891, -0.3809204, -0.13925171, 0.10241699, 0.3440857, 0.5857544, 0.8274231, -0.7619629, -0.5202942, -0.2786255, -0.036956787, 0.20471191, 0.44638062, 0.6880493, -0.90133667, -0.65966797, -0.41799927, -0.17633057, 0.065338135, 0.30700684, 0.54867554, 0.79034424, -0.79904175, -0.55737305, -0.31570435, -0.074035645, 0.16763306, 0.40930176, 0.65097046, 0.89263916, -0.6967468, -0.45507813, -0.21340942, 0.028259277, 0.26992798, 0.5115967, 0.7532654, -0.8361206, -0.5944519, -0.3527832, -0.1111145, 0.1305542, 0.3722229, 0.6138916, 0.8555603, -0.7338257, -0.49215698, -0.25048828, -0.00881958, 0.23284912, 0.47451782, 0.7161865, -0.87319946, -0.63153076, -0.38986206, -0.14819336, 0.09347534, 0.33514404, 0.57681274, 0.81848145, -0.77090454, -0.52923584, -0.28756714, -0.045898438, 0.19577026, 0.43743896, 0.67910767, -0.9102783, -0.6686096, -0.42694092, -0.18527222, 0.056396484, 0.2980652, 0.5397339, 0.7814026, -0.8079834, -0.5663147, -0.324646, -0.082977295, 0.1586914, 0.4003601, 0.6420288, 0.8836975, -0.7056885, -0.46401978, -0.22235107, 0.019317627, 0.26098633, 0.502655, 0.74432373, -0.84506226, -0.60339355, -0.36172485, -0.12005615, 0.12161255, 0.36328125, 0.60494995, 0.84661865, -0.74276733, -0.50109863, -0.25942993, -0.01776123, 0.22390747, 0.46557617, 0.7072449, -0.8821411, -0.6404724, -0.3988037, -0.15713501, 0.08453369, 0.3262024, 0.5678711, 0.8095398, -0.7798462, -0.5381775, -0.2965088, -0.054840088, 0.18682861, 0.4284973, 0.670166, 0.9118347, -0.67755127, -0.43588257, -0.19421387, 0.047454834, 0.28912354, 0.53079224, 0.77246094, -0.81692505, -0.57525635, -0.33358765, -0.091918945, 0.14974976, 0.39141846, 0.63308716, 0.87475586, -0.7146301, -0.47296143, -0.23129272, 0.010375977, 0.25204468, 0.49371338, 0.7353821, -0.8540039, -0.6123352, -0.3706665, -0.1289978, 0.1126709, 0.3543396, 0.5960083, 0.837677, -0.751709, -0.5100403, -0.26837158, -0.02670288, 0.21496582, 0.45663452, 0.6983032, -0.89108276, -0.64941406, -0.40774536, -0.16607666, 0.07559204, 0.31726074, 0.55892944, 0.80059814, -0.78878784, -0.54711914, -0.30545044, -0.06378174, 0.17788696, 0.41955566, 0.66122437, 0.90289307, -0.6864929, -0.44482422, -0.20315552, 0.038513184, 0.28018188, 0.5218506, 0.7635193, -0.8258667, -0.584198, -0.3425293, -0.100860596, 0.1408081, 0.3824768, 0.6241455, 0.8658142, -0.7235718, -0.48190308, -0.24023438, 0.0014343262, 0.24310303, 0.48477173, 0.7264404, -0.86294556, -0.62127686, -0.37960815, -0.13793945, 0.10372925, 0.34539795, 0.58706665, 0.82873535, -0.76065063, -0.51898193, -0.27731323, -0.03564453, 0.20602417, 0.44769287, 0.6893616, -0.9000244, -0.6583557, -0.416687, -0.17501831, 0.06665039, 0.3083191, 0.5499878, 0.7916565, -0.7977295, -0.5560608, -0.3143921, -0.07272339, 0.16894531, 0.410614, 0.6522827, 0.8939514, -0.6954346, -0.45376587, -0.21209717, 0.029571533, 0.27124023, 0.51290894, 0.75457764, -0.83480835, -0.59313965, -0.35147095, -0.109802246, 0.13186646, 0.37353516, 0.61520386, 0.85687256, -0.7325134, -0.49084473, -0.24917603, -0.007507324, 0.23416138, 0.47583008, 0.7174988, -0.8718872, -0.6302185, -0.3885498, -0.1468811, 0.0947876, 0.3364563, 0.578125, 0.8197937, -0.7695923, -0.5279236, -0.28625488, -0.04458618, 0.19708252, 0.43875122, 0.6804199, -0.90896606, -0.66729736, -0.42562866, -0.18395996, 0.05770874, 0.29937744, 0.54104614, 0.78271484, -0.80667114, -0.56500244, -0.32333374, -0.08166504, 0.16000366, 0.40167236, 0.64334106, 0.88500977, -0.7043762, -0.46270752, -0.22103882, 0.020629883, 0.26229858, 0.5039673, 0.745636, -0.84375, -0.6020813, -0.3604126, -0.1187439, 0.122924805, 0.3645935, 0.6062622, 0.8479309, -0.7414551, -0.49978638, -0.25811768, -0.016448975, 0.22521973, 0.46688843, 0.7085571, -0.88082886, -0.63916016, -0.39749146, -0.15582275, 0.08584595, 0.32751465, 0.56918335, 0.81085205, -0.77853394, -0.53686523, -0.29519653, -0.053527832, 0.18814087, 0.42980957, 0.6714783, 0.913147, -0.676239, -0.4345703, -0.19290161, 0.04876709, 0.2904358, 0.5321045, 0.7737732, -0.8156128, -0.5739441, -0.3322754, -0.09060669, 0.15106201, 0.3927307, 0.6343994, 0.8760681, -0.7133179, -0.47164917, -0.22998047, 0.011688232, 0.25335693, 0.49502563, 0.73669434, -0.85269165, -0.61102295, -0.36935425, -0.12768555, 0.113983154, 0.35565186, 0.59732056, 0.83898926, -0.7503967, -0.508728, -0.26705933, -0.025390625, 0.21627808, 0.45794678, 0.6996155, -0.8897705, -0.6481018, -0.4064331, -0.1647644, 0.0769043, 0.318573, 0.5602417, 0.8019104, -0.7874756, -0.5458069, -0.30413818, -0.062469482, 0.17919922, 0.42086792, 0.6625366, 0.9042053, -0.68518066, -0.44351196, -0.20184326, 0.03982544, 0.28149414, 0.52316284, 0.76483154, -0.82455444, -0.58288574, -0.34121704, -0.09954834, 0.14212036, 0.38378906, 0.62545776, 0.86712646, -0.7222595, -0.48059082, -0.23892212, 0.002746582, 0.24441528, 0.48608398, 0.7277527, -0.8616333, -0.6199646, -0.3782959, -0.1366272, 0.105041504, 0.3467102, 0.5883789, 0.8300476, -0.7593384, -0.5176697, -0.27600098, -0.034332275, 0.20733643, 0.44900513, 0.6906738, -0.89871216, -0.65704346, -0.41537476, -0.17370605, 0.06796265, 0.30963135, 0.55130005, 0.79296875, -0.79641724, -0.55474854, -0.31307983, -0.07141113, 0.17025757, 0.41192627, 0.653595, 0.8952637, -0.6941223, -0.4524536, -0.21078491, 0.030883789, 0.2725525, 0.5142212, 0.7558899, -0.8334961, -0.5918274, -0.3501587, -0.10848999, 0.13317871, 0.3748474, 0.6165161, 0.8581848, -0.7312012, -0.48953247, -0.24786377, -0.0061950684, 0.23547363, 0.47714233, 0.71881104, -0.87057495, -0.62890625, -0.38723755, -0.14556885, 0.09609985, 0.33776855, 0.57943726, 0.82110596, -0.76828, -0.5266113, -0.28494263, -0.043273926, 0.19839478, 0.44006348, 0.6817322, -0.9076538, -0.6659851, -0.4243164, -0.1826477, 0.059020996, 0.3006897, 0.5423584, 0.7840271, -0.8053589, -0.5636902, -0.32202148, -0.08035278, 0.16131592, 0.40298462, 0.6446533, 0.886322, -0.70306396, -0.46139526, -0.21972656, 0.021942139, 0.26361084, 0.50527954, 0.74694824, -0.84243774, -0.60076904, -0.35910034, -0.11743164, 0.12423706, 0.36590576, 0.60757446, 0.84924316, -0.7401428, -0.49847412, -0.25680542, -0.015136719, 0.22653198, 0.46820068, 0.7098694, -0.8795166, -0.6378479, -0.3961792, -0.1545105, 0.0871582, 0.3288269, 0.5704956, 0.8121643, -0.7772217, -0.535553, -0.29388428, -0.052215576, 0.18945313, 0.43112183, 0.6727905, 0.9144592, -0.67492676, -0.43325806, -0.19158936, 0.050079346, 0.29174805, 0.53341675, 0.77508545, -0.81430054, -0.57263184, -0.33096313, -0.08929443, 0.15237427, 0.39404297, 0.63571167, 0.8773804, -0.7120056, -0.4703369, -0.22866821, 0.013000488, 0.2546692, 0.4963379, 0.7380066, -0.8513794, -0.6097107, -0.368042, -0.12637329, 0.11529541, 0.3569641, 0.5986328, 0.8403015, -0.7490845, -0.5074158, -0.26574707, -0.02407837, 0.21759033, 0.45925903, 0.70092773, -0.88845825, -0.64678955, -0.40512085, -0.16345215, 0.07821655, 0.31988525, 0.56155396, 0.80322266, -0.78616333, -0.5444946, -0.30282593, -0.061157227, 0.18051147, 0.42218018, 0.6638489, 0.9055176, -0.6838684, -0.4421997, -0.200531, 0.041137695, 0.2828064, 0.5244751, 0.7661438, -0.8232422, -0.5815735, -0.3399048, -0.098236084, 0.14343262, 0.38510132, 0.62677, 0.8684387, -0.72094727, -0.47927856, -0.23760986, 0.004058838, 0.24572754, 0.48739624, 0.72906494, -0.86032104, -0.61865234, -0.37698364, -0.13531494, 0.10635376, 0.34802246, 0.58969116, 0.83135986, -0.7580261, -0.5163574, -0.27468872, -0.03302002, 0.20864868, 0.45031738, 0.6919861, -0.8973999, -0.6557312, -0.4140625, -0.1723938, 0.0692749, 0.3109436, 0.5526123, 0.794281, -0.795105, -0.5534363, -0.31176758, -0.07009888, 0.17156982, 0.41323853, 0.6549072, 0.8965759, -0.69281006, -0.45114136, -0.20947266, 0.032196045, 0.27386475, 0.51553345, 0.75720215, -0.83218384, -0.59051514, -0.34884644, -0.107177734, 0.13449097, 0.37615967, 0.61782837, 0.8594971, -0.7298889, -0.4882202, -0.24655151, -0.0048828125, 0.23678589, 0.4784546, 0.7201233, -0.8692627, -0.627594, -0.3859253, -0.14425659, 0.09741211, 0.3390808, 0.5807495, 0.8224182, -0.7669678, -0.5252991, -0.28363037, -0.04196167, 0.19970703, 0.44137573, 0.68304443, -0.90634155, -0.66467285, -0.42300415, -0.18133545, 0.060333252, 0.30200195, 0.54367065, 0.78533936, -0.80404663, -0.5623779, -0.32070923, -0.07904053, 0.16262817, 0.40429688, 0.6459656, 0.8876343, -0.7017517, -0.460083, -0.2184143, 0.023254395, 0.2649231, 0.5065918, 0.7482605, -0.8411255, -0.5994568, -0.3577881, -0.116119385, 0.12554932, 0.36721802, 0.6088867, 0.8505554, -0.73883057, -0.49716187, -0.25549316, -0.013824463, 0.22784424, 0.46951294, 0.71118164, -0.87820435, -0.63653564, -0.39486694, -0.15319824, 0.08847046, 0.33013916, 0.57180786, 0.81347656, -0.7759094, -0.5342407, -0.29257202, -0.05090332, 0.19076538, 0.43243408, 0.6741028, -0.9152832, -0.6736145, -0.4319458, -0.1902771, 0.0513916, 0.2930603, 0.534729, 0.7763977, -0.8129883, -0.5713196, -0.32965088, -0.08798218, 0.15368652, 0.39535522, 0.6370239, 0.8786926, -0.71069336, -0.46902466, -0.22735596, 0.014312744, 0.25598145, 0.49765015, 0.73931885, -0.85006714, -0.60839844, -0.36672974, -0.12506104, 0.116607666, 0.35827637, 0.59994507, 0.84161377, -0.7477722, -0.5061035, -0.2644348, -0.022766113, 0.21890259, 0.4605713, 0.70224, -0.887146, -0.6454773, -0.4038086, -0.1621399, 0.07952881, 0.3211975, 0.5628662, 0.8045349, -0.7848511, -0.5431824, -0.30151367, -0.05984497, 0.18182373, 0.42349243, 0.66516113, 0.90682983, -0.68255615, -0.44088745, -0.19921875, 0.04244995, 0.28411865, 0.52578735, 0.76745605, -0.82192993, -0.58026123, -0.33859253, -0.09692383, 0.14474487, 0.38641357, 0.6280823, 0.869751, -0.719635, -0.4779663, -0.2362976, 0.0053710938, 0.2470398, 0.4887085, 0.7303772, -0.8590088, -0.6173401, -0.3756714, -0.13400269, 0.107666016, 0.34933472, 0.5910034, 0.8326721, -0.75671387, -0.51504517, -0.27337646, -0.031707764, 0.20996094, 0.45162964, 0.69329834, -0.89608765, -0.65441895, -0.41275024, -0.17108154, 0.07058716, 0.31225586, 0.55392456, 0.79559326, -0.7937927, -0.552124, -0.31045532, -0.06878662, 0.17288208, 0.41455078, 0.6562195, 0.8978882, -0.6914978, -0.4498291, -0.2081604, 0.0335083, 0.275177, 0.5168457, 0.7585144, -0.8308716, -0.5892029, -0.34753418, -0.10586548, 0.13580322, 0.37747192, 0.6191406, 0.8608093, -0.72857666, -0.48690796, -0.24523926, -0.0035705566, 0.23809814, 0.47976685, 0.72143555, -0.86795044, -0.62628174, -0.38461304, -0.14294434, 0.098724365, 0.34039307, 0.58206177, 0.82373047, -0.7656555, -0.5239868, -0.28231812, -0.040649414, 0.20101929, 0.442688, 0.6843567, -0.9050293, -0.6633606, -0.4216919, -0.1800232, 0.061645508, 0.3033142, 0.5449829, 0.7866516, -0.8027344, -0.5610657, -0.31939697, -0.07772827, 0.16394043, 0.40560913, 0.64727783, 0.88894653, -0.70043945, -0.45877075, -0.21710205, 0.02456665, 0.26623535, 0.50790405, 0.74957275, -0.83981323, -0.59814453, -0.35647583, -0.11480713, 0.12686157, 0.36853027, 0.610199, 0.8518677, -0.7375183, -0.4958496, -0.2541809, -0.012512207, 0.2291565, 0.4708252, 0.7124939, -0.8768921, -0.6352234, -0.3935547, -0.15188599, 0.089782715, 0.33145142, 0.5731201, 0.8147888, -0.77459717, -0.53292847, -0.29125977, -0.049591064, 0.19207764, 0.43374634, 0.67541504, -0.91397095, -0.67230225, -0.43063354, -0.18896484, 0.052703857, 0.29437256, 0.53604126, 0.77770996, -0.811676, -0.5700073, -0.32833862, -0.08666992, 0.15499878, 0.39666748, 0.6383362, 0.8800049, -0.7093811, -0.4677124, -0.2260437, 0.015625, 0.2572937, 0.4989624, 0.7406311, -0.8487549, -0.6070862, -0.36541748, -0.12374878, 0.11791992, 0.35958862, 0.6012573, 0.842926, -0.74645996, -0.50479126, -0.26312256, -0.021453857, 0.22021484, 0.46188354, 0.70355225, -0.88583374, -0.64416504, -0.40249634, -0.16082764, 0.080841064, 0.32250977, 0.56417847, 0.80584717, -0.7835388, -0.5418701, -0.30020142, -0.058532715, 0.18313599, 0.4248047, 0.6664734, 0.9081421, -0.6812439, -0.4395752, -0.1979065, 0.043762207, 0.2854309, 0.5270996, 0.7687683, -0.8206177, -0.578949, -0.33728027, -0.09561157, 0.14605713, 0.38772583, 0.62939453, 0.87106323, -0.71832275, -0.47665405, -0.23498535, 0.0066833496, 0.24835205, 0.49002075, 0.73168945, -0.85769653, -0.61602783, -0.37435913, -0.13269043, 0.10897827, 0.35064697, 0.5923157, 0.8339844, -0.7554016, -0.5137329, -0.2720642, -0.030395508, 0.2112732, 0.4529419, 0.6946106, -0.8947754, -0.6531067, -0.411438, -0.16976929, 0.071899414, 0.31356812, 0.5552368, 0.7969055, -0.79248047, -0.55081177, -0.30914307, -0.067474365, 0.17419434, 0.41586304, 0.65753174, 0.89920044, -0.69018555, -0.44851685, -0.20684814, 0.034820557, 0.27648926, 0.51815796, 0.75982666, -0.8295593, -0.5878906, -0.34622192, -0.10455322, 0.13711548, 0.37878418, 0.6204529, 0.8621216, -0.7272644, -0.4855957, -0.243927, -0.0022583008, 0.2394104, 0.4810791, 0.7227478, -0.8666382, -0.6249695, -0.38330078, -0.14163208, 0.10003662, 0.34170532, 0.583374, 0.8250427, -0.76434326, -0.52267456, -0.28100586, -0.03933716, 0.20233154, 0.44400024, 0.68566895, -0.90371704, -0.66204834, -0.42037964, -0.17871094, 0.06295776, 0.30462646, 0.54629517, 0.78796387, -0.8014221, -0.5597534, -0.31808472, -0.076416016, 0.16525269, 0.4069214, 0.6485901, 0.8902588, -0.6991272, -0.4574585, -0.2157898, 0.025878906, 0.2675476, 0.5092163, 0.750885, -0.838501, -0.5968323, -0.35516357, -0.11349487, 0.12817383, 0.36984253, 0.61151123, 0.85317993, -0.73620605, -0.49453735, -0.25286865, -0.011199951, 0.23046875, 0.47213745, 0.71380615, -0.87557983, -0.63391113, -0.39224243, -0.15057373, 0.09109497, 0.33276367, 0.5744324, 0.8161011, -0.7732849, -0.5316162, -0.2899475, -0.04827881, 0.1933899, 0.4350586, 0.6767273, -0.9126587, -0.67099, -0.4293213, -0.18765259, 0.054016113, 0.2956848, 0.5373535, 0.7790222, -0.81036377, -0.56869507, -0.32702637, -0.085357666, 0.15631104, 0.39797974, 0.63964844, 0.88131714, -0.70806885, -0.46640015, -0.22473145, 0.016937256, 0.25860596, 0.50027466, 0.74194336, -0.8474426, -0.6057739, -0.36410522, -0.12243652, 0.11923218, 0.36090088, 0.6025696, 0.8442383, -0.7451477, -0.503479, -0.2618103, -0.020141602, 0.2215271, 0.4631958, 0.7048645, -0.8845215, -0.6428528, -0.40118408, -0.15951538, 0.08215332, 0.32382202, 0.5654907, 0.8071594, -0.78222656, -0.54055786, -0.29888916, -0.05722046, 0.18444824, 0.42611694, 0.66778564, 0.90945435, -0.67993164, -0.43826294, -0.19659424, 0.045074463, 0.28674316, 0.52841187, 0.77008057, -0.8193054, -0.5776367, -0.33596802, -0.09429932, 0.14736938, 0.3890381, 0.6307068, 0.8723755, -0.7170105, -0.4753418, -0.2336731, 0.0079956055, 0.2496643, 0.491333, 0.7330017, -0.8563843, -0.6147156, -0.37304688, -0.13137817, 0.11029053, 0.35195923, 0.5936279, 0.83529663, -0.75408936, -0.51242065, -0.27075195, -0.029083252, 0.21258545, 0.45425415, 0.69592285, -0.89346313, -0.65179443, -0.41012573, -0.16845703, 0.07321167, 0.31488037, 0.5565491, 0.7982178, -0.7911682, -0.5494995, -0.3078308, -0.06616211, 0.17550659, 0.4171753, 0.658844, 0.9005127, -0.6888733, -0.4472046, -0.20553589, 0.036132813, 0.2778015, 0.5194702, 0.7611389, -0.8282471, -0.58657837, -0.34490967, -0.10324097, 0.13842773, 0.38009644, 0.62176514, 0.86343384, -0.72595215, -0.48428345, -0.24261475, -0.0009460449, 0.24072266, 0.48239136, 0.72406006, -0.8653259, -0.6236572, -0.38198853, -0.14031982, 0.10134888, 0.34301758, 0.5846863, 0.826355, -0.763031, -0.5213623, -0.2796936, -0.038024902, 0.2036438, 0.4453125, 0.6869812, -0.9024048, -0.6607361, -0.41906738, -0.17739868, 0.06427002, 0.30593872, 0.5476074, 0.7892761, -0.80010986, -0.55844116, -0.31677246, -0.07510376, 0.16656494, 0.40823364, 0.64990234, 0.89157104, -0.69781494, -0.45614624, -0.21447754, 0.027191162, 0.26885986, 0.51052856, 0.75219727, -0.8371887, -0.59552, -0.35385132, -0.11218262, 0.12948608, 0.3711548, 0.6128235, 0.8544922, -0.7348938, -0.4932251, -0.2515564, -0.009887695, 0.231781, 0.4734497, 0.7151184, -0.8742676, -0.6325989, -0.39093018, -0.14926147, 0.09240723, 0.33407593, 0.5757446, 0.81741333, -0.77197266, -0.53030396, -0.28863525, -0.046966553, 0.19470215, 0.43637085, 0.67803955, -0.91134644, -0.66967773, -0.42800903, -0.18634033, 0.05532837, 0.29699707, 0.5386658, 0.7803345, -0.8090515, -0.5673828, -0.3257141, -0.08404541, 0.15762329, 0.399292, 0.6409607, 0.8826294, -0.7067566, -0.4650879, -0.22341919, 0.018249512, 0.2599182, 0.5015869, 0.7432556, -0.8461304, -0.60446167, -0.36279297, -0.12112427, 0.12054443, 0.36221313, 0.60388184, 0.84555054, -0.74383545, -0.50216675, -0.26049805, -0.018829346, 0.22283936, 0.46450806, 0.70617676, -0.8832092, -0.6415405, -0.39987183, -0.15820313, 0.083465576, 0.32513428, 0.566803, 0.8084717, -0.7809143, -0.5392456, -0.2975769, -0.055908203, 0.1857605, 0.4274292, 0.6690979, 0.9107666, -0.6786194, -0.43695068, -0.19528198, 0.04638672, 0.28805542, 0.5297241, 0.7713928, -0.81799316, -0.57632446, -0.33465576, -0.09298706, 0.14868164, 0.39035034, 0.63201904, 0.87368774, -0.71569824, -0.47402954, -0.23236084, 0.009307861, 0.25097656, 0.49264526, 0.73431396, -0.855072, -0.6134033, -0.37173462, -0.13006592, 0.11160278, 0.35327148, 0.5949402, 0.8366089, -0.7527771, -0.5111084, -0.2694397, -0.027770996, 0.2138977, 0.4555664, 0.6972351, -0.8921509, -0.6504822, -0.40881348, -0.16714478, 0.074523926, 0.31619263, 0.5578613, 0.79953, -0.78985596, -0.54818726, -0.30651855, -0.06484985, 0.17681885, 0.41848755, 0.66015625, 0.90182495, -0.68756104, -0.44589233, -0.20422363, 0.03744507, 0.27911377, 0.5207825, 0.7624512, -0.8269348, -0.5852661, -0.3435974, -0.10192871, 0.13973999, 0.3814087, 0.6230774, 0.8647461, -0.7246399, -0.4829712, -0.24130249, 0.00036621094, 0.24203491, 0.4837036, 0.7253723, -0.8640137, -0.622345, -0.38067627, -0.13900757, 0.10266113, 0.34432983, 0.58599854, 0.82766724, -0.76171875, -0.52005005, -0.27838135, -0.036712646, 0.20495605, 0.44662476, 0.68829346, -0.9010925, -0.6594238, -0.41775513, -0.17608643, 0.065582275, 0.30725098, 0.5489197, 0.7905884, -0.7987976, -0.5571289, -0.3154602, -0.073791504, 0.1678772, 0.4095459, 0.6512146, 0.8928833, -0.6965027, -0.45483398, -0.21316528, 0.028503418, 0.27017212, 0.5118408, 0.7535095, -0.83587646, -0.59420776, -0.35253906, -0.11087036, 0.13079834, 0.37246704, 0.61413574, 0.85580444, -0.73358154, -0.49191284, -0.25024414, -0.008575439, 0.23309326, 0.47476196, 0.71643066, -0.8729553, -0.6312866, -0.38961792, -0.14794922, 0.09371948, 0.33538818, 0.5770569, 0.8187256, -0.7706604, -0.5289917, -0.287323, -0.045654297, 0.1960144, 0.4376831, 0.6793518, -0.9100342, -0.6683655, -0.42669678, -0.18502808, 0.056640625, 0.29830933, 0.539978, 0.7816467, -0.80773926, -0.56607056, -0.32440186, -0.082733154, 0.15893555, 0.40060425, 0.64227295, 0.88394165, -0.70544434, -0.46377563, -0.22210693, 0.019561768, 0.26123047, 0.50289917, 0.7445679, -0.8448181, -0.6031494, -0.3614807, -0.11981201, 0.12185669, 0.3635254, 0.6051941, 0.8468628, -0.7425232, -0.5008545, -0.2591858, -0.01751709, 0.22415161, 0.4658203, 0.707489, -0.881897, -0.6402283, -0.39855957, -0.15689087, 0.08477783, 0.32644653, 0.56811523, 0.80978394, -0.77960205, -0.53793335, -0.29626465, -0.054595947, 0.18707275, 0.42874146, 0.67041016, 0.91207886, -0.6773071, -0.43563843, -0.19396973, 0.047698975, 0.28936768, 0.5310364, 0.7727051, -0.8166809, -0.5750122, -0.3333435, -0.091674805, 0.1499939, 0.3916626, 0.6333313, 0.875, -0.714386, -0.4727173, -0.23104858, 0.010620117, 0.25228882, 0.49395752, 0.7356262, -0.85375977, -0.61209106, -0.37042236, -0.12875366, 0.11291504, 0.35458374, 0.59625244, 0.83792114, -0.75146484, -0.50979614, -0.26812744, -0.02645874, 0.21520996, 0.45687866, 0.69854736, -0.8908386, -0.6491699, -0.40750122, -0.16583252, 0.07583618, 0.31750488, 0.5591736, 0.8008423, -0.7885437, -0.546875, -0.3052063, -0.0635376, 0.1781311, 0.4197998, 0.6614685, 0.9031372, -0.6862488, -0.44458008, -0.20291138, 0.038757324, 0.28042603, 0.5220947, 0.7637634, -0.82562256, -0.58395386, -0.34228516, -0.100616455, 0.14105225, 0.38272095, 0.62438965, 0.86605835, -0.72332764, -0.48165894, -0.23999023, 0.0016784668, 0.24334717, 0.48501587, 0.7266846, -0.8627014, -0.6210327, -0.379364, -0.13769531, 0.10397339, 0.3456421, 0.5873108, 0.8289795, -0.7604065, -0.5187378, -0.2770691, -0.03540039, 0.20626831, 0.447937, 0.6896057, -0.8997803, -0.6581116, -0.41644287, -0.17477417, 0.06689453, 0.30856323, 0.55023193, 0.79190063, -0.79748535, -0.55581665, -0.31414795, -0.07247925, 0.16918945, 0.41085815, 0.65252686, 0.89419556, -0.6951904, -0.45352173, -0.21185303, 0.029815674, 0.27148438, 0.5131531, 0.7548218, -0.8345642, -0.5928955, -0.3512268, -0.109558105, 0.1321106, 0.3737793, 0.615448, 0.8571167, -0.7322693, -0.4906006, -0.24893188, -0.0072631836, 0.23440552, 0.47607422, 0.7177429, -0.87164307, -0.62997437, -0.38830566, -0.14663696, 0.09503174, 0.33670044, 0.57836914, 0.82003784, -0.76934814, -0.52767944, -0.28601074, -0.04434204, 0.19732666, 0.43899536, 0.68066406, -0.9087219, -0.6670532, -0.42538452, -0.18371582, 0.05795288, 0.29962158, 0.5412903, 0.782959, -0.806427, -0.5647583, -0.3230896, -0.0814209, 0.1602478, 0.4019165, 0.6435852, 0.8852539, -0.7041321, -0.46246338, -0.22079468, 0.020874023, 0.26254272, 0.5042114, 0.7458801, -0.84350586, -0.60183716, -0.36016846, -0.118499756, 0.123168945, 0.36483765, 0.60650635, 0.84817505, -0.74121094, -0.49954224, -0.25787354, -0.016204834, 0.22546387, 0.46713257, 0.70880127, -0.8805847, -0.638916, -0.3972473, -0.15557861, 0.08609009, 0.3277588, 0.5694275, 0.8110962, -0.7782898, -0.5366211, -0.2949524, -0.05328369, 0.18838501, 0.4300537, 0.6717224, 0.9133911, -0.6759949, -0.43432617, -0.19265747, 0.04901123, 0.29067993, 0.53234863, 0.77401733, -0.81536865, -0.57369995, -0.33203125, -0.09036255, 0.15130615, 0.39297485, 0.63464355, 0.87631226, -0.71307373, -0.47140503, -0.22973633, 0.011932373, 0.25360107, 0.49526978, 0.7369385, -0.8524475, -0.6107788, -0.3691101, -0.1274414, 0.114227295, 0.355896, 0.5975647, 0.8392334, -0.7501526, -0.5084839, -0.2668152, -0.025146484, 0.21652222, 0.45819092, 0.6998596, -0.88952637, -0.64785767, -0.40618896, -0.16452026, 0.07714844, 0.31881714, 0.56048584, 0.80215454, -0.78723145, -0.54556274, -0.30389404, -0.06222534, 0.17944336, 0.42111206, 0.66278076, 0.90444946, -0.6849365, -0.44326782, -0.20159912, 0.04006958, 0.28173828, 0.523407, 0.7650757, -0.8243103, -0.5826416, -0.3409729, -0.0993042, 0.1423645, 0.3840332, 0.6257019, 0.8673706, -0.7220154, -0.48034668, -0.23867798, 0.0029907227, 0.24465942, 0.48632813, 0.7279968, -0.86138916, -0.61972046, -0.37805176, -0.13638306, 0.105285645, 0.34695435, 0.58862305, 0.83029175, -0.75909424, -0.51742554, -0.27575684, -0.034088135, 0.20758057, 0.44924927, 0.69091797, -0.898468, -0.6567993, -0.41513062, -0.17346191, 0.06820679, 0.3098755, 0.5515442, 0.7932129, -0.7961731, -0.5545044, -0.3128357, -0.07116699, 0.17050171, 0.4121704, 0.6538391, 0.8955078, -0.6938782, -0.45220947, -0.21054077, 0.03112793, 0.27279663, 0.51446533, 0.75613403, -0.83325195, -0.59158325, -0.34991455, -0.10824585, 0.13342285, 0.37509155, 0.61676025, 0.85842896, -0.73095703, -0.48928833, -0.24761963, -0.0059509277, 0.23571777, 0.47738647, 0.7190552, -0.8703308, -0.6286621, -0.3869934, -0.1453247, 0.096343994, 0.3380127, 0.5796814, 0.8213501, -0.7680359, -0.5263672, -0.2846985, -0.043029785, 0.19863892, 0.44030762, 0.6819763, -0.90740967, -0.66574097, -0.42407227, -0.18240356, 0.059265137, 0.30093384, 0.54260254, 0.78427124, -0.80511475, -0.56344604, -0.32177734, -0.08010864, 0.16156006, 0.40322876, 0.64489746, 0.88656616, -0.7028198, -0.46115112, -0.21948242, 0.02218628, 0.26385498, 0.5055237, 0.7471924, -0.8421936, -0.6005249, -0.3588562, -0.1171875, 0.1244812, 0.3661499, 0.6078186, 0.8494873, -0.7398987, -0.49822998, -0.25656128, -0.014892578, 0.22677612, 0.46844482, 0.7101135, -0.87927246, -0.63760376, -0.39593506, -0.15426636, 0.087402344, 0.32907104, 0.57073975, 0.81240845, -0.77697754, -0.53530884, -0.29364014, -0.051971436, 0.18969727, 0.43136597, 0.67303467, 0.91470337, -0.6746826, -0.43301392, -0.19134521, 0.050323486, 0.2919922, 0.5336609, 0.7753296, -0.8140564, -0.5723877, -0.330719, -0.08905029, 0.15261841, 0.3942871, 0.6359558, 0.8776245, -0.7117615, -0.47009277, -0.22842407, 0.013244629, 0.25491333, 0.49658203, 0.73825073, -0.85113525, -0.60946655, -0.36779785, -0.12612915, 0.11553955, 0.35720825, 0.59887695, 0.84054565, -0.74884033, -0.50717163, -0.26550293, -0.023834229, 0.21783447, 0.45950317, 0.7011719, -0.8882141, -0.6465454, -0.4048767, -0.16320801, 0.07846069, 0.3201294, 0.5617981, 0.8034668, -0.7859192, -0.5442505, -0.3025818, -0.060913086, 0.18075562, 0.42242432, 0.664093, 0.9057617, -0.68362427, -0.44195557, -0.20028687, 0.041381836, 0.28305054, 0.52471924, 0.76638794, -0.82299805, -0.58132935, -0.33966064, -0.09799194, 0.14367676, 0.38534546, 0.62701416, 0.86868286, -0.7207031, -0.47903442, -0.23736572, 0.0043029785, 0.24597168, 0.48764038, 0.7293091, -0.8600769, -0.6184082, -0.3767395, -0.1350708, 0.1065979, 0.3482666, 0.5899353, 0.831604, -0.757782, -0.5161133, -0.27444458, -0.03277588, 0.20889282, 0.45056152, 0.6922302, -0.89715576, -0.65548706, -0.41381836, -0.17214966, 0.06951904, 0.31118774, 0.55285645, 0.79452515, -0.79486084, -0.55319214, -0.31152344, -0.06985474, 0.17181396, 0.41348267, 0.65515137, 0.89682007, -0.6925659, -0.45089722, -0.20922852, 0.032440186, 0.2741089, 0.5157776, 0.7574463, -0.8319397, -0.590271, -0.3486023, -0.106933594, 0.1347351, 0.3764038, 0.6180725, 0.8597412, -0.7296448, -0.48797607, -0.24630737, -0.004638672, 0.23703003, 0.47869873, 0.72036743, -0.86901855, -0.62734985, -0.38568115, -0.14401245, 0.09765625, 0.33932495, 0.58099365, 0.82266235, -0.76672363, -0.52505493, -0.28338623, -0.04171753, 0.19995117, 0.44161987, 0.6832886, -0.9060974, -0.6644287, -0.42276, -0.18109131, 0.060577393, 0.3022461, 0.5439148, 0.7855835, -0.8038025, -0.5621338, -0.3204651, -0.07879639, 0.16287231, 0.40454102, 0.6462097, 0.8878784, -0.70150757, -0.45983887, -0.21817017, 0.023498535, 0.26516724, 0.50683594, 0.74850464, -0.84088135, -0.59921265, -0.35754395, -0.115875244, 0.12579346, 0.36746216, 0.60913086, 0.85079956, -0.7385864, -0.49691772, -0.25524902, -0.013580322, 0.22808838, 0.46975708, 0.7114258, -0.8779602, -0.6362915, -0.3946228, -0.1529541, 0.0887146, 0.3303833, 0.572052, 0.8137207, -0.7756653, -0.5339966, -0.29232788, -0.05065918, 0.19100952, 0.43267822, 0.6743469, -0.91503906, -0.67337036, -0.43170166, -0.19003296, 0.051635742, 0.29330444, 0.53497314, 0.77664185, -0.81274414, -0.57107544, -0.32940674, -0.08773804, 0.15393066, 0.39559937, 0.63726807, 0.87893677, -0.7104492, -0.46878052, -0.22711182, 0.014556885, 0.2562256, 0.4978943, 0.739563, -0.849823, -0.6081543, -0.3664856, -0.124816895, 0.11685181, 0.3585205, 0.6001892, 0.8418579, -0.7475281, -0.5058594, -0.26419067, -0.022521973, 0.21914673, 0.46081543, 0.70248413, -0.88690186, -0.64523315, -0.40356445, -0.16189575, 0.07977295, 0.32144165, 0.56311035, 0.80477905, -0.78460693, -0.54293823, -0.30126953, -0.05960083, 0.18206787, 0.42373657, 0.6654053, 0.907074, -0.682312, -0.4406433, -0.19897461, 0.04269409, 0.2843628, 0.5260315, 0.7677002, -0.8216858, -0.5800171, -0.3383484, -0.09667969, 0.14498901, 0.3866577, 0.6283264, 0.8699951, -0.71939087, -0.47772217, -0.23605347, 0.0056152344, 0.24728394, 0.48895264, 0.73062134, -0.85876465, -0.61709595, -0.37542725, -0.13375854, 0.107910156, 0.34957886, 0.59124756, 0.83291626, -0.7564697, -0.514801, -0.27313232, -0.031463623, 0.21020508, 0.45187378, 0.6935425, -0.8958435, -0.6541748, -0.4125061, -0.1708374, 0.0708313, 0.3125, 0.5541687, 0.7958374, -0.7935486, -0.5518799, -0.31021118, -0.06854248, 0.17312622, 0.41479492, 0.6564636, 0.8981323, -0.69125366, -0.44958496, -0.20791626, 0.03375244, 0.27542114, 0.51708984, 0.75875854, -0.83062744, -0.58895874, -0.34729004, -0.10562134, 0.13604736, 0.37771606, 0.61938477, 0.86105347, -0.7283325, -0.48666382, -0.24499512, -0.003326416, 0.23834229, 0.480011, 0.7216797, -0.8677063, -0.6260376, -0.3843689, -0.1427002, 0.098968506, 0.3406372, 0.5823059, 0.8239746, -0.7654114, -0.5237427, -0.28207397, -0.040405273, 0.20126343, 0.44293213, 0.68460083, -0.90478516, -0.66311646, -0.42144775, -0.17977905, 0.06188965, 0.30355835, 0.54522705, 0.78689575, -0.80249023, -0.56082153, -0.31915283, -0.07748413, 0.16418457, 0.40585327, 0.647522, 0.8891907, -0.7001953, -0.4585266, -0.21685791, 0.024810791, 0.2664795, 0.5081482, 0.7498169, -0.8395691, -0.5979004, -0.3562317, -0.11456299, 0.12710571, 0.3687744, 0.6104431, 0.8521118, -0.73727417, -0.49560547, -0.25393677, -0.012268066, 0.22940063, 0.47106934, 0.71273804, -0.87664795, -0.63497925, -0.39331055, -0.15164185, 0.090026855, 0.33169556, 0.57336426, 0.81503296, -0.774353, -0.5326843, -0.29101563, -0.049346924, 0.19232178, 0.43399048, 0.6756592, -0.9137268, -0.6720581, -0.4303894, -0.1887207, 0.052947998, 0.2946167, 0.5362854, 0.7779541, -0.8114319, -0.5697632, -0.32809448, -0.08642578, 0.15524292, 0.39691162, 0.6385803, 0.880249, -0.70913696, -0.46746826, -0.22579956, 0.01586914, 0.25753784, 0.49920654, 0.74087524, -0.84851074, -0.60684204, -0.36517334, -0.12350464, 0.11816406, 0.35983276, 0.60150146, 0.84317017, -0.7462158, -0.5045471, -0.26287842, -0.021209717, 0.22045898, 0.4621277, 0.7037964, -0.8855896, -0.6439209, -0.4022522, -0.1605835, 0.081085205, 0.3227539, 0.5644226, 0.8060913, -0.7832947, -0.541626, -0.29995728, -0.058288574, 0.18338013, 0.42504883, 0.6667175, 0.90838623, -0.68099976, -0.43933105, -0.19766235, 0.044006348, 0.28567505, 0.52734375, 0.76901245, -0.82037354, -0.57870483, -0.33703613, -0.09536743, 0.14630127, 0.38796997, 0.6296387, 0.8713074, -0.7180786, -0.4764099, -0.23474121, 0.0069274902, 0.24859619, 0.4902649, 0.7319336, -0.8574524, -0.6157837, -0.374115, -0.13244629, 0.10922241, 0.3508911, 0.5925598, 0.8342285, -0.7551575, -0.51348877, -0.27182007, -0.030151367, 0.21151733, 0.45318604, 0.69485474, -0.89453125, -0.65286255, -0.41119385, -0.16952515, 0.072143555, 0.31381226, 0.55548096, 0.79714966, -0.7922363, -0.5505676, -0.30889893, -0.067230225, 0.17443848, 0.41610718, 0.6577759, 0.8994446, -0.6899414, -0.4482727, -0.206604, 0.035064697, 0.2767334, 0.5184021, 0.7600708, -0.8293152, -0.5876465, -0.34597778, -0.10430908, 0.13735962, 0.37902832, 0.620697, 0.8623657, -0.72702026, -0.48535156, -0.24368286, -0.0020141602, 0.23965454, 0.48132324, 0.72299194, -0.86639404, -0.62472534, -0.38305664, -0.14138794, 0.10028076, 0.34194946, 0.58361816, 0.82528687, -0.7640991, -0.5224304, -0.28076172, -0.039093018, 0.20257568, 0.44424438, 0.6859131, -0.9034729, -0.6618042, -0.4201355, -0.1784668, 0.063201904, 0.3048706, 0.5465393, 0.788208, -0.801178, -0.5595093, -0.31784058, -0.076171875, 0.16549683, 0.40716553, 0.6488342, 0.8905029, -0.69888306, -0.45721436, -0.21554565, 0.026123047, 0.26779175, 0.50946045, 0.75112915, -0.83825684, -0.59658813, -0.35491943, -0.11325073, 0.12841797, 0.37008667, 0.6117554, 0.8534241, -0.7359619, -0.4942932, -0.2526245, -0.010955811, 0.23071289, 0.4723816, 0.7140503, -0.8753357, -0.633667, -0.3919983, -0.15032959, 0.09133911, 0.3330078, 0.5746765, 0.8163452, -0.7730408, -0.5313721, -0.28970337, -0.048034668, 0.19363403, 0.43530273, 0.67697144, -0.91241455, -0.67074585, -0.42907715, -0.18740845, 0.054260254, 0.29592896, 0.53759766, 0.77926636, -0.8101196, -0.5684509, -0.32678223, -0.085113525, 0.15655518, 0.39822388, 0.6398926, 0.8815613, -0.7078247, -0.466156, -0.2244873, 0.017181396, 0.2588501, 0.5005188, 0.7421875, -0.8471985, -0.6055298, -0.36386108, -0.12219238, 0.11947632, 0.36114502, 0.6028137, 0.8444824, -0.74490356, -0.50323486, -0.26156616, -0.019897461, 0.22177124, 0.46343994, 0.70510864, -0.88427734, -0.64260864, -0.40093994, -0.15927124, 0.08239746, 0.32406616, 0.56573486, 0.80740356, -0.7819824, -0.5403137, -0.29864502, -0.05697632, 0.18469238, 0.42636108, 0.6680298, 0.9096985, -0.6796875, -0.4380188, -0.1963501, 0.045318604, 0.2869873, 0.528656, 0.7703247, -0.8190613, -0.5773926, -0.33572388, -0.094055176, 0.14761353, 0.38928223, 0.6309509, 0.8726196, -0.71676636, -0.47509766, -0.23342896, 0.008239746, 0.24990845, 0.49157715, 0.73324585, -0.85614014, -0.61447144, -0.37280273, -0.13113403, 0.11053467, 0.35220337, 0.5938721, 0.8355408, -0.7538452, -0.5121765, -0.2705078, -0.028839111, 0.21282959, 0.4544983, 0.696167, -0.893219, -0.6515503, -0.4098816, -0.16821289, 0.07345581, 0.3151245, 0.5567932, 0.7984619, -0.7909241, -0.5492554, -0.30758667, -0.06591797, 0.17575073, 0.41741943, 0.65908813, 0.90075684, -0.68862915, -0.44696045, -0.20529175, 0.036376953, 0.27804565, 0.51971436, 0.76138306, -0.8280029, -0.5863342, -0.34466553, -0.102996826, 0.13867188, 0.38034058, 0.6220093, 0.863678, -0.725708, -0.4840393, -0.2423706, -0.0007019043, 0.2409668, 0.4826355, 0.7243042, -0.8650818, -0.6234131, -0.38174438, -0.14007568, 0.10159302, 0.34326172, 0.5849304, 0.8265991, -0.76278687, -0.52111816, -0.27944946, -0.03778076, 0.20388794, 0.44555664, 0.68722534, -0.90216064, -0.66049194, -0.41882324, -0.17715454, 0.06451416, 0.30618286, 0.54785156, 0.78952026, -0.7998657, -0.558197, -0.31652832, -0.07485962, 0.16680908, 0.40847778, 0.6501465, 0.8918152, -0.6975708, -0.4559021, -0.2142334, 0.027435303, 0.269104, 0.5107727, 0.7524414, -0.8369446, -0.5952759, -0.35360718, -0.11193848, 0.12973022, 0.37139893, 0.6130676, 0.8547363, -0.73464966, -0.49298096, -0.25131226, -0.009643555, 0.23202515, 0.47369385, 0.71536255, -0.87402344, -0.63235474, -0.39068604, -0.14901733, 0.09265137, 0.33432007, 0.57598877, 0.8176575, -0.7717285, -0.5300598, -0.2883911, -0.046722412, 0.19494629, 0.436615, 0.6782837, -0.9111023, -0.6694336, -0.4277649, -0.18609619, 0.05557251, 0.2972412, 0.5389099, 0.7805786, -0.8088074, -0.5671387, -0.32546997, -0.08380127, 0.15786743, 0.39953613, 0.64120483, 0.88287354, -0.70651245, -0.46484375, -0.22317505, 0.018493652, 0.26016235, 0.50183105, 0.74349976, -0.84588623, -0.6042175, -0.36254883, -0.12088013, 0.120788574, 0.36245728, 0.604126, 0.8457947, -0.7435913, -0.5019226, -0.2602539, -0.018585205, 0.2230835, 0.4647522, 0.7064209, -0.8829651, -0.6412964, -0.3996277, -0.15795898, 0.08370972, 0.32537842, 0.5670471, 0.8087158, -0.78067017, -0.53900146, -0.29733276, -0.055664063, 0.18600464, 0.42767334, 0.66934204, 0.91101074, -0.67837524, -0.43670654, -0.19503784, 0.04663086, 0.28829956, 0.52996826, 0.77163696, -0.817749, -0.5760803, -0.33441162, -0.09274292, 0.14892578, 0.39059448, 0.6322632, 0.8739319, -0.7154541, -0.4737854, -0.2321167, 0.009552002, 0.2512207, 0.4928894, 0.7345581, -0.8548279, -0.6131592, -0.37149048, -0.12982178, 0.111846924, 0.35351563, 0.5951843, 0.836853, -0.75253296, -0.51086426, -0.26919556, -0.027526855, 0.21414185, 0.45581055, 0.69747925, -0.89190674, -0.65023804, -0.40856934, -0.16690063, 0.07476807, 0.31643677, 0.55810547, 0.79977417, -0.7896118, -0.5479431, -0.3062744, -0.06460571, 0.17706299, 0.4187317, 0.6604004, 0.9020691, -0.6873169, -0.4456482, -0.20397949, 0.03768921, 0.2793579, 0.5210266, 0.7626953, -0.8266907, -0.585022, -0.34335327, -0.10168457, 0.13998413, 0.38165283, 0.62332153, 0.86499023, -0.72439575, -0.48272705, -0.24105835, 0.00061035156, 0.24227905, 0.48394775, 0.72561646, -0.86376953, -0.62210083, -0.38043213, -0.13876343, 0.10290527, 0.34457397, 0.5862427, 0.8279114, -0.7614746, -0.5198059, -0.2781372, -0.036468506, 0.2052002, 0.4468689, 0.6885376, -0.9008484, -0.6591797, -0.417511, -0.17584229, 0.065826416, 0.30749512, 0.5491638, 0.7908325, -0.79855347, -0.55688477, -0.31521606, -0.07354736, 0.16812134, 0.40979004, 0.65145874, 0.89312744, -0.69625854, -0.45458984, -0.21292114, 0.028747559, 0.27041626, 0.51208496, 0.75375366, -0.8356323, -0.5939636, -0.35229492, -0.11062622, 0.13104248, 0.37271118, 0.6143799, 0.8560486, -0.7333374, -0.4916687, -0.25, -0.008331299, 0.2333374, 0.4750061, 0.7166748, -0.8727112, -0.6310425, -0.38937378, -0.14770508, 0.09396362, 0.33563232, 0.577301, 0.8189697, -0.77041626, -0.52874756, -0.28707886, -0.045410156, 0.19625854, 0.43792725, 0.67959595, -0.90979004, -0.66812134, -0.42645264, -0.18478394, 0.056884766, 0.29855347, 0.54022217, 0.78189087, -0.8074951, -0.5658264, -0.3241577, -0.08248901, 0.15917969, 0.4008484, 0.6425171, 0.8841858, -0.7052002, -0.4635315, -0.2218628, 0.019805908, 0.2614746, 0.5031433, 0.744812, -0.844574, -0.6029053, -0.36123657, -0.11956787, 0.12210083, 0.36376953, 0.60543823, 0.84710693, -0.74227905, -0.50061035, -0.25894165, -0.01727295, 0.22439575, 0.46606445, 0.70773315, -0.88165283, -0.63998413, -0.39831543, -0.15664673, 0.08502197, 0.32669067, 0.5683594, 0.8100281, -0.7793579, -0.5376892, -0.2960205, -0.054351807, 0.1873169, 0.4289856, 0.6706543, 0.912323, -0.677063, -0.4353943, -0.19372559, 0.047943115, 0.28961182, 0.5312805, 0.7729492, -0.81643677, -0.57476807, -0.33309937, -0.091430664, 0.15023804, 0.39190674, 0.63357544, 0.87524414, -0.71414185, -0.47247314, -0.23080444, 0.010864258, 0.25253296, 0.49420166, 0.73587036, -0.8535156, -0.6118469, -0.37017822, -0.12850952, 0.11315918, 0.35482788, 0.5964966, 0.8381653, -0.7512207, -0.509552, -0.2678833, -0.0262146, 0.2154541, 0.4571228, 0.6987915, -0.8905945, -0.6489258, -0.40725708, -0.16558838, 0.07608032, 0.31774902, 0.5594177, 0.8010864, -0.78829956, -0.54663086, -0.30496216, -0.06329346, 0.17837524, 0.42004395, 0.66171265, 0.90338135, -0.68600464, -0.44433594, -0.20266724, 0.039001465, 0.28067017, 0.52233887, 0.76400757, -0.8253784, -0.5837097, -0.34204102, -0.100372314, 0.14129639, 0.3829651, 0.6246338, 0.8663025, -0.7230835, -0.4814148, -0.2397461, 0.0019226074, 0.24359131, 0.48526, 0.7269287, -0.8624573, -0.6207886, -0.37911987, -0.13745117, 0.10421753, 0.34588623, 0.58755493, 0.82922363, -0.76016235, -0.51849365, -0.27682495, -0.03515625, 0.20651245, 0.44818115, 0.68984985, -0.89953613, -0.65786743, -0.41619873, -0.17453003, 0.06713867, 0.30880737, 0.5504761, 0.7921448, -0.7972412, -0.5555725, -0.3139038, -0.07223511, 0.1694336, 0.4111023, 0.652771, 0.8944397, -0.6949463, -0.4532776, -0.21160889, 0.030059814, 0.27172852, 0.5133972, 0.7550659, -0.83432007, -0.59265137, -0.35098267, -0.109313965, 0.13235474, 0.37402344, 0.61569214, 0.85736084, -0.73202515, -0.49035645, -0.24868774, -0.007019043, 0.23464966, 0.47631836, 0.71798706, -0.8713989, -0.6297302, -0.38806152, -0.14639282, 0.09527588, 0.33694458, 0.5786133, 0.820282, -0.769104, -0.5274353, -0.2857666, -0.0440979, 0.1975708, 0.4392395, 0.6809082, -0.9084778, -0.6668091, -0.42514038, -0.18347168, 0.05819702, 0.29986572, 0.5415344, 0.7832031, -0.80618286, -0.56451416, -0.32284546, -0.08117676, 0.16049194, 0.40216064, 0.64382935, 0.88549805, -0.70388794, -0.46221924, -0.22055054, 0.021118164, 0.26278687, 0.50445557, 0.74612427, -0.8432617, -0.601593, -0.35992432, -0.118255615, 0.123413086, 0.3650818, 0.6067505, 0.8484192, -0.7409668, -0.4992981, -0.2576294, -0.015960693, 0.22570801, 0.4673767, 0.7090454, -0.8803406, -0.6386719, -0.39700317, -0.15533447, 0.08633423, 0.32800293, 0.56967163, 0.81134033, -0.77804565, -0.53637695, -0.29470825, -0.05303955, 0.18862915, 0.43029785, 0.67196655, 0.91363525, -0.67575073, -0.43408203, -0.19241333, 0.04925537, 0.29092407, 0.5325928, 0.7742615, -0.8151245, -0.5734558, -0.3317871, -0.09011841, 0.1515503, 0.393219, 0.6348877, 0.8765564, -0.7128296, -0.4711609, -0.22949219, 0.012176514, 0.2538452, 0.49551392, 0.7371826, -0.85220337, -0.61053467, -0.36886597, -0.12719727, 0.114471436, 0.35614014, 0.59780884, 0.83947754, -0.74990845, -0.50823975, -0.26657104, -0.024902344, 0.21676636, 0.45843506, 0.70010376, -0.8892822, -0.6476135, -0.40594482, -0.16427612, 0.07739258, 0.31906128, 0.56073, 0.8023987, -0.7869873, -0.5453186, -0.3036499, -0.0619812, 0.1796875, 0.4213562, 0.6630249, 0.9046936, -0.6846924, -0.44302368, -0.20135498, 0.04031372, 0.28198242, 0.5236511, 0.7653198, -0.82406616, -0.58239746, -0.34072876, -0.09906006, 0.14260864, 0.38427734, 0.62594604, 0.86761475, -0.72177124, -0.48010254, -0.23843384, 0.0032348633, 0.24490356, 0.48657227, 0.72824097, -0.861145, -0.6194763, -0.37780762, -0.13613892, 0.105529785, 0.3471985, 0.5888672, 0.8305359, -0.7588501, -0.5171814, -0.2755127, -0.033843994, 0.2078247, 0.4494934, 0.6911621, -0.8982239, -0.6565552, -0.41488647, -0.17321777, 0.06845093, 0.31011963, 0.55178833, 0.79345703, -0.79592896, -0.55426025, -0.31259155, -0.07092285, 0.17074585, 0.41241455, 0.65408325, 0.89575195, -0.69363403, -0.45196533, -0.21029663, 0.03137207, 0.27304077, 0.5147095, 0.7563782, -0.8330078, -0.5913391, -0.3496704, -0.10800171, 0.13366699, 0.3753357, 0.6170044, 0.8586731, -0.7307129, -0.4890442, -0.24737549, -0.005706787, 0.23596191, 0.47763062, 0.7192993, -0.87008667, -0.62841797, -0.38674927, -0.14508057, 0.096588135, 0.33825684, 0.57992554, 0.82159424, -0.76779175, -0.52612305, -0.28445435, -0.042785645, 0.19888306, 0.44055176, 0.68222046, -0.9071655, -0.6654968, -0.42382813, -0.18215942, 0.059509277, 0.30117798, 0.5428467, 0.7845154, -0.8048706, -0.5632019, -0.3215332, -0.0798645, 0.1618042, 0.4034729, 0.6451416, 0.8868103, -0.7025757, -0.46090698, -0.21923828, 0.02243042, 0.26409912, 0.5057678, 0.7474365, -0.84194946, -0.60028076, -0.35861206, -0.11694336, 0.12472534, 0.36639404, 0.60806274, 0.84973145, -0.73965454, -0.49798584, -0.25631714, -0.0146484375, 0.22702026, 0.46868896, 0.71035767, -0.8790283, -0.6373596, -0.39569092, -0.15402222, 0.087646484, 0.3293152, 0.5709839, 0.8126526, -0.7767334, -0.5350647, -0.293396, -0.051727295, 0.1899414, 0.4316101, 0.6732788, 0.9149475, -0.6744385, -0.43276978, -0.19110107, 0.050567627, 0.29223633, 0.533905, 0.77557373, -0.81381226, -0.57214355, -0.33047485, -0.08880615, 0.15286255, 0.39453125, 0.63619995, 0.87786865, -0.71151733, -0.46984863, -0.22817993, 0.0134887695, 0.25515747, 0.49682617, 0.7384949, -0.8508911, -0.6092224, -0.3675537, -0.12588501, 0.11578369, 0.3574524, 0.5991211, 0.8407898, -0.7485962, -0.5069275, -0.2652588, -0.023590088, 0.21807861, 0.4597473, 0.701416, -0.88797, -0.64630127, -0.40463257, -0.16296387, 0.078704834, 0.32037354, 0.56204224, 0.80371094, -0.78567505, -0.54400635, -0.30233765, -0.060668945, 0.18099976, 0.42266846, 0.66433716, 0.90600586, -0.6833801, -0.44171143, -0.20004272, 0.041625977, 0.28329468, 0.5249634, 0.7666321, -0.8227539, -0.5810852, -0.3394165, -0.0977478, 0.1439209, 0.3855896, 0.6272583, 0.868927, -0.720459, -0.47879028, -0.23712158, 0.004547119, 0.24621582, 0.48788452, 0.7295532, -0.85983276, -0.61816406, -0.37649536, -0.13482666, 0.10684204, 0.34851074, 0.59017944, 0.83184814, -0.75753784, -0.51586914, -0.27420044, -0.03253174, 0.20913696, 0.45080566, 0.69247437, -0.8969116, -0.6552429, -0.41357422, -0.17190552, 0.06976318, 0.31143188, 0.5531006, 0.7947693, -0.7946167, -0.552948, -0.3112793, -0.069610596, 0.1720581, 0.4137268, 0.6553955, 0.8970642, -0.6923218, -0.45065308, -0.20898438, 0.032684326, 0.27435303, 0.5160217, 0.7576904, -0.83169556, -0.59002686, -0.34835815, -0.10668945, 0.13497925, 0.37664795, 0.61831665, 0.85998535, -0.72940063, -0.48773193, -0.24606323, -0.0043945313, 0.23727417, 0.47894287, 0.7206116, -0.8687744, -0.6271057, -0.385437, -0.14376831, 0.09790039, 0.3395691, 0.5812378, 0.8229065, -0.7664795, -0.5248108, -0.2831421, -0.04147339, 0.20019531, 0.441864, 0.6835327, -0.9058533, -0.6641846, -0.42251587, -0.18084717, 0.060821533, 0.30249023, 0.54415894, 0.78582764, -0.80355835, -0.56188965, -0.32022095, -0.078552246, 0.16311646, 0.40478516, 0.64645386, 0.88812256, -0.7012634, -0.45959473, -0.21792603, 0.023742676, 0.26541138, 0.5070801, 0.7487488, -0.8406372, -0.5989685, -0.3572998, -0.1156311, 0.1260376, 0.3677063, 0.609375, 0.8510437, -0.7383423, -0.49667358, -0.25500488, -0.013336182, 0.22833252, 0.47000122, 0.7116699, -0.87771606, -0.63604736, -0.39437866, -0.15270996, 0.08895874, 0.33062744, 0.57229614, 0.81396484, -0.77542114, -0.53375244, -0.29208374, -0.05041504, 0.19125366, 0.43292236, 0.67459106, -0.9147949, -0.6731262, -0.43145752, -0.18978882, 0.051879883, 0.29354858, 0.5352173, 0.776886, -0.8125, -0.5708313, -0.3291626, -0.0874939, 0.1541748, 0.3958435, 0.6375122, 0.8791809, -0.7102051, -0.46853638, -0.22686768, 0.014801025, 0.25646973, 0.49813843, 0.7398071, -0.84957886, -0.60791016, -0.36624146, -0.124572754, 0.11709595, 0.35876465, 0.60043335, 0.84210205, -0.74728394, -0.50561523, -0.26394653, -0.022277832, 0.21939087, 0.46105957, 0.7027283, -0.8866577, -0.644989, -0.4033203, -0.16165161, 0.08001709, 0.3216858, 0.5633545, 0.8050232, -0.7843628, -0.5426941, -0.3010254, -0.05935669, 0.18231201, 0.4239807, 0.6656494, 0.9073181, -0.6820679, -0.44039917, -0.19873047, 0.042938232, 0.28460693, 0.52627563, 0.76794434, -0.82144165, -0.57977295, -0.33810425, -0.09643555, 0.14523315, 0.38690186, 0.62857056, 0.87023926, -0.7191467, -0.47747803, -0.23580933, 0.005859375, 0.24752808, 0.48919678, 0.7308655, -0.8585205, -0.6168518, -0.3751831, -0.1335144, 0.1081543, 0.349823, 0.5914917, 0.8331604, -0.7562256, -0.5145569, -0.27288818, -0.031219482, 0.21044922, 0.45211792, 0.6937866, -0.89559937, -0.65393066, -0.41226196, -0.17059326, 0.07107544, 0.31274414, 0.55441284, 0.79608154, -0.79330444, -0.55163574, -0.30996704, -0.06829834, 0.17337036, 0.41503906, 0.65670776, 0.89837646, -0.6910095, -0.44934082, -0.20767212, 0.033996582, 0.27566528, 0.517334, 0.7590027, -0.8303833, -0.5887146, -0.3470459, -0.1053772, 0.1362915, 0.3779602, 0.6196289, 0.8612976, -0.7280884, -0.48641968, -0.24475098, -0.0030822754, 0.23858643, 0.48025513, 0.7219238, -0.86746216, -0.62579346, -0.38412476, -0.14245605, 0.09921265, 0.34088135, 0.58255005, 0.82421875, -0.76516724, -0.52349854, -0.28182983, -0.040161133, 0.20150757, 0.44317627, 0.684845, -0.904541, -0.6628723, -0.4212036, -0.17953491, 0.06213379, 0.3038025, 0.5454712, 0.7871399, -0.8022461, -0.5605774, -0.3189087, -0.07723999, 0.16442871, 0.4060974, 0.6477661, 0.8894348, -0.6999512, -0.45828247, -0.21661377, 0.025054932, 0.26672363, 0.50839233, 0.75006104, -0.83932495, -0.59765625, -0.35598755, -0.11431885, 0.12734985, 0.36901855, 0.61068726, 0.85235596, -0.73703, -0.49536133, -0.25369263, -0.012023926, 0.22964478, 0.47131348, 0.7129822, -0.8764038, -0.6347351, -0.3930664, -0.1513977, 0.090270996, 0.3319397, 0.5736084, 0.8152771, -0.7741089, -0.5324402, -0.29077148, -0.049102783, 0.19256592, 0.43423462, 0.6759033, -0.91348267, -0.67181396, -0.43014526, -0.18847656, 0.05319214, 0.29486084, 0.53652954, 0.77819824, -0.81118774, -0.56951904, -0.32785034, -0.08618164, 0.15548706, 0.39715576, 0.63882446, 0.88049316, -0.7088928, -0.46722412, -0.22555542, 0.016113281, 0.25778198, 0.49945068, 0.7411194, -0.8482666, -0.6065979, -0.3649292, -0.1232605, 0.1184082, 0.3600769, 0.6017456, 0.8434143, -0.7459717, -0.504303, -0.26263428, -0.020965576, 0.22070313, 0.46237183, 0.7040405, -0.88534546, -0.64367676, -0.40200806, -0.16033936, 0.081329346, 0.32299805, 0.56466675, 0.80633545, -0.78305054, -0.54138184, -0.29971313, -0.058044434, 0.18362427, 0.42529297, 0.66696167, 0.9086304, -0.6807556, -0.4390869, -0.19741821, 0.04425049, 0.2859192, 0.5275879, 0.7692566, -0.8201294, -0.5784607, -0.336792, -0.09512329, 0.14654541, 0.3882141, 0.6298828, 0.8715515, -0.7178345, -0.47616577, -0.23449707, 0.007171631, 0.24884033, 0.49050903, 0.73217773, -0.85720825, -0.61553955, -0.37387085, -0.13220215, 0.10946655, 0.35113525, 0.59280396, 0.83447266, -0.75491333, -0.5132446, -0.27157593, -0.029907227, 0.21176147, 0.45343018, 0.6950989, -0.8942871, -0.6526184, -0.4109497, -0.169281, 0.072387695, 0.3140564, 0.5557251, 0.7973938, -0.7919922, -0.5503235, -0.3086548, -0.066986084, 0.17468262, 0.41635132, 0.65802, 0.8996887, -0.68969727, -0.44802856, -0.20635986, 0.035308838, 0.27697754, 0.51864624, 0.76031494, -0.82907104, -0.58740234, -0.34573364, -0.10406494, 0.13760376, 0.37927246, 0.62094116, 0.86260986, -0.7267761, -0.48510742, -0.24343872, -0.0017700195, 0.23989868, 0.48156738, 0.7232361, -0.8661499, -0.6244812, -0.3828125, -0.1411438, 0.1005249, 0.3421936, 0.5838623, 0.825531, -0.763855, -0.5221863, -0.28051758, -0.038848877, 0.20281982, 0.44448853, 0.6861572, -0.90322876, -0.66156006, -0.41989136, -0.17822266, 0.063446045, 0.30511475, 0.54678345, 0.78845215, -0.80093384, -0.55926514, -0.31759644, -0.075927734, 0.16574097, 0.40740967, 0.64907837, 0.8907471, -0.6986389, -0.4569702, -0.21530151, 0.026367188, 0.2680359, 0.5097046, 0.7513733, -0.8380127, -0.596344, -0.3546753, -0.11300659, 0.12866211, 0.3703308, 0.6119995, 0.8536682, -0.7357178, -0.49404907, -0.25238037, -0.01071167, 0.23095703, 0.47262573, 0.71429443, -0.87509155, -0.63342285, -0.39175415, -0.15008545, 0.09158325, 0.33325195, 0.57492065, 0.81658936, -0.77279663, -0.5311279, -0.28945923, -0.047790527, 0.19387817, 0.43554688, 0.6772156, -0.9121704, -0.6705017, -0.428833, -0.1871643, 0.054504395, 0.2961731, 0.5378418, 0.7795105, -0.8098755, -0.5682068, -0.3265381, -0.084869385, 0.15679932, 0.39846802, 0.6401367, 0.8818054, -0.70758057, -0.46591187, -0.22424316, 0.017425537, 0.25909424, 0.50076294, 0.74243164, -0.84695435, -0.60528564, -0.36361694, -0.12194824, 0.11972046, 0.36138916, 0.60305786, 0.84472656, -0.7446594, -0.5029907, -0.26132202, -0.01965332, 0.22201538, 0.46368408, 0.7053528, -0.8840332, -0.6423645, -0.4006958, -0.1590271, 0.0826416, 0.3243103, 0.565979, 0.8076477, -0.7817383, -0.5400696, -0.29840088, -0.056732178, 0.18493652, 0.42660522, 0.6682739, 0.9099426, -0.67944336, -0.43777466, -0.19610596, 0.045562744, 0.28723145, 0.52890015, 0.77056885, -0.81881714, -0.57714844, -0.33547974, -0.093811035, 0.14785767, 0.38952637, 0.63119507, 0.87286377, -0.7165222, -0.47485352, -0.23318481, 0.008483887, 0.2501526, 0.4918213, 0.73349, -0.855896, -0.6142273, -0.3725586, -0.1308899, 0.11077881, 0.3524475, 0.5941162, 0.8357849, -0.7536011, -0.5119324, -0.27026367, -0.02859497, 0.21307373, 0.45474243, 0.69641113, -0.89297485, -0.65130615, -0.40963745, -0.16796875, 0.07369995, 0.31536865, 0.55703735, 0.79870605, -0.79067993, -0.54901123, -0.30734253, -0.06567383, 0.17599487, 0.41766357, 0.6593323, 0.901001, -0.688385, -0.4467163, -0.2050476, 0.036621094, 0.2782898, 0.5199585, 0.7616272, -0.8277588, -0.5860901, -0.3444214, -0.102752686, 0.13891602, 0.38058472, 0.6222534, 0.8639221, -0.72546387, -0.48379517, -0.24212646, -0.00045776367, 0.24121094, 0.48287964, 0.72454834, -0.86483765, -0.62316895, -0.38150024, -0.13983154, 0.10183716, 0.34350586, 0.58517456, 0.82684326, -0.7625427, -0.520874, -0.27920532, -0.03753662, 0.20413208, 0.44580078, 0.6874695, -0.9019165, -0.6602478, -0.4185791, -0.1769104, 0.0647583, 0.306427, 0.5480957, 0.7897644, -0.7996216, -0.5579529, -0.31628418, -0.07461548, 0.16705322, 0.40872192, 0.6503906, 0.8920593, -0.69732666, -0.45565796, -0.21398926, 0.027679443, 0.26934814, 0.51101685, 0.75268555, -0.83670044, -0.59503174, -0.35336304, -0.111694336, 0.12997437, 0.37164307, 0.61331177, 0.85498047, -0.7344055, -0.49273682, -0.25106812, -0.009399414, 0.23226929, 0.473938, 0.7156067, -0.8737793, -0.6321106, -0.3904419, -0.1487732, 0.09289551, 0.3345642, 0.5762329, 0.8179016, -0.7714844, -0.5298157, -0.28814697, -0.04647827, 0.19519043, 0.43685913, 0.67852783, -0.91085815, -0.66918945, -0.42752075, -0.18585205, 0.05581665, 0.29748535, 0.53915405, 0.78082275, -0.80856323, -0.56689453, -0.32522583, -0.08355713, 0.15811157, 0.39978027, 0.641449, 0.8831177, -0.7062683, -0.4645996, -0.22293091, 0.018737793, 0.2604065, 0.5020752, 0.7437439, -0.8456421, -0.6039734, -0.3623047, -0.12063599, 0.121032715, 0.36270142, 0.6043701, 0.8460388, -0.74334717, -0.50167847, -0.26000977, -0.018341064, 0.22332764, 0.46499634, 0.70666504, -0.88272095, -0.64105225, -0.39938354, -0.15771484, 0.08395386, 0.32562256, 0.56729126, 0.80895996, -0.780426, -0.5387573, -0.29708862, -0.055419922, 0.18624878, 0.42791748, 0.6695862, 0.9112549, -0.6781311, -0.4364624, -0.1947937, 0.046875, 0.2885437, 0.5302124, 0.7718811, -0.8175049, -0.5758362, -0.33416748, -0.09249878, 0.14916992, 0.39083862, 0.6325073, 0.874176, -0.71520996, -0.47354126, -0.23187256, 0.009796143, 0.25146484, 0.49313354, 0.73480225, -0.85458374, -0.61291504, -0.37124634, -0.12957764, 0.112091064, 0.35375977, 0.59542847, 0.83709717, -0.7522888, -0.5106201, -0.26895142, -0.027282715, 0.21438599, 0.4560547, 0.6977234, -0.8916626, -0.6499939, -0.4083252, -0.1666565, 0.07501221, 0.3166809, 0.5583496, 0.8000183, -0.7893677, -0.547699, -0.30603027, -0.06436157, 0.17730713, 0.41897583, 0.66064453, 0.90231323, -0.68707275, -0.44540405, -0.20373535, 0.03793335, 0.27960205, 0.52127075, 0.76293945, -0.82644653, -0.58477783, -0.34310913, -0.10144043, 0.14022827, 0.38189697, 0.6235657, 0.8652344, -0.7241516, -0.4824829, -0.24081421, 0.0008544922, 0.2425232, 0.4841919, 0.7258606, -0.8635254, -0.6218567, -0.380188, -0.13851929, 0.103149414, 0.34481812, 0.5864868, 0.8281555, -0.76123047, -0.51956177, -0.27789307, -0.036224365, 0.20544434, 0.44711304, 0.68878174, -0.90060425, -0.65893555, -0.41726685, -0.17559814, 0.06607056, 0.30773926, 0.54940796, 0.79107666, -0.7983093, -0.5566406, -0.31497192, -0.07330322, 0.16836548, 0.41003418, 0.6517029, 0.8933716, -0.6960144, -0.4543457, -0.212677, 0.0289917, 0.2706604, 0.5123291, 0.7539978, -0.8353882, -0.5937195, -0.35205078, -0.11038208, 0.13128662, 0.37295532, 0.614624, 0.8562927, -0.73309326, -0.49142456, -0.24975586, -0.008087158, 0.23358154, 0.47525024, 0.71691895, -0.87246704, -0.63079834, -0.38912964, -0.14746094, 0.09420776, 0.33587646, 0.57754517, 0.81921387, -0.7701721, -0.5285034, -0.28683472, -0.045166016, 0.19650269, 0.4381714, 0.6798401, -0.9095459, -0.6678772, -0.4262085, -0.1845398, 0.057128906, 0.2987976, 0.5404663, 0.782135, -0.807251, -0.5655823, -0.32391357, -0.08224487, 0.15942383, 0.40109253, 0.64276123, 0.88442993, -0.70495605, -0.46328735, -0.22161865, 0.020050049, 0.26171875, 0.50338745, 0.74505615, -0.84432983, -0.60266113, -0.36099243, -0.11932373, 0.12234497, 0.36401367, 0.6056824, 0.8473511, -0.7420349, -0.5003662, -0.2586975, -0.017028809, 0.2246399, 0.4663086, 0.7079773, -0.8814087, -0.63974, -0.3980713, -0.15640259, 0.08526611, 0.3269348, 0.5686035, 0.8102722, -0.77911377, -0.53744507, -0.29577637, -0.054107666, 0.18756104, 0.42922974, 0.67089844, 0.91256714, -0.67681885, -0.43515015, -0.19348145, 0.048187256, 0.28985596, 0.53152466, 0.77319336, -0.8161926, -0.5745239, -0.33285522, -0.09118652, 0.15048218, 0.39215088, 0.6338196, 0.8754883, -0.7138977, -0.472229, -0.2305603, 0.011108398, 0.2527771, 0.4944458, 0.7361145, -0.8532715, -0.6116028, -0.36993408, -0.12826538, 0.11340332, 0.35507202, 0.5967407, 0.8384094, -0.75097656, -0.50930786, -0.26763916, -0.025970459, 0.21569824, 0.45736694, 0.69903564, -0.89035034, -0.64868164, -0.40701294, -0.16534424, 0.07632446, 0.31799316, 0.55966187, 0.80133057, -0.7880554, -0.5463867, -0.30471802, -0.06304932, 0.17861938, 0.4202881, 0.6619568, 0.9036255, -0.6857605, -0.4440918, -0.2024231, 0.039245605, 0.2809143, 0.522583, 0.7642517, -0.8251343, -0.5834656, -0.34179688, -0.100128174, 0.14154053, 0.38320923, 0.6248779, 0.86654663, -0.72283936, -0.48117065, -0.23950195, 0.002166748, 0.24383545, 0.48550415, 0.72717285, -0.86221313, -0.62054443, -0.37887573, -0.13720703, 0.10446167, 0.34613037, 0.5877991, 0.8294678, -0.7599182, -0.5182495, -0.2765808, -0.03491211, 0.20675659, 0.4484253, 0.690094, -0.899292, -0.6576233, -0.4159546, -0.17428589, 0.06738281, 0.3090515, 0.5507202, 0.7923889, -0.7969971, -0.55532837, -0.31365967, -0.07199097, 0.16967773, 0.41134644, 0.65301514, 0.89468384, -0.69470215, -0.45303345, -0.21136475, 0.030303955, 0.27197266, 0.51364136, 0.75531006, -0.8340759, -0.5924072, -0.35073853, -0.109069824, 0.13259888, 0.37426758, 0.6159363, 0.857605, -0.731781, -0.4901123, -0.2484436, -0.0067749023, 0.2348938, 0.4765625, 0.7182312, -0.8711548, -0.6294861, -0.38781738, -0.14614868, 0.09552002, 0.33718872, 0.5788574, 0.8205261, -0.76885986, -0.52719116, -0.28552246, -0.04385376, 0.19781494, 0.43948364, 0.68115234, -0.90823364, -0.66656494, -0.42489624, -0.18322754, 0.058441162, 0.30010986, 0.54177856, 0.78344727, -0.8059387, -0.56427, -0.32260132, -0.08093262, 0.16073608, 0.4024048, 0.6440735, 0.8857422, -0.7036438, -0.4619751, -0.2203064, 0.021362305, 0.263031, 0.5046997, 0.7463684, -0.8430176, -0.6013489, -0.35968018, -0.118011475, 0.12365723, 0.36532593, 0.6069946, 0.84866333, -0.74072266, -0.49905396, -0.25738525, -0.015716553, 0.22595215, 0.46762085, 0.70928955, -0.88009644, -0.63842773, -0.39675903, -0.15509033, 0.08657837, 0.32824707, 0.5699158, 0.8115845, -0.7778015, -0.5361328, -0.2944641, -0.05279541, 0.18887329, 0.430542, 0.6722107, 0.9138794, -0.6755066, -0.4338379, -0.19216919, 0.04949951, 0.2911682, 0.5328369, 0.7745056, -0.8148804, -0.57321167, -0.33154297, -0.08987427, 0.15179443, 0.39346313, 0.63513184, 0.87680054, -0.71258545, -0.47091675, -0.22924805, 0.012420654, 0.25408936, 0.49575806, 0.73742676, -0.8519592, -0.6102905, -0.36862183, -0.12695313, 0.114715576, 0.35638428, 0.598053, 0.8397217, -0.7496643, -0.5079956, -0.2663269, -0.024658203, 0.2170105, 0.4586792, 0.7003479, -0.8890381, -0.6473694, -0.40570068, -0.16403198, 0.07763672, 0.31930542, 0.5609741, 0.8026428, -0.78674316, -0.54507446, -0.30340576, -0.06173706, 0.17993164, 0.42160034, 0.66326904, 0.90493774, -0.68444824, -0.44277954, -0.20111084, 0.04055786, 0.28222656, 0.52389526, 0.76556396, -0.823822, -0.5821533, -0.34048462, -0.09881592, 0.14285278, 0.38452148, 0.6261902, 0.8678589, -0.7215271, -0.4798584, -0.2381897, 0.003479004, 0.2451477, 0.4868164, 0.7284851, -0.8609009, -0.6192322, -0.37756348, -0.13589478, 0.105773926, 0.34744263, 0.5891113, 0.83078, -0.75860596, -0.51693726, -0.27526855, -0.033599854, 0.20806885, 0.44973755, 0.69140625, -0.89797974, -0.65631104, -0.41464233, -0.17297363, 0.06869507, 0.31036377, 0.5520325, 0.7937012, -0.7956848, -0.5540161, -0.3123474, -0.07067871, 0.17098999, 0.4126587, 0.6543274, 0.8959961, -0.6933899, -0.4517212, -0.21005249, 0.03161621, 0.2732849, 0.5149536, 0.7566223, -0.8327637, -0.591095, -0.34942627, -0.10775757, 0.13391113, 0.37557983, 0.61724854, 0.85891724, -0.73046875, -0.48880005, -0.24713135, -0.0054626465, 0.23620605, 0.47787476, 0.71954346, -0.8698425, -0.6281738, -0.38650513, -0.14483643, 0.096832275, 0.33850098, 0.5801697, 0.8218384, -0.7675476, -0.5258789, -0.2842102, -0.042541504, 0.1991272, 0.4407959, 0.6824646, -0.9069214, -0.6652527, -0.42358398, -0.18191528, 0.059753418, 0.30142212, 0.5430908, 0.7847595, -0.80462646, -0.56295776, -0.32128906, -0.07962036, 0.16204834, 0.40371704, 0.64538574, 0.88705444, -0.70233154, -0.46066284, -0.21899414, 0.02267456, 0.26434326, 0.50601196, 0.74768066, -0.8417053, -0.6000366, -0.35836792, -0.11669922, 0.12496948, 0.36663818, 0.6083069, 0.8499756, -0.7394104, -0.4977417, -0.256073, -0.014404297, 0.2272644, 0.4689331, 0.7106018, -0.8787842, -0.6371155, -0.39544678, -0.15377808, 0.087890625, 0.32955933, 0.571228, 0.8128967, -0.77648926, -0.53482056, -0.29315186, -0.051483154, 0.19018555, 0.43185425, 0.67352295, 0.91519165, -0.67419434, -0.43252563, -0.19085693, 0.050811768, 0.29248047, 0.53414917, 0.7758179, -0.8135681, -0.5718994, -0.3302307, -0.08856201, 0.15310669, 0.3947754, 0.6364441, 0.8781128, -0.7112732, -0.4696045, -0.22793579, 0.01373291, 0.2554016, 0.4970703, 0.738739, -0.850647, -0.6089783, -0.36730957, -0.12564087, 0.11602783, 0.35769653, 0.59936523, 0.84103394, -0.74835205, -0.50668335, -0.26501465, -0.023345947, 0.21832275, 0.45999146, 0.70166016, -0.88772583, -0.6460571, -0.40438843, -0.16271973, 0.078948975, 0.32061768, 0.5622864, 0.8039551, -0.7854309, -0.5437622, -0.3020935, -0.060424805, 0.1812439, 0.4229126, 0.6645813, 0.90625, -0.683136, -0.4414673, -0.19979858, 0.041870117, 0.28353882, 0.5252075, 0.7668762, -0.82250977, -0.58084106, -0.33917236, -0.09750366, 0.14416504, 0.38583374, 0.62750244, 0.86917114, -0.72021484, -0.47854614, -0.23687744, 0.0047912598, 0.24645996, 0.48812866, 0.72979736, -0.8595886, -0.6179199, -0.37625122, -0.13458252, 0.10708618, 0.34875488, 0.5904236, 0.8320923, -0.7572937, -0.515625, -0.2739563, -0.032287598, 0.2093811, 0.4510498, 0.6927185, -0.8966675, -0.6549988, -0.41333008, -0.17166138, 0.070007324, 0.31167603, 0.5533447, 0.7950134, -0.79437256, -0.55270386, -0.31103516, -0.069366455, 0.17230225, 0.41397095, 0.65563965, 0.89730835, -0.69207764, -0.45040894, -0.20874023, 0.032928467, 0.27459717, 0.51626587, 0.7579346, -0.8314514, -0.5897827, -0.348114, -0.10644531, 0.13522339, 0.3768921, 0.6185608, 0.8602295, -0.7291565, -0.4874878, -0.24581909, -0.0041503906, 0.23751831, 0.479187, 0.7208557, -0.8685303, -0.6268616, -0.38519287, -0.14352417, 0.09814453, 0.33981323, 0.58148193, 0.82315063, -0.76623535, -0.52456665, -0.28289795, -0.041229248, 0.20043945, 0.44210815, 0.68377686, -0.90560913, -0.6639404, -0.42227173, -0.18060303, 0.061065674, 0.30273438, 0.5444031, 0.7860718, -0.8033142, -0.5616455, -0.3199768, -0.078308105, 0.1633606, 0.4050293, 0.646698, 0.8883667, -0.7010193, -0.4593506, -0.21768188, 0.023986816, 0.26565552, 0.5073242, 0.7489929, -0.84039307, -0.59872437, -0.35705566, -0.11538696, 0.12628174, 0.36795044, 0.60961914, 0.85128784, -0.73809814, -0.49642944, -0.25476074, -0.013092041, 0.22857666, 0.47024536, 0.71191406, -0.8774719, -0.6358032, -0.39413452, -0.15246582, 0.08920288, 0.33087158, 0.5725403, 0.814209, -0.775177, -0.5335083, -0.2918396, -0.0501709, 0.1914978, 0.4331665, 0.6748352, -0.9145508, -0.6728821, -0.43121338, -0.18954468, 0.052124023, 0.29379272, 0.5354614, 0.7771301, -0.81225586, -0.57058716, -0.32891846, -0.087249756, 0.15441895, 0.39608765, 0.63775635, 0.87942505, -0.70996094, -0.46829224, -0.22662354, 0.015045166, 0.25671387, 0.49838257, 0.74005127, -0.8493347, -0.607666, -0.3659973, -0.12432861, 0.11734009, 0.3590088, 0.6006775, 0.8423462, -0.7470398, -0.5053711, -0.2637024, -0.022033691, 0.21963501, 0.4613037, 0.7029724, -0.8864136, -0.6447449, -0.40307617, -0.16140747, 0.08026123, 0.32192993, 0.56359863, 0.80526733, -0.78411865, -0.54244995, -0.30078125, -0.05911255, 0.18255615, 0.42422485, 0.66589355, 0.90756226, -0.68182373, -0.44015503, -0.19848633, 0.043182373, 0.28485107, 0.5265198, 0.7681885, -0.8211975, -0.5795288, -0.3378601, -0.096191406, 0.1454773, 0.387146, 0.6288147, 0.8704834, -0.7189026, -0.4772339, -0.23556519, 0.0061035156, 0.24777222, 0.48944092, 0.7311096, -0.85827637, -0.61660767, -0.37493896, -0.13327026, 0.10839844, 0.35006714, 0.59173584, 0.83340454, -0.75598145, -0.51431274, -0.27264404, -0.030975342, 0.21069336, 0.45236206, 0.69403076, -0.8953552, -0.6536865, -0.41201782, -0.17034912, 0.07131958, 0.31298828, 0.554657, 0.7963257, -0.7930603, -0.5513916, -0.3097229, -0.0680542, 0.1736145, 0.4152832, 0.6569519, 0.8986206, -0.6907654, -0.44909668, -0.20742798, 0.034240723, 0.27590942, 0.5175781, 0.7592468, -0.83013916, -0.58847046, -0.34680176, -0.10513306, 0.13653564, 0.37820435, 0.61987305, 0.86154175, -0.72784424, -0.48617554, -0.24450684, -0.0028381348, 0.23883057, 0.48049927, 0.72216797, -0.867218, -0.6255493, -0.38388062, -0.14221191, 0.09945679, 0.3411255, 0.5827942, 0.8244629, -0.7649231, -0.5232544, -0.2815857, -0.039916992, 0.20175171, 0.4434204, 0.6850891, -0.9042969, -0.6626282, -0.42095947, -0.17929077, 0.06237793, 0.30404663, 0.54571533, 0.78738403, -0.80200195, -0.56033325, -0.31866455, -0.07699585, 0.16467285, 0.40634155, 0.64801025, 0.88967896, -0.69970703, -0.45803833, -0.21636963, 0.025299072, 0.26696777, 0.5086365, 0.7503052, -0.8390808, -0.5974121, -0.3557434, -0.11407471, 0.127594, 0.3692627, 0.6109314, 0.8526001, -0.7367859, -0.4951172, -0.2534485, -0.011779785, 0.22988892, 0.47155762, 0.7132263, -0.87615967, -0.63449097, -0.39282227, -0.15115356, 0.09051514, 0.33218384, 0.57385254, 0.81552124, -0.77386475, -0.53219604, -0.29052734, -0.048858643, 0.19281006, 0.43447876, 0.67614746, -0.9132385, -0.6715698, -0.42990112, -0.18823242, 0.05343628, 0.29510498, 0.5367737, 0.7784424, -0.8109436, -0.5692749, -0.3276062, -0.0859375, 0.1557312, 0.3973999, 0.6390686, 0.8807373, -0.7086487, -0.46697998, -0.22531128, 0.016357422, 0.25802612, 0.49969482, 0.7413635, -0.84802246, -0.60635376, -0.36468506, -0.12301636, 0.118652344, 0.36032104, 0.60198975, 0.84365845, -0.74572754, -0.50405884, -0.26239014, -0.020721436, 0.22094727, 0.46261597, 0.70428467, -0.8851013, -0.6434326, -0.40176392, -0.16009521, 0.08157349, 0.3232422, 0.5649109, 0.8065796, -0.7828064, -0.5411377, -0.299469, -0.057800293, 0.18386841, 0.4255371, 0.6672058, 0.9088745, -0.6805115, -0.43884277, -0.19717407, 0.04449463, 0.28616333, 0.52783203, 0.76950073, -0.81988525, -0.57821655, -0.33654785, -0.09487915, 0.14678955, 0.38845825, 0.63012695, 0.87179565, -0.71759033, -0.47592163, -0.23425293, 0.0074157715, 0.24908447, 0.49075317, 0.7324219, -0.8569641, -0.6152954, -0.3736267, -0.13195801, 0.10971069, 0.3513794, 0.5930481, 0.8347168, -0.7546692, -0.5130005, -0.2713318, -0.029663086, 0.21200562, 0.45367432, 0.695343, -0.89404297, -0.65237427, -0.41070557, -0.16903687, 0.072631836, 0.31430054, 0.55596924, 0.79763794, -0.79174805, -0.55007935, -0.30841064, -0.06674194, 0.17492676, 0.41659546, 0.65826416, 0.89993286, -0.6894531, -0.44778442, -0.20611572, 0.03555298, 0.27722168, 0.5188904, 0.7605591, -0.8288269, -0.5871582, -0.3454895, -0.1038208, 0.1378479, 0.3795166, 0.6211853, 0.862854, -0.726532, -0.48486328, -0.24319458, -0.0015258789, 0.24014282, 0.48181152, 0.7234802, -0.86590576, -0.62423706, -0.38256836, -0.14089966, 0.10076904, 0.34243774, 0.58410645, 0.82577515, -0.76361084, -0.52194214, -0.28027344, -0.038604736, 0.20306396, 0.44473267, 0.68640137, -0.9029846, -0.6613159, -0.41964722, -0.17797852, 0.063690186, 0.3053589, 0.5470276, 0.7886963, -0.8006897, -0.559021, -0.3173523, -0.075683594, 0.1659851, 0.4076538, 0.6493225, 0.8909912, -0.6983948, -0.45672607, -0.21505737, 0.026611328, 0.26828003, 0.50994873, 0.75161743, -0.83776855, -0.59609985, -0.35443115, -0.11276245, 0.12890625, 0.37057495, 0.61224365, 0.85391235, -0.73547363, -0.49380493, -0.25213623, -0.010467529, 0.23120117, 0.47286987, 0.7145386, -0.8748474, -0.6331787, -0.39151, -0.14984131, 0.09182739, 0.3334961, 0.5751648, 0.8168335, -0.7725525, -0.5308838, -0.2892151, -0.047546387, 0.19412231, 0.43579102, 0.6774597, -0.91192627, -0.67025757, -0.42858887, -0.18692017, 0.054748535, 0.29641724, 0.53808594, 0.77975464, -0.80963135, -0.56796265, -0.32629395, -0.084625244, 0.15704346, 0.39871216, 0.64038086, 0.88204956, -0.7073364, -0.46566772, -0.22399902, 0.017669678, 0.25933838, 0.5010071, 0.7426758, -0.8467102, -0.6050415, -0.3633728, -0.1217041, 0.1199646, 0.3616333, 0.603302, 0.8449707, -0.7444153, -0.5027466, -0.26107788, -0.01940918, 0.22225952, 0.46392822, 0.7055969, -0.88378906, -0.64212036, -0.40045166, -0.15878296, 0.08288574, 0.32455444, 0.56622314, 0.80789185, -0.78149414, -0.53982544, -0.29815674, -0.056488037, 0.18518066, 0.42684937, 0.66851807, 0.91018677, -0.6791992, -0.43753052, -0.19586182, 0.045806885, 0.2874756, 0.5291443, 0.770813, -0.818573, -0.5769043, -0.3352356, -0.093566895, 0.1481018, 0.3897705, 0.6314392, 0.8731079, -0.7162781, -0.47460938, -0.23294067, 0.008728027, 0.25039673, 0.49206543, 0.73373413, -0.85565186, -0.61398315, -0.37231445, -0.13064575, 0.11102295, 0.35269165, 0.59436035, 0.83602905, -0.75335693, -0.51168823, -0.27001953, -0.02835083, 0.21331787, 0.45498657, 0.6966553, -0.8927307, -0.651062, -0.4093933, -0.16772461, 0.07394409, 0.3156128, 0.5572815, 0.7989502, -0.7904358, -0.5487671, -0.3070984, -0.06542969, 0.17623901, 0.4179077, 0.6595764, 0.9012451, -0.68814087, -0.44647217, -0.20480347, 0.036865234, 0.27853394, 0.52020264, 0.76187134, -0.82751465, -0.58584595, -0.34417725, -0.102508545, 0.13916016, 0.38082886, 0.62249756, 0.86416626, -0.7252197, -0.48355103, -0.24188232, -0.00021362305, 0.24145508, 0.48312378, 0.7247925, -0.8645935, -0.6229248, -0.3812561, -0.1395874, 0.1020813, 0.34375, 0.5854187, 0.8270874, -0.7622986, -0.5206299, -0.27896118, -0.03729248, 0.20437622, 0.44604492, 0.6877136, -0.90167236, -0.66000366, -0.41833496, -0.17666626, 0.06500244, 0.30667114, 0.54833984, 0.79000854, -0.79937744, -0.55770874, -0.31604004, -0.07437134, 0.16729736, 0.40896606, 0.65063477, 0.89230347, -0.6970825, -0.45541382, -0.21374512, 0.027923584, 0.2695923, 0.511261, 0.7529297, -0.8364563, -0.5947876, -0.3531189, -0.111450195, 0.1302185, 0.3718872, 0.6135559, 0.8552246, -0.7341614, -0.49249268, -0.25082397, -0.009155273, 0.23251343, 0.47418213, 0.71585083, -0.87353516, -0.63186646, -0.39019775, -0.14852905, 0.09313965, 0.33480835, 0.57647705, 0.81814575, -0.77124023, -0.52957153, -0.28790283, -0.04623413, 0.19543457, 0.43710327, 0.678772, -0.910614, -0.6689453, -0.4272766, -0.18560791, 0.05606079, 0.2977295, 0.5393982, 0.7810669, -0.8083191, -0.5666504, -0.3249817, -0.08331299, 0.15835571, 0.4000244, 0.6416931, 0.8833618, -0.70602417, -0.46435547, -0.22268677, 0.018981934, 0.26065063, 0.50231934, 0.74398804, -0.84539795, -0.60372925, -0.36206055, -0.120391846, 0.121276855, 0.36294556, 0.60461426, 0.84628296, -0.743103, -0.5014343, -0.25976563, -0.018096924, 0.22357178, 0.46524048, 0.7069092, -0.8824768, -0.6408081, -0.3991394, -0.1574707, 0.084198, 0.3258667, 0.5675354, 0.8092041, -0.7801819, -0.5385132, -0.29684448, -0.05517578, 0.18649292, 0.42816162, 0.6698303, 0.911499, -0.67788696, -0.43621826, -0.19454956, 0.04711914, 0.28878784, 0.53045654, 0.77212524, -0.81726074, -0.57559204, -0.33392334, -0.09225464, 0.14941406, 0.39108276, 0.63275146, 0.87442017, -0.7149658, -0.47329712, -0.23162842, 0.010040283, 0.25170898, 0.4933777, 0.7350464, -0.8543396, -0.6126709, -0.3710022, -0.1293335, 0.112335205, 0.3540039, 0.5956726, 0.8373413, -0.7520447, -0.510376, -0.26870728, -0.027038574, 0.21463013, 0.45629883, 0.6979675, -0.89141846, -0.64974976, -0.40808105, -0.16641235, 0.07525635, 0.31692505, 0.55859375, 0.80026245, -0.78912354, -0.54745483, -0.30578613, -0.06411743, 0.17755127, 0.41921997, 0.6608887, 0.9025574, -0.6868286, -0.4451599, -0.20349121, 0.03817749, 0.2798462, 0.5215149, 0.7631836, -0.8262024, -0.5845337, -0.342865, -0.10119629, 0.14047241, 0.3821411, 0.6238098, 0.8654785, -0.7239075, -0.48223877, -0.24057007, 0.0010986328, 0.24276733, 0.48443604, 0.72610474, -0.86328125, -0.62161255, -0.37994385, -0.13827515, 0.103393555, 0.34506226, 0.58673096, 0.82839966, -0.7609863, -0.5193176, -0.27764893, -0.035980225, 0.20568848, 0.44735718, 0.6890259, -0.9003601, -0.6586914, -0.4170227, -0.175354, 0.0663147, 0.3079834, 0.5496521, 0.7913208, -0.7980652, -0.5563965, -0.31472778, -0.07305908, 0.16860962, 0.41027832, 0.651947, 0.8936157, -0.69577026, -0.45410156, -0.21243286, 0.02923584, 0.27090454, 0.51257324, 0.75424194, -0.83514404, -0.59347534, -0.35180664, -0.11013794, 0.13153076, 0.37319946, 0.61486816, 0.85653687, -0.7328491, -0.49118042, -0.24951172, -0.007843018, 0.23382568, 0.47549438, 0.7171631, -0.8722229, -0.6305542, -0.3888855, -0.1472168, 0.094451904, 0.3361206, 0.5777893, 0.819458, -0.769928, -0.5282593, -0.28659058, -0.044921875, 0.19674683, 0.43841553, 0.6800842, -0.90930176, -0.66763306, -0.42596436, -0.18429565, 0.057373047, 0.29904175, 0.54071045, 0.78237915, -0.80700684, -0.56533813, -0.32366943, -0.08200073, 0.15966797, 0.40133667, 0.6430054, 0.8846741, -0.7047119, -0.4630432, -0.22137451, 0.02029419, 0.2619629, 0.5036316, 0.7453003, -0.8440857, -0.602417, -0.3607483, -0.11907959, 0.12258911, 0.3642578, 0.6059265, 0.8475952, -0.7417908, -0.5001221, -0.25845337, -0.016784668, 0.22488403, 0.46655273, 0.70822144, -0.88116455, -0.63949585, -0.39782715, -0.15615845, 0.085510254, 0.32717896, 0.56884766, 0.81051636, -0.7788696, -0.5372009, -0.29553223, -0.053863525, 0.18780518, 0.42947388, 0.6711426, 0.9128113, -0.6765747, -0.434906, -0.1932373, 0.048431396, 0.2901001, 0.5317688, 0.7734375, -0.8159485, -0.5742798, -0.33261108, -0.09094238, 0.15072632, 0.39239502, 0.6340637, 0.8757324, -0.71365356, -0.47198486, -0.23031616, 0.011352539, 0.25302124, 0.49468994, 0.73635864, -0.85302734, -0.61135864, -0.36968994, -0.12802124, 0.11364746, 0.35531616, 0.59698486, 0.83865356, -0.7507324, -0.5090637, -0.26739502, -0.025726318, 0.21594238, 0.45761108, 0.6992798, -0.8901062, -0.6484375, -0.4067688, -0.1651001, 0.0765686, 0.3182373, 0.559906, 0.8015747, -0.7878113, -0.5461426, -0.30447388, -0.062805176, 0.17886353, 0.42053223, 0.6622009, 0.9038696, -0.68551636, -0.44384766, -0.20217896, 0.039489746, 0.28115845, 0.52282715, 0.76449585, -0.82489014, -0.58322144, -0.34155273, -0.09988403, 0.14178467, 0.38345337, 0.6251221, 0.8667908, -0.7225952, -0.4809265, -0.23925781, 0.0024108887, 0.24407959, 0.4857483, 0.727417, -0.861969, -0.6203003, -0.3786316, -0.13696289, 0.10470581, 0.3463745, 0.5880432, 0.8297119, -0.7596741, -0.5180054, -0.27633667, -0.03466797, 0.20700073, 0.44866943, 0.69033813, -0.89904785, -0.65737915, -0.41571045, -0.17404175, 0.06762695, 0.30929565, 0.55096436, 0.79263306, -0.7967529, -0.5550842, -0.31341553, -0.071746826, 0.16992188, 0.41159058, 0.6532593, 0.894928, -0.694458, -0.4527893, -0.2111206, 0.030548096, 0.2722168, 0.5138855, 0.7555542, -0.8338318, -0.5921631, -0.35049438, -0.10882568, 0.13284302, 0.37451172, 0.6161804, 0.8578491, -0.73153687, -0.48986816, -0.24819946, -0.0065307617, 0.23513794, 0.47680664, 0.71847534, -0.87091064, -0.62924194, -0.38757324, -0.14590454, 0.09576416, 0.33743286, 0.57910156, 0.82077026, -0.7686157, -0.526947, -0.28527832, -0.04360962, 0.19805908, 0.43972778, 0.6813965, -0.9079895, -0.6663208, -0.4246521, -0.1829834, 0.058685303, 0.300354, 0.5420227, 0.7836914, -0.8056946, -0.5640259, -0.32235718, -0.08068848, 0.16098022, 0.40264893, 0.6443176, 0.8859863, -0.70339966, -0.46173096, -0.22006226, 0.021606445, 0.26327515, 0.50494385, 0.74661255, -0.84277344, -0.60110474, -0.35943604, -0.117767334, 0.12390137, 0.36557007, 0.60723877, 0.8489075, -0.7404785, -0.4988098, -0.2571411, -0.015472412, 0.22619629, 0.467865, 0.7095337, -0.8798523, -0.6381836, -0.3965149, -0.15484619, 0.08682251, 0.3284912, 0.5701599, 0.8118286, -0.7775574, -0.5358887, -0.29421997, -0.05255127, 0.18911743, 0.43078613, 0.67245483, 0.91412354, -0.67526245, -0.43359375, -0.19192505, 0.049743652, 0.29141235, 0.53308105, 0.77474976, -0.81463623, -0.5729675, -0.33129883, -0.08963013, 0.15203857, 0.39370728, 0.635376, 0.8770447, -0.7123413, -0.4706726, -0.2290039, 0.012664795, 0.2543335, 0.4960022, 0.7376709, -0.8517151, -0.6100464, -0.3683777, -0.12670898, 0.11495972, 0.35662842, 0.5982971, 0.8399658, -0.74942017, -0.50775146, -0.26608276, -0.024414063, 0.21725464, 0.45892334, 0.70059204, -0.88879395, -0.64712524, -0.40545654, -0.16378784, 0.07788086, 0.31954956, 0.56121826, 0.80288696, -0.786499, -0.5448303, -0.30316162, -0.06149292, 0.18017578, 0.42184448, 0.6635132, 0.9051819, -0.6842041, -0.4425354, -0.2008667, 0.040802002, 0.2824707, 0.5241394, 0.7658081, -0.8235779, -0.5819092, -0.34024048, -0.09857178, 0.14309692, 0.38476563, 0.6264343, 0.868103, -0.72128296, -0.47961426, -0.23794556, 0.0037231445, 0.24539185, 0.48706055, 0.72872925, -0.86065674, -0.61898804, -0.37731934, -0.13565063, 0.10601807, 0.34768677, 0.58935547, 0.83102417, -0.7583618, -0.5166931, -0.2750244, -0.033355713, 0.20831299, 0.4499817, 0.6916504, -0.8977356, -0.6560669, -0.4143982, -0.17272949, 0.06893921, 0.3106079, 0.5522766, 0.7939453, -0.7954407, -0.553772, -0.31210327, -0.07043457, 0.17123413, 0.41290283, 0.65457153, 0.89624023, -0.69314575, -0.45147705, -0.20980835, 0.03186035, 0.27352905, 0.51519775, 0.75686646, -0.83251953, -0.59085083, -0.34918213, -0.10751343, 0.13415527, 0.37582397, 0.6174927, 0.8591614, -0.7302246, -0.4885559, -0.2468872, -0.005218506, 0.2364502, 0.4781189, 0.7197876, -0.8695984, -0.6279297, -0.386261, -0.14459229, 0.097076416, 0.33874512, 0.5804138, 0.8220825, -0.76730347, -0.52563477, -0.28396606, -0.042297363, 0.19937134, 0.44104004, 0.68270874, -0.90667725, -0.66500854, -0.42333984, -0.18167114, 0.05999756, 0.30166626, 0.54333496, 0.78500366, -0.8043823, -0.5627136, -0.32104492, -0.07937622, 0.16229248, 0.40396118, 0.6456299, 0.8872986, -0.7020874, -0.4604187, -0.21875, 0.022918701, 0.2645874, 0.5062561, 0.7479248, -0.8414612, -0.5997925, -0.35812378, -0.11645508, 0.12521362, 0.36688232, 0.608551, 0.8502197, -0.73916626, -0.49749756, -0.25582886, -0.014160156, 0.22750854, 0.46917725, 0.71084595, -0.87854004, -0.63687134, -0.39520264, -0.15353394, 0.088134766, 0.32980347, 0.57147217, 0.81314087, -0.7762451, -0.5345764, -0.2929077, -0.051239014, 0.19042969, 0.4320984, 0.6737671, 0.9154358, -0.6739502, -0.4322815, -0.1906128, 0.05105591, 0.2927246, 0.5343933, 0.776062, -0.813324, -0.5716553, -0.32998657, -0.08831787, 0.15335083, 0.39501953, 0.63668823, 0.87835693, -0.71102905, -0.46936035, -0.22769165, 0.013977051, 0.25564575, 0.49731445, 0.73898315, -0.85040283, -0.60873413, -0.36706543, -0.12539673, 0.11627197, 0.35794067, 0.5996094, 0.8412781, -0.7481079, -0.5064392, -0.2647705, -0.023101807, 0.2185669, 0.4602356, 0.7019043, -0.8874817, -0.645813, -0.4041443, -0.16247559, 0.079193115, 0.32086182, 0.5625305, 0.8041992, -0.78518677, -0.54351807, -0.30184937, -0.060180664, 0.18148804, 0.42315674, 0.66482544, 0.90649414, -0.68289185, -0.44122314, -0.19955444, 0.042114258, 0.28378296, 0.52545166, 0.76712036, -0.8222656, -0.5805969, -0.33892822, -0.09725952, 0.14440918, 0.38607788, 0.6277466, 0.8694153, -0.7199707, -0.478302, -0.2366333, 0.0050354004, 0.2467041, 0.4883728, 0.7300415, -0.8593445, -0.6176758, -0.37600708, -0.13433838, 0.10733032, 0.34899902, 0.5906677, 0.8323364, -0.75704956, -0.51538086, -0.27371216, -0.032043457, 0.20962524, 0.45129395, 0.69296265, -0.89642334, -0.65475464, -0.41308594, -0.17141724, 0.070251465, 0.31192017, 0.55358887, 0.79525757, -0.7941284, -0.5524597, -0.31079102, -0.069122314, 0.17254639, 0.4142151, 0.6558838, 0.8975525, -0.6918335, -0.4501648, -0.2084961, 0.033172607, 0.2748413, 0.51651, 0.7581787, -0.8312073, -0.5895386, -0.34786987, -0.10620117, 0.13546753, 0.37713623, 0.61880493, 0.86047363, -0.72891235, -0.48724365, -0.24557495, -0.00390625, 0.23776245, 0.47943115, 0.72109985, -0.86828613, -0.62661743, -0.38494873, -0.14328003, 0.09838867, 0.34005737, 0.5817261, 0.8233948, -0.7659912, -0.5243225, -0.2826538, -0.040985107, 0.2006836, 0.4423523, 0.684021, -0.905365, -0.6636963, -0.4220276, -0.18035889, 0.061309814, 0.30297852, 0.5446472, 0.7863159, -0.80307007, -0.56140137, -0.31973267, -0.078063965, 0.16360474, 0.40527344, 0.64694214, 0.88861084, -0.70077515, -0.45910645, -0.21743774, 0.024230957, 0.26589966, 0.50756836, 0.74923706, -0.8401489, -0.5984802, -0.35681152, -0.11514282, 0.12652588, 0.36819458, 0.6098633, 0.851532, -0.737854, -0.4961853, -0.2545166, -0.0128479, 0.2288208, 0.4704895, 0.7121582, -0.8772278, -0.6355591, -0.39389038, -0.15222168, 0.08944702, 0.33111572, 0.5727844, 0.8144531, -0.77493286, -0.53326416, -0.29159546, -0.049926758, 0.19174194, 0.43341064, 0.67507935, -0.91430664, -0.67263794, -0.43096924, -0.18930054, 0.052368164, 0.29403687, 0.53570557, 0.77737427, -0.8120117, -0.570343, -0.32867432, -0.087005615, 0.15466309, 0.3963318, 0.6380005, 0.8796692, -0.7097168, -0.4680481, -0.2263794, 0.015289307, 0.256958, 0.4986267, 0.7402954, -0.8490906, -0.6074219, -0.36575317, -0.12408447, 0.11758423, 0.35925293, 0.60092163, 0.84259033, -0.74679565, -0.50512695, -0.26345825, -0.02178955, 0.21987915, 0.46154785, 0.70321655, -0.88616943, -0.64450073, -0.40283203, -0.16116333, 0.08050537, 0.32217407, 0.5638428, 0.8055115, -0.7838745, -0.5422058, -0.3005371, -0.05886841, 0.1828003, 0.424469, 0.6661377, 0.9078064, -0.6815796, -0.4399109, -0.19824219, 0.043426514, 0.2850952, 0.5267639, 0.7684326, -0.82095337, -0.57928467, -0.33761597, -0.095947266, 0.14572144, 0.38739014, 0.62905884, 0.87072754, -0.71865845, -0.47698975, -0.23532104, 0.0063476563, 0.24801636, 0.48968506, 0.73135376, -0.8580322, -0.6163635, -0.37469482, -0.13302612, 0.10864258, 0.35031128, 0.59198, 0.8336487, -0.7557373, -0.5140686, -0.2723999, -0.030731201, 0.2109375, 0.4526062, 0.6942749, -0.8951111, -0.6534424, -0.41177368, -0.17010498, 0.07156372, 0.31323242, 0.5549011, 0.7965698, -0.79281616, -0.55114746, -0.30947876, -0.06781006, 0.17385864, 0.41552734, 0.65719604, 0.89886475, -0.69052124, -0.44885254, -0.20718384, 0.034484863, 0.27615356, 0.51782227, 0.75949097, -0.829895, -0.5882263, -0.34655762, -0.104888916, 0.13677979, 0.3784485, 0.6201172, 0.8617859, -0.7276001, -0.4859314, -0.2442627, -0.0025939941, 0.2390747, 0.4807434, 0.7224121, -0.8669739, -0.6253052, -0.38363647, -0.14196777, 0.09970093, 0.34136963, 0.58303833, 0.82470703, -0.76467896, -0.52301025, -0.28134155, -0.03967285, 0.20199585, 0.44366455, 0.68533325, -0.90405273, -0.66238403, -0.42071533, -0.17904663, 0.06262207, 0.30429077, 0.5459595, 0.7876282, -0.8017578, -0.5600891, -0.3184204, -0.07675171, 0.16491699, 0.4065857, 0.6482544, 0.8899231, -0.6994629, -0.4577942, -0.21612549, 0.025543213, 0.2672119, 0.5088806, 0.7505493, -0.83883667, -0.59716797, -0.35549927, -0.11383057, 0.12783813, 0.36950684, 0.61117554, 0.85284424, -0.73654175, -0.49487305, -0.25320435, -0.0115356445, 0.23013306, 0.47180176, 0.71347046, -0.8759155, -0.6342468, -0.39257813, -0.15090942, 0.09075928, 0.33242798, 0.5740967, 0.8157654, -0.7736206, -0.5319519, -0.2902832, -0.048614502, 0.1930542, 0.4347229, 0.6763916, -0.9129944, -0.6713257, -0.42965698, -0.18798828, 0.05368042, 0.29534912, 0.5370178, 0.7786865, -0.81069946, -0.56903076, -0.32736206, -0.08569336, 0.15597534, 0.39764404, 0.63931274, 0.88098145, -0.70840454, -0.46673584, -0.22506714, 0.016601563, 0.25827026, 0.49993896, 0.74160767, -0.8477783, -0.6061096, -0.36444092, -0.12277222, 0.118896484, 0.3605652, 0.6022339, 0.8439026, -0.7454834, -0.5038147, -0.262146, -0.020477295, 0.2211914, 0.4628601, 0.7045288, -0.8848572, -0.6431885, -0.40151978, -0.15985107, 0.08181763, 0.32348633, 0.565155, 0.80682373, -0.78256226, -0.54089355, -0.29922485, -0.057556152, 0.18411255, 0.42578125, 0.66744995, 0.90911865, -0.68026733, -0.43859863, -0.19692993, 0.04473877, 0.28640747, 0.5280762, 0.7697449, -0.8196411, -0.5779724, -0.3363037, -0.09463501, 0.14703369, 0.3887024, 0.6303711, 0.8720398, -0.7173462, -0.4756775, -0.23400879, 0.007659912, 0.24932861, 0.4909973, 0.732666, -0.85672, -0.61505127, -0.37338257, -0.13171387, 0.109954834, 0.35162354, 0.59329224, 0.83496094, -0.75442505, -0.51275635, -0.27108765, -0.029418945, 0.21224976, 0.45391846, 0.69558716, -0.8937988, -0.6521301, -0.41046143, -0.16879272, 0.07287598, 0.31454468, 0.5562134, 0.7978821, -0.7915039, -0.5498352, -0.3081665, -0.0664978, 0.1751709, 0.4168396, 0.6585083, 0.900177, -0.689209, -0.44754028, -0.20587158, 0.03579712, 0.27746582, 0.5191345, 0.7608032, -0.82858276, -0.58691406, -0.34524536, -0.10357666, 0.13809204, 0.37976074, 0.62142944, 0.86309814, -0.72628784, -0.48461914, -0.24295044, -0.0012817383, 0.24038696, 0.48205566, 0.72372437, -0.8656616, -0.6239929, -0.38232422, -0.14065552, 0.10101318, 0.34268188, 0.5843506, 0.8260193, -0.7633667, -0.521698, -0.2800293, -0.038360596, 0.2033081, 0.4449768, 0.6866455, -0.9027405, -0.6610718, -0.41940308, -0.17773438, 0.063934326, 0.30560303, 0.5472717, 0.7889404, -0.80044556, -0.55877686, -0.31710815, -0.07543945, 0.16622925, 0.40789795, 0.64956665, 0.89123535, -0.69815063, -0.45648193, -0.21481323, 0.026855469, 0.26852417, 0.5101929, 0.7518616, -0.8375244, -0.5958557, -0.354187, -0.11251831, 0.12915039, 0.3708191, 0.6124878, 0.8541565, -0.7352295, -0.4935608, -0.2518921, -0.010223389, 0.23144531, 0.473114, 0.7147827, -0.8746033, -0.6329346, -0.39126587, -0.14959717, 0.09207153, 0.33374023, 0.57540894, 0.81707764, -0.77230835, -0.53063965, -0.28897095, -0.047302246, 0.19436646, 0.43603516, 0.67770386, -0.9116821, -0.6700134, -0.42834473, -0.18667603, 0.054992676, 0.29666138, 0.5383301, 0.7799988, -0.8093872, -0.5677185, -0.3260498, -0.0843811, 0.1572876, 0.3989563, 0.640625, 0.8822937, -0.7070923, -0.46542358, -0.22375488, 0.017913818, 0.25958252, 0.5012512, 0.7429199, -0.84646606, -0.60479736, -0.36312866, -0.12145996, 0.12020874, 0.36187744, 0.60354614, 0.84521484, -0.74417114, -0.50250244, -0.26083374, -0.019165039, 0.22250366, 0.46417236, 0.70584106, -0.8835449, -0.6418762, -0.40020752, -0.15853882, 0.08312988, 0.32479858, 0.5664673, 0.808136, -0.78125, -0.5395813, -0.2979126, -0.056243896, 0.1854248, 0.4270935, 0.6687622, 0.9104309, -0.6789551, -0.43728638, -0.19561768, 0.046051025, 0.28771973, 0.5293884, 0.7710571, -0.81832886, -0.57666016, -0.33499146, -0.093322754, 0.14834595, 0.39001465, 0.63168335, 0.87335205, -0.71603394, -0.47436523, -0.23269653, 0.008972168, 0.25064087, 0.49230957, 0.7339783, -0.8554077, -0.613739, -0.3720703, -0.13040161, 0.11126709, 0.3529358, 0.5946045, 0.8362732, -0.7531128, -0.5114441, -0.2697754, -0.02810669, 0.21356201, 0.4552307, 0.6968994, -0.8924866, -0.6508179, -0.40914917, -0.16748047, 0.07418823, 0.31585693, 0.55752563, 0.79919434, -0.79019165, -0.54852295, -0.30685425, -0.06518555, 0.17648315, 0.41815186, 0.65982056, 0.90148926, -0.6878967, -0.44622803, -0.20455933, 0.037109375, 0.27877808, 0.5204468, 0.7621155, -0.8272705, -0.5856018, -0.3439331, -0.102264404, 0.1394043, 0.381073, 0.6227417, 0.8644104, -0.7249756, -0.48330688, -0.24163818, 3.0517578e-5, 0.24169922, 0.48336792, 0.7250366, -0.86434937, -0.62268066, -0.38101196, -0.13934326, 0.10232544, 0.34399414, 0.58566284, 0.82733154, -0.76205444, -0.52038574, -0.27871704, -0.03704834, 0.20462036, 0.44628906, 0.68795776, -0.9014282, -0.6597595, -0.41809082, -0.17642212, 0.06524658, 0.30691528, 0.548584, 0.7902527, -0.7991333, -0.5574646, -0.3157959, -0.0741272, 0.1675415, 0.4092102, 0.6508789, 0.8925476, -0.6968384, -0.45516968, -0.21350098, 0.028167725, 0.26983643, 0.5115051, 0.7531738, -0.83621216, -0.59454346, -0.35287476, -0.111206055, 0.13046265, 0.37213135, 0.61380005, 0.85546875, -0.73391724, -0.49224854, -0.25057983, -0.008911133, 0.23275757, 0.47442627, 0.716095, -0.873291, -0.6316223, -0.3899536, -0.14828491, 0.09338379, 0.3350525, 0.5767212, 0.8183899, -0.7709961, -0.5293274, -0.2876587, -0.04598999, 0.19567871, 0.4373474, 0.6790161, -0.9103699, -0.6687012, -0.42703247, -0.18536377, 0.05630493, 0.29797363, 0.53964233, 0.78131104, -0.80807495, -0.56640625, -0.32473755, -0.08306885, 0.15859985, 0.40026855, 0.64193726, 0.88360596, -0.70578, -0.46411133, -0.22244263, 0.019226074, 0.26089478, 0.5025635, 0.7442322, -0.8451538, -0.6034851, -0.3618164, -0.120147705, 0.121520996, 0.3631897, 0.6048584, 0.8465271, -0.7428589, -0.5011902, -0.25952148, -0.017852783, 0.22381592, 0.46548462, 0.7071533, -0.88223267, -0.64056396, -0.39889526, -0.15722656, 0.08444214, 0.32611084, 0.56777954, 0.80944824, -0.77993774, -0.53826904, -0.29660034, -0.05493164, 0.18673706, 0.42840576, 0.67007446, 0.91174316, -0.6776428, -0.43597412, -0.19430542, 0.04736328, 0.28903198, 0.5307007, 0.7723694, -0.8170166, -0.5753479, -0.3336792, -0.0920105, 0.1496582, 0.3913269, 0.6329956, 0.8746643, -0.7147217, -0.47305298, -0.23138428, 0.010284424, 0.25195313, 0.49362183, 0.7352905, -0.85409546, -0.61242676, -0.37075806, -0.12908936, 0.112579346, 0.35424805, 0.59591675, 0.83758545, -0.75180054, -0.51013184, -0.26846313, -0.026794434, 0.21487427, 0.45654297, 0.69821167, -0.8911743, -0.6495056, -0.4078369, -0.16616821, 0.07550049, 0.3171692, 0.5588379, 0.8005066, -0.7888794, -0.5472107, -0.305542, -0.06387329, 0.17779541, 0.4194641, 0.6611328, 0.9028015, -0.6865845, -0.44491577, -0.20324707, 0.03842163, 0.28009033, 0.52175903, 0.76342773, -0.82595825, -0.58428955, -0.34262085, -0.10095215, 0.14071655, 0.38238525, 0.62405396, 0.86572266, -0.72366333, -0.48199463, -0.24032593, 0.0013427734, 0.24301147, 0.48468018, 0.7263489, -0.8630371, -0.6213684, -0.3796997, -0.138031, 0.103637695, 0.3453064, 0.5869751, 0.8286438, -0.7607422, -0.5190735, -0.2774048, -0.035736084, 0.20593262, 0.44760132, 0.68927, -0.90011597, -0.65844727, -0.41677856, -0.17510986, 0.06655884, 0.30822754, 0.54989624, 0.79156494, -0.79782104, -0.55615234, -0.31448364, -0.07281494, 0.16885376, 0.41052246, 0.65219116, 0.89385986, -0.6955261, -0.45385742, -0.21218872, 0.02947998, 0.27114868, 0.5128174, 0.7544861, -0.8348999, -0.5932312, -0.3515625, -0.1098938, 0.1317749, 0.3734436, 0.6151123, 0.856781, -0.732605, -0.49093628, -0.24926758, -0.007598877, 0.23406982, 0.47573853, 0.7174072, -0.87197876, -0.63031006, -0.38864136, -0.14697266, 0.094696045, 0.33636475, 0.57803345, 0.81970215, -0.76968384, -0.52801514, -0.28634644, -0.044677734, 0.19699097, 0.43865967, 0.68032837, -0.9090576, -0.6673889, -0.4257202, -0.18405151, 0.057617188, 0.2992859, 0.5409546, 0.7826233, -0.8067627, -0.565094, -0.3234253, -0.08175659, 0.15991211, 0.4015808, 0.6432495, 0.8849182, -0.7044678, -0.46279907, -0.22113037, 0.02053833, 0.26220703, 0.50387573, 0.74554443, -0.84384155, -0.60217285, -0.36050415, -0.11883545, 0.12283325, 0.36450195, 0.60617065, 0.84783936, -0.74154663, -0.49987793, -0.25820923, -0.016540527, 0.22512817, 0.46679688, 0.7084656, -0.8809204, -0.6392517, -0.397583, -0.1559143, 0.085754395, 0.3274231, 0.5690918, 0.8107605, -0.7786255, -0.5369568, -0.2952881, -0.053619385, 0.18804932, 0.42971802, 0.6713867, 0.9130554, -0.67633057, -0.43466187, -0.19299316, 0.048675537, 0.29034424, 0.53201294, 0.77368164, -0.81570435, -0.57403564, -0.33236694, -0.09069824, 0.15097046, 0.39263916, 0.63430786, 0.87597656, -0.7134094, -0.47174072, -0.23007202, 0.01159668, 0.25326538, 0.49493408, 0.7366028, -0.8527832, -0.6111145, -0.3694458, -0.1277771, 0.1138916, 0.3555603, 0.597229, 0.8388977, -0.7504883, -0.5088196, -0.26715088, -0.025482178, 0.21618652, 0.45785522, 0.6995239, -0.88986206, -0.64819336, -0.40652466, -0.16485596, 0.076812744, 0.31848145, 0.56015015, 0.80181885, -0.78756714, -0.54589844, -0.30422974, -0.062561035, 0.17910767, 0.42077637, 0.66244507, 0.90411377, -0.6852722, -0.44360352, -0.20193481, 0.039733887, 0.2814026, 0.5230713, 0.76474, -0.824646, -0.5829773, -0.3413086, -0.09963989, 0.14202881, 0.3836975, 0.6253662, 0.8670349, -0.7223511, -0.48068237, -0.23901367, 0.0026550293, 0.24432373, 0.48599243, 0.72766113, -0.86172485, -0.62005615, -0.37838745, -0.13671875, 0.10494995, 0.34661865, 0.58828735, 0.82995605, -0.75942993, -0.51776123, -0.27609253, -0.034423828, 0.20724487, 0.44891357, 0.6905823, -0.8988037, -0.657135, -0.4154663, -0.1737976, 0.067871094, 0.3095398, 0.5512085, 0.7928772, -0.7965088, -0.5548401, -0.3131714, -0.071502686, 0.17016602, 0.41183472, 0.6535034, 0.8951721, -0.69421387, -0.45254517, -0.21087646, 0.030792236, 0.27246094, 0.51412964, 0.75579834, -0.83358765, -0.59191895, -0.35025024, -0.10858154, 0.13308716, 0.37475586, 0.61642456, 0.85809326, -0.7312927, -0.48962402, -0.24795532, -0.006286621, 0.23538208, 0.47705078, 0.7187195, -0.8706665, -0.6289978, -0.3873291, -0.1456604, 0.0960083, 0.337677, 0.5793457, 0.8210144, -0.7683716, -0.5267029, -0.28503418, -0.04336548, 0.19830322, 0.43997192, 0.6816406, -0.90774536, -0.66607666, -0.42440796, -0.18273926, 0.058929443, 0.30059814, 0.54226685, 0.78393555, -0.80545044, -0.56378174, -0.32211304, -0.080444336, 0.16122437, 0.40289307, 0.64456177, 0.88623047, -0.7031555, -0.46148682, -0.21981812, 0.021850586, 0.2635193, 0.505188, 0.7468567, -0.8425293, -0.6008606, -0.3591919, -0.11752319, 0.12414551, 0.3658142, 0.6074829, 0.8491516, -0.7402344, -0.49856567, -0.25689697, -0.0152282715, 0.22644043, 0.46810913, 0.70977783, -0.87960815, -0.63793945, -0.39627075, -0.15460205, 0.08706665, 0.32873535, 0.57040405, 0.81207275, -0.77731323, -0.53564453, -0.29397583, -0.05230713, 0.18936157, 0.43103027, 0.672699, 0.9143677, -0.6750183, -0.4333496, -0.19168091, 0.049987793, 0.2916565, 0.5333252, 0.7749939, -0.8143921, -0.5727234, -0.3310547, -0.08938599, 0.15228271, 0.39395142, 0.6356201, 0.8772888, -0.71209717, -0.47042847, -0.22875977, 0.012908936, 0.25457764, 0.49624634, 0.73791504, -0.85147095, -0.60980225, -0.36813354, -0.12646484, 0.11520386, 0.35687256, 0.59854126, 0.84020996, -0.749176, -0.5075073, -0.26583862, -0.024169922, 0.21749878, 0.45916748, 0.7008362, -0.8885498, -0.6468811, -0.4052124, -0.1635437, 0.078125, 0.3197937, 0.5614624, 0.8031311, -0.7862549, -0.5445862, -0.30291748, -0.06124878, 0.18041992, 0.42208862, 0.6637573, 0.905426, -0.68395996, -0.44229126, -0.20062256, 0.041046143, 0.28271484, 0.52438354, 0.76605225, -0.82333374, -0.58166504, -0.33999634, -0.09832764, 0.14334106, 0.38500977, 0.62667847, 0.86834717, -0.7210388, -0.47937012, -0.23770142, 0.003967285, 0.24563599, 0.4873047, 0.7289734, -0.8604126, -0.6187439, -0.3770752, -0.1354065, 0.10626221, 0.3479309, 0.5895996, 0.8312683, -0.7581177, -0.516449, -0.27478027, -0.033111572, 0.20855713, 0.45022583, 0.69189453, -0.89749146, -0.65582275, -0.41415405, -0.17248535, 0.06918335, 0.31085205, 0.55252075, 0.79418945, -0.79519653, -0.55352783, -0.31185913, -0.07019043, 0.17147827, 0.41314697, 0.6548157, 0.8964844, -0.6929016, -0.4512329, -0.20956421, 0.032104492, 0.2737732, 0.5154419, 0.7571106, -0.8322754, -0.5906067, -0.348938, -0.10726929, 0.13439941, 0.37606812, 0.6177368, 0.8594055, -0.72998047, -0.48831177, -0.24664307, -0.0049743652, 0.23669434, 0.47836304, 0.72003174, -0.86935425, -0.62768555, -0.38601685, -0.14434814, 0.09732056, 0.33898926, 0.58065796, 0.82232666, -0.7670593, -0.5253906, -0.28372192, -0.042053223, 0.19961548, 0.44128418, 0.6829529, -0.9064331, -0.6647644, -0.4230957, -0.181427, 0.0602417, 0.3019104, 0.5435791, 0.7852478, -0.8041382, -0.5624695, -0.32080078, -0.07913208, 0.16253662, 0.40420532, 0.645874, 0.8875427, -0.70184326, -0.46017456, -0.21850586, 0.023162842, 0.26483154, 0.50650024, 0.74816895, -0.84121704, -0.59954834, -0.35787964, -0.11621094, 0.12545776, 0.36712646, 0.60879517, 0.85046387, -0.7389221, -0.49725342, -0.25558472, -0.013916016, 0.22775269, 0.4694214, 0.7110901, -0.8782959, -0.6366272, -0.3949585, -0.1532898, 0.088378906, 0.3300476, 0.5717163, 0.813385, -0.776001, -0.5343323, -0.29266357, -0.050994873, 0.19067383, 0.43234253, 0.67401123, -0.91537476, -0.67370605, -0.43203735, -0.19036865, 0.05130005, 0.29296875, 0.53463745, 0.77630615, -0.81307983, -0.57141113, -0.32974243, -0.08807373, 0.15359497, 0.39526367, 0.6369324, 0.8786011, -0.7107849, -0.4691162, -0.22744751, 0.014221191, 0.2558899, 0.4975586, 0.7392273, -0.8501587, -0.60849, -0.3668213, -0.12515259, 0.11651611, 0.3581848, 0.5998535, 0.8415222, -0.74786377, -0.50619507, -0.26452637, -0.022857666, 0.21881104, 0.46047974, 0.70214844, -0.88723755, -0.64556885, -0.40390015, -0.16223145, 0.079437256, 0.32110596, 0.56277466, 0.80444336, -0.7849426, -0.5432739, -0.30160522, -0.059936523, 0.18173218, 0.42340088, 0.6650696, 0.9067383, -0.6826477, -0.440979, -0.1993103, 0.0423584, 0.2840271, 0.5256958, 0.7673645, -0.8220215, -0.5803528, -0.33868408, -0.09701538, 0.14465332, 0.38632202, 0.6279907, 0.8696594, -0.71972656, -0.47805786, -0.23638916, 0.005279541, 0.24694824, 0.48861694, 0.73028564, -0.85910034, -0.61743164, -0.37576294, -0.13409424, 0.10757446, 0.34924316, 0.59091187, 0.83258057, -0.7568054, -0.5151367, -0.27346802, -0.031799316, 0.20986938, 0.4515381, 0.6932068, -0.8961792, -0.6545105, -0.4128418, -0.1711731, 0.070495605, 0.3121643, 0.553833, 0.7955017, -0.7938843, -0.5522156, -0.31054688, -0.068878174, 0.17279053, 0.41445923, 0.6561279, 0.89779663, -0.69158936, -0.44992065, -0.20825195, 0.033416748, 0.27508545, 0.51675415, 0.75842285, -0.83096313, -0.58929443, -0.34762573, -0.10595703, 0.13571167, 0.37738037, 0.6190491, 0.8607178, -0.7286682, -0.4869995, -0.24533081, -0.0036621094, 0.23800659, 0.4796753, 0.721344, -0.868042, -0.6263733, -0.3847046, -0.14303589, 0.09863281, 0.3403015, 0.5819702, 0.8236389, -0.7657471, -0.52407837, -0.28240967, -0.040740967, 0.20092773, 0.44259644, 0.68426514, -0.90512085, -0.66345215, -0.42178345, -0.18011475, 0.061553955, 0.30322266, 0.54489136, 0.78656006, -0.8028259, -0.5611572, -0.31948853, -0.077819824, 0.16384888, 0.40551758, 0.6471863, 0.888855, -0.700531, -0.4588623, -0.2171936, 0.024475098, 0.2661438, 0.5078125, 0.7494812, -0.8399048, -0.5982361, -0.35656738, -0.11489868, 0.12677002, 0.36843872, 0.6101074, 0.8517761, -0.73760986, -0.49594116, -0.25427246, -0.01260376, 0.22906494, 0.47073364, 0.71240234, -0.87698364, -0.63531494, -0.39364624, -0.15197754, 0.08969116, 0.33135986, 0.57302856, 0.81469727, -0.7746887, -0.53302, -0.29135132, -0.049682617, 0.19198608, 0.4336548, 0.6753235, -0.9140625, -0.6723938, -0.4307251, -0.1890564, 0.052612305, 0.294281, 0.5359497, 0.7776184, -0.8117676, -0.5700989, -0.32843018, -0.086761475, 0.15490723, 0.39657593, 0.6382446, 0.87991333, -0.70947266, -0.46780396, -0.22613525, 0.015533447, 0.25720215, 0.49887085, 0.74053955, -0.84884644, -0.60717773, -0.36550903, -0.12384033, 0.11782837, 0.35949707, 0.6011658, 0.8428345, -0.7465515, -0.5048828, -0.2632141, -0.02154541, 0.22012329, 0.461792, 0.7034607, -0.8859253, -0.6442566, -0.4025879, -0.16091919, 0.08074951, 0.3224182, 0.5640869, 0.8057556, -0.7836304, -0.54196167, -0.30029297, -0.058624268, 0.18304443, 0.42471313, 0.66638184, 0.90805054, -0.68133545, -0.43966675, -0.19799805, 0.043670654, 0.28533936, 0.52700806, 0.76867676, -0.8207092, -0.5790405, -0.33737183, -0.095703125, 0.14596558, 0.38763428, 0.629303, 0.8709717, -0.7184143, -0.4767456, -0.2350769, 0.006591797, 0.2482605, 0.4899292, 0.7315979, -0.8577881, -0.6161194, -0.37445068, -0.13278198, 0.10888672, 0.35055542, 0.5922241, 0.8338928, -0.75549316, -0.51382446, -0.27215576, -0.03048706, 0.21118164, 0.45285034, 0.69451904, -0.89486694, -0.65319824, -0.41152954, -0.16986084, 0.07180786, 0.31347656, 0.55514526, 0.79681396, -0.792572, -0.5509033, -0.30923462, -0.06756592, 0.17410278, 0.41577148, 0.6574402, 0.8991089, -0.6902771, -0.4486084, -0.2069397, 0.034729004, 0.2763977, 0.5180664, 0.7597351, -0.8296509, -0.5879822, -0.34631348, -0.104644775, 0.13702393, 0.37869263, 0.6203613, 0.86203, -0.72735596, -0.48568726, -0.24401855, -0.0023498535, 0.23931885, 0.48098755, 0.72265625, -0.86672974, -0.62506104, -0.38339233, -0.14172363, 0.09994507, 0.34161377, 0.5832825, 0.8249512, -0.7644348, -0.5227661, -0.2810974, -0.03942871, 0.20223999, 0.4439087, 0.6855774, -0.9038086, -0.6621399, -0.4204712, -0.17880249, 0.06286621, 0.3045349, 0.5462036, 0.7878723, -0.8015137, -0.559845, -0.31817627, -0.07650757, 0.16516113, 0.40682983, 0.64849854, 0.89016724, -0.69921875, -0.45755005, -0.21588135, 0.025787354, 0.26745605, 0.50912476, 0.75079346, -0.8385925, -0.5969238, -0.35525513, -0.113586426, 0.12808228, 0.36975098, 0.6114197, 0.8530884, -0.7362976, -0.4946289, -0.2529602, -0.011291504, 0.2303772, 0.4720459, 0.7137146, -0.8756714, -0.6340027, -0.39233398, -0.15066528, 0.09100342, 0.33267212, 0.5743408, 0.8160095, -0.77337646, -0.53170776, -0.29003906, -0.04837036, 0.19329834, 0.43496704, 0.67663574, -0.91275024, -0.67108154, -0.42941284, -0.18774414, 0.05392456, 0.29559326, 0.53726196, 0.77893066, -0.8104553, -0.5687866, -0.32711792, -0.08544922, 0.15621948, 0.39788818, 0.6395569, 0.8812256, -0.7081604, -0.4664917, -0.224823, 0.016845703, 0.2585144, 0.5001831, 0.7418518, -0.8475342, -0.6058655, -0.36419678, -0.122528076, 0.119140625, 0.36080933, 0.602478, 0.8441467, -0.74523926, -0.50357056, -0.26190186, -0.020233154, 0.22143555, 0.46310425, 0.70477295, -0.88461304, -0.64294434, -0.40127563, -0.15960693, 0.08206177, 0.32373047, 0.56539917, 0.8070679, -0.7823181, -0.5406494, -0.2989807, -0.05731201, 0.18435669, 0.4260254, 0.6676941, 0.9093628, -0.6800232, -0.4383545, -0.19668579, 0.04498291, 0.2866516, 0.5283203, 0.769989, -0.819397, -0.5777283, -0.33605957, -0.09439087, 0.14727783, 0.38894653, 0.63061523, 0.87228394, -0.71710205, -0.47543335, -0.23376465, 0.007904053, 0.24957275, 0.49124146, 0.73291016, -0.85647583, -0.6148071, -0.37313843, -0.13146973, 0.110198975, 0.35186768, 0.5935364, 0.8352051, -0.7541809, -0.5125122, -0.2708435, -0.029174805, 0.2124939, 0.4541626, 0.6958313, -0.8935547, -0.651886, -0.4102173, -0.16854858, 0.07312012, 0.31478882, 0.5564575, 0.7981262, -0.79125977, -0.54959106, -0.30792236, -0.06625366, 0.17541504, 0.41708374, 0.65875244, 0.90042114, -0.68896484, -0.44729614, -0.20562744, 0.03604126, 0.27770996, 0.51937866, 0.76104736, -0.8283386, -0.5866699, -0.34500122, -0.10333252, 0.13833618, 0.38000488, 0.6216736, 0.8633423, -0.7260437, -0.484375, -0.2427063, -0.0010375977, 0.2406311, 0.4822998, 0.7239685, -0.8654175, -0.6237488, -0.38208008, -0.14041138, 0.101257324, 0.34292603, 0.5845947, 0.8262634, -0.76312256, -0.52145386, -0.27978516, -0.038116455, 0.20355225, 0.44522095, 0.68688965, -0.90249634, -0.66082764, -0.41915894, -0.17749023, 0.06417847, 0.30584717, 0.54751587, 0.7891846, -0.8002014, -0.5585327, -0.316864, -0.07519531, 0.16647339, 0.4081421, 0.6498108, 0.8914795, -0.6979065, -0.4562378, -0.21456909, 0.02709961, 0.2687683, 0.510437, 0.7521057, -0.8372803, -0.5956116, -0.35394287, -0.11227417, 0.12939453, 0.37106323, 0.61273193, 0.85440063, -0.73498535, -0.49331665, -0.25164795, -0.009979248, 0.23168945, 0.47335815, 0.71502686, -0.87435913, -0.6326904, -0.39102173, -0.14935303, 0.092315674, 0.33398438, 0.5756531, 0.8173218, -0.7720642, -0.5303955, -0.2887268, -0.047058105, 0.1946106, 0.4362793, 0.677948, -0.911438, -0.6697693, -0.4281006, -0.18643188, 0.055236816, 0.29690552, 0.5385742, 0.7802429, -0.80914307, -0.56747437, -0.32580566, -0.08413696, 0.15753174, 0.39920044, 0.64086914, 0.88253784, -0.70684814, -0.46517944, -0.22351074, 0.018157959, 0.25982666, 0.50149536, 0.74316406, -0.8462219, -0.6045532, -0.36288452, -0.12121582, 0.12045288, 0.36212158, 0.6037903, 0.845459, -0.743927, -0.5022583, -0.2605896, -0.018920898, 0.2227478, 0.4644165, 0.7060852, -0.8833008, -0.6416321, -0.39996338, -0.15829468, 0.08337402, 0.32504272, 0.5667114, 0.8083801, -0.78100586, -0.53933716, -0.29766846, -0.055999756, 0.18566895, 0.42733765, 0.66900635, 0.91067505, -0.67871094, -0.43704224, -0.19537354, 0.046295166, 0.28796387, 0.52963257, 0.77130127, -0.8180847, -0.576416, -0.3347473, -0.09307861, 0.14859009, 0.3902588, 0.6319275, 0.8735962, -0.7157898, -0.4741211, -0.2324524, 0.009216309, 0.250885, 0.4925537, 0.7342224, -0.8551636, -0.6134949, -0.37182617, -0.13015747, 0.11151123, 0.35317993, 0.59484863, 0.83651733, -0.75286865, -0.51119995, -0.26953125, -0.027862549, 0.21380615, 0.45547485, 0.69714355, -0.89224243, -0.65057373, -0.40890503, -0.16723633, 0.07443237, 0.31610107, 0.5577698, 0.7994385, -0.7899475, -0.5482788, -0.3066101, -0.064941406, 0.1767273, 0.418396, 0.6600647, 0.9017334, -0.6876526, -0.4459839, -0.20431519, 0.037353516, 0.27902222, 0.5206909, 0.7623596, -0.82702637, -0.58535767, -0.34368896, -0.10202026, 0.13964844, 0.38131714, 0.62298584, 0.86465454, -0.72473145, -0.48306274, -0.24139404, 0.0002746582, 0.24194336, 0.48361206, 0.72528076, -0.8641052, -0.6224365, -0.38076782, -0.13909912, 0.10256958, 0.34423828, 0.585907, 0.8275757, -0.7618103, -0.5201416, -0.2784729, -0.0368042, 0.2048645, 0.4465332, 0.6882019, -0.9011841, -0.6595154, -0.41784668, -0.17617798, 0.06549072, 0.30715942, 0.5488281, 0.7904968, -0.79888916, -0.55722046, -0.31555176, -0.07388306, 0.16778564, 0.40945435, 0.65112305, 0.89279175, -0.69659424, -0.45492554, -0.21325684, 0.028411865, 0.27008057, 0.51174927, 0.75341797, -0.835968, -0.5942993, -0.35263062, -0.110961914, 0.13070679, 0.3723755, 0.6140442, 0.8557129, -0.7336731, -0.4920044, -0.2503357, -0.008666992, 0.23300171, 0.4746704, 0.7163391, -0.8730469, -0.6313782, -0.38970947, -0.14804077, 0.09362793, 0.33529663, 0.57696533, 0.81863403, -0.77075195, -0.52908325, -0.28741455, -0.04574585, 0.19592285, 0.43759155, 0.67926025, -0.91012573, -0.66845703, -0.42678833, -0.18511963, 0.056549072, 0.29821777, 0.5398865, 0.7815552, -0.8078308, -0.5661621, -0.3244934, -0.08282471, 0.158844, 0.4005127, 0.6421814, 0.8838501, -0.7055359, -0.4638672, -0.22219849, 0.019470215, 0.26113892, 0.5028076, 0.7444763, -0.84490967, -0.60324097, -0.36157227, -0.119903564, 0.12176514, 0.36343384, 0.60510254, 0.84677124, -0.74261475, -0.50094604, -0.25927734, -0.017608643, 0.22406006, 0.46572876, 0.70739746, -0.8819885, -0.6403198, -0.39865112, -0.15698242, 0.08468628, 0.32635498, 0.5680237, 0.8096924, -0.7796936, -0.5380249, -0.2963562, -0.0546875, 0.1869812, 0.4286499, 0.6703186, 0.9119873, -0.6773987, -0.43572998, -0.19406128, 0.047607422, 0.28927612, 0.5309448, 0.7726135, -0.81677246, -0.57510376, -0.33343506, -0.09176636, 0.14990234, 0.39157104, 0.63323975, 0.87490845, -0.71447754, -0.47280884, -0.23114014, 0.010528564, 0.25219727, 0.49386597, 0.73553467, -0.8538513, -0.6121826, -0.37051392, -0.12884521, 0.11282349, 0.3544922, 0.5961609, 0.8378296, -0.7515564, -0.5098877, -0.268219, -0.026550293, 0.21511841, 0.4567871, 0.6984558, -0.8909302, -0.6492615, -0.40759277, -0.16592407, 0.07574463, 0.31741333, 0.55908203, 0.80075073, -0.78863525, -0.54696655, -0.30529785, -0.06362915, 0.17803955, 0.41970825, 0.66137695, 0.90304565, -0.68634033, -0.44467163, -0.20300293, 0.03866577, 0.28033447, 0.5220032, 0.7636719, -0.8257141, -0.5840454, -0.3423767, -0.10070801, 0.1409607, 0.3826294, 0.6242981, 0.8659668, -0.7234192, -0.4817505, -0.24008179, 0.0015869141, 0.24325562, 0.48492432, 0.726593, -0.86279297, -0.62112427, -0.37945557, -0.13778687, 0.103881836, 0.34555054, 0.58721924, 0.82888794, -0.76049805, -0.51882935, -0.27716064, -0.035491943, 0.20617676, 0.44784546, 0.68951416, -0.8998718, -0.6582031, -0.41653442, -0.17486572, 0.06680298, 0.30847168, 0.5501404, 0.7918091, -0.7975769, -0.5559082, -0.3142395, -0.0725708, 0.1690979, 0.4107666, 0.6524353, 0.894104, -0.695282, -0.45361328, -0.21194458, 0.029724121, 0.27139282, 0.5130615, 0.7547302, -0.83465576, -0.59298706, -0.35131836, -0.10964966, 0.13201904, 0.37368774, 0.61535645, 0.85702515, -0.73236084, -0.49069214, -0.24902344, -0.0073547363, 0.23431396, 0.47598267, 0.71765137, -0.8717346, -0.6300659, -0.38839722, -0.14672852, 0.094940186, 0.3366089, 0.5782776, 0.8199463, -0.7694397, -0.527771, -0.2861023, -0.044433594, 0.1972351, 0.4389038, 0.6805725, -0.9088135, -0.6671448, -0.42547607, -0.18380737, 0.057861328, 0.29953003, 0.54119873, 0.78286743, -0.80651855, -0.56484985, -0.32318115, -0.08151245, 0.16015625, 0.40182495, 0.64349365, 0.88516235, -0.70422363, -0.46255493, -0.22088623, 0.02078247, 0.26245117, 0.5041199, 0.7457886, -0.8435974, -0.6019287, -0.36026, -0.11859131, 0.12307739, 0.3647461, 0.6064148, 0.8480835, -0.7413025, -0.4996338, -0.2579651, -0.016296387, 0.22537231, 0.46704102, 0.7087097, -0.88067627, -0.63900757, -0.39733887, -0.15567017, 0.085998535, 0.32766724, 0.56933594, 0.81100464, -0.77838135, -0.53671265, -0.29504395, -0.053375244, 0.18829346, 0.42996216, 0.67163086, 0.91329956, -0.6760864, -0.43441772, -0.19274902, 0.048919678, 0.29058838, 0.5322571, 0.7739258, -0.8154602, -0.5737915, -0.3321228, -0.0904541, 0.1512146, 0.3928833, 0.634552, 0.8762207, -0.7131653, -0.47149658, -0.22982788, 0.01184082, 0.25350952, 0.49517822, 0.7368469, -0.85253906, -0.61087036, -0.36920166, -0.12753296, 0.11413574, 0.35580444, 0.59747314, 0.83914185, -0.75024414, -0.50857544, -0.26690674, -0.025238037, 0.21643066, 0.45809937, 0.69976807, -0.8896179, -0.6479492, -0.40628052, -0.16461182, 0.077056885, 0.3187256, 0.5603943, 0.802063, -0.787323, -0.5456543, -0.3039856, -0.062316895, 0.1793518, 0.4210205, 0.6626892, 0.9043579, -0.6850281, -0.44335938, -0.20169067, 0.039978027, 0.28164673, 0.5233154, 0.76498413, -0.82440186, -0.58273315, -0.34106445, -0.09939575, 0.14227295, 0.38394165, 0.62561035, 0.86727905, -0.72210693, -0.48043823, -0.23876953, 0.00289917, 0.24456787, 0.48623657, 0.7279053, -0.8614807, -0.619812, -0.3781433, -0.13647461, 0.10519409, 0.3468628, 0.5885315, 0.8302002, -0.7591858, -0.5175171, -0.2758484, -0.034179688, 0.20748901, 0.4491577, 0.6908264, -0.8985596, -0.65689087, -0.41522217, -0.17355347, 0.068115234, 0.30978394, 0.55145264, 0.79312134, -0.79626465, -0.55459595, -0.31292725, -0.071258545, 0.17041016, 0.41207886, 0.65374756, 0.89541626, -0.6939697, -0.45230103, -0.21063232, 0.031036377, 0.27270508, 0.5143738, 0.7560425, -0.8333435, -0.5916748, -0.3500061, -0.1083374, 0.1333313, 0.375, 0.6166687, 0.8583374, -0.7310486, -0.48937988, -0.24771118, -0.0060424805, 0.23562622, 0.47729492, 0.7189636, -0.87042236, -0.62875366, -0.38708496, -0.14541626, 0.09625244, 0.33792114, 0.57958984, 0.82125854, -0.76812744, -0.52645874, -0.28479004, -0.043121338, 0.19854736, 0.44021606, 0.68188477, -0.9075012, -0.6658325, -0.42416382, -0.18249512, 0.059173584, 0.3008423, 0.542511, 0.7841797, -0.8052063, -0.5635376, -0.3218689, -0.080200195, 0.1614685, 0.4031372, 0.6448059, 0.8864746, -0.7029114, -0.46124268, -0.21957397, 0.022094727, 0.26376343, 0.5054321, 0.74710083, -0.84228516, -0.60061646, -0.35894775, -0.11727905, 0.12438965, 0.36605835, 0.60772705, 0.84939575, -0.73999023, -0.49832153, -0.25665283, -0.014984131, 0.22668457, 0.46835327, 0.710022, -0.879364, -0.6376953, -0.3960266, -0.15435791, 0.08731079, 0.3289795, 0.5706482, 0.8123169, -0.7770691, -0.5354004, -0.2937317, -0.05206299, 0.18960571, 0.4312744, 0.6729431, 0.9146118, -0.67477417, -0.43310547, -0.19143677, 0.050231934, 0.29190063, 0.53356934, 0.77523804, -0.81414795, -0.57247925, -0.33081055, -0.089141846, 0.15252686, 0.39419556, 0.63586426, 0.87753296, -0.711853, -0.47018433, -0.22851563, 0.013153076, 0.25482178, 0.49649048, 0.7381592, -0.8512268, -0.6095581, -0.3678894, -0.1262207, 0.115448, 0.3571167, 0.5987854, 0.8404541, -0.7489319, -0.5072632, -0.26559448, -0.023925781, 0.21774292, 0.45941162, 0.7010803, -0.88830566, -0.64663696, -0.40496826, -0.16329956, 0.07836914, 0.32003784, 0.56170654, 0.80337524, -0.78601074, -0.54434204, -0.30267334, -0.06100464, 0.18066406, 0.42233276, 0.66400146, 0.90567017, -0.6837158, -0.44204712, -0.20037842, 0.041290283, 0.28295898, 0.5246277, 0.7662964, -0.8230896, -0.5814209, -0.3397522, -0.098083496, 0.1435852, 0.3852539, 0.6269226, 0.8685913, -0.7207947, -0.47912598, -0.23745728, 0.004211426, 0.24588013, 0.48754883, 0.7292175, -0.86016846, -0.61849976, -0.37683105, -0.13516235, 0.10650635, 0.34817505, 0.58984375, 0.83151245, -0.75787354, -0.51620483, -0.27453613, -0.03286743, 0.20880127, 0.45046997, 0.6921387, -0.8972473, -0.6555786, -0.4139099, -0.17224121, 0.06942749, 0.3110962, 0.5527649, 0.7944336, -0.7949524, -0.5532837, -0.311615, -0.06994629, 0.17172241, 0.4133911, 0.6550598, 0.8967285, -0.6926575, -0.45098877, -0.20932007, 0.032348633, 0.27401733, 0.51568604, 0.75735474, -0.83203125, -0.59036255, -0.34869385, -0.10702515, 0.13464355, 0.37631226, 0.61798096, 0.85964966, -0.7297363, -0.48806763, -0.24639893, -0.0047302246, 0.23693848, 0.47860718, 0.7202759, -0.8691101, -0.6274414, -0.3857727, -0.144104, 0.0975647, 0.3392334, 0.5809021, 0.8225708, -0.7668152, -0.5251465, -0.28347778, -0.041809082, 0.19985962, 0.44152832, 0.683197, -0.90618896, -0.66452026, -0.42285156, -0.18118286, 0.06048584, 0.30215454, 0.54382324, 0.78549194, -0.80389404, -0.56222534, -0.32055664, -0.07888794, 0.16278076, 0.40444946, 0.64611816, 0.88778687, -0.7015991, -0.45993042, -0.21826172, 0.023406982, 0.26507568, 0.5067444, 0.7484131, -0.8409729, -0.5993042, -0.3576355, -0.1159668, 0.1257019, 0.3673706, 0.6090393, 0.850708, -0.738678, -0.49700928, -0.25534058, -0.013671875, 0.22799683, 0.46966553, 0.7113342, -0.87805176, -0.63638306, -0.39471436, -0.15304565, 0.08862305, 0.33029175, 0.57196045, 0.81362915, -0.77575684, -0.53408813, -0.29241943, -0.050750732, 0.19091797, 0.43258667, 0.6742554, -0.9151306, -0.6734619, -0.4317932, -0.19012451, 0.05154419, 0.2932129, 0.5348816, 0.7765503, -0.8128357, -0.571167, -0.3294983, -0.08782959, 0.15383911, 0.3955078, 0.6371765, 0.8788452, -0.7105408, -0.46887207, -0.22720337, 0.014465332, 0.25613403, 0.49780273, 0.73947144, -0.84991455, -0.60824585, -0.36657715, -0.12490845, 0.116760254, 0.35842896, 0.60009766, 0.84176636, -0.7476196, -0.5059509, -0.26428223, -0.022613525, 0.21905518, 0.46072388, 0.7023926, -0.8869934, -0.6453247, -0.403656, -0.1619873, 0.0796814, 0.3213501, 0.5630188, 0.8046875, -0.7846985, -0.5430298, -0.30136108, -0.059692383, 0.18197632, 0.42364502, 0.6653137, 0.9069824, -0.68240356, -0.44073486, -0.19906616, 0.04260254, 0.28427124, 0.52593994, 0.76760864, -0.82177734, -0.58010864, -0.33843994, -0.09677124, 0.14489746, 0.38656616, 0.62823486, 0.86990356, -0.7194824, -0.47781372, -0.23614502, 0.0055236816, 0.24719238, 0.48886108, 0.7305298, -0.8588562, -0.6171875, -0.3755188, -0.1338501, 0.1078186, 0.3494873, 0.591156, 0.8328247, -0.7565613, -0.5148926, -0.27322388, -0.031555176, 0.21011353, 0.45178223, 0.6934509, -0.89593506, -0.65426636, -0.41259766, -0.17092896, 0.070739746, 0.31240845, 0.55407715, 0.79574585, -0.79364014, -0.55197144, -0.31030273, -0.06863403, 0.17303467, 0.41470337, 0.6563721, 0.8980408, -0.6913452, -0.4496765, -0.20800781, 0.03366089, 0.2753296, 0.5169983, 0.758667, -0.830719, -0.5890503, -0.3473816, -0.10571289, 0.13595581, 0.3776245, 0.6192932, 0.8609619, -0.7284241, -0.48675537, -0.24508667, -0.0034179688, 0.23825073, 0.47991943, 0.72158813, -0.86779785, -0.62612915, -0.38446045, -0.14279175, 0.09887695, 0.34054565, 0.58221436, 0.82388306, -0.7655029, -0.5238342, -0.28216553, -0.040496826, 0.20117188, 0.44284058, 0.6845093, -0.9048767, -0.663208, -0.4215393, -0.1798706, 0.061798096, 0.3034668, 0.5451355, 0.7868042, -0.8025818, -0.5609131, -0.31924438, -0.07757568, 0.16409302, 0.40576172, 0.6474304, 0.8890991, -0.70028687, -0.45861816, -0.21694946, 0.024719238, 0.26638794, 0.50805664, 0.74972534, -0.83966064, -0.59799194, -0.35632324, -0.11465454, 0.12701416, 0.36868286, 0.61035156, 0.85202026, -0.7373657, -0.49569702, -0.25402832, -0.012359619, 0.22930908, 0.47097778, 0.7126465, -0.8767395, -0.6350708, -0.3934021, -0.1517334, 0.0899353, 0.331604, 0.5732727, 0.8149414, -0.7744446, -0.5327759, -0.29110718, -0.049438477, 0.19223022, 0.43389893, 0.6755676, -0.91381836, -0.67214966, -0.43048096, -0.18881226, 0.052856445, 0.29452515, 0.53619385, 0.77786255, -0.81152344, -0.56985474, -0.32818604, -0.086517334, 0.15515137, 0.39682007, 0.63848877, 0.8801575, -0.7092285, -0.4675598, -0.22589111, 0.015777588, 0.2574463, 0.499115, 0.7407837, -0.8486023, -0.6069336, -0.3652649, -0.12359619, 0.11807251, 0.3597412, 0.6014099, 0.8430786, -0.7463074, -0.5046387, -0.26296997, -0.02130127, 0.22036743, 0.46203613, 0.70370483, -0.88568115, -0.64401245, -0.40234375, -0.16067505, 0.08099365, 0.32266235, 0.56433105, 0.80599976, -0.78338623, -0.5417175, -0.30004883, -0.058380127, 0.18328857, 0.42495728, 0.666626, 0.9082947, -0.6810913, -0.4394226, -0.1977539, 0.043914795, 0.2855835, 0.5272522, 0.7689209, -0.8204651, -0.5787964, -0.3371277, -0.095458984, 0.14620972, 0.38787842, 0.6295471, 0.8712158, -0.71817017, -0.47650146, -0.23483276, 0.0068359375, 0.24850464, 0.49017334, 0.73184204, -0.85754395, -0.61587524, -0.37420654, -0.13253784, 0.10913086, 0.35079956, 0.59246826, 0.83413696, -0.755249, -0.5135803, -0.27191162, -0.03024292, 0.21142578, 0.45309448, 0.6947632, -0.8946228, -0.6529541, -0.4112854, -0.1696167, 0.072052, 0.3137207, 0.5553894, 0.7970581, -0.7923279, -0.5506592, -0.30899048, -0.06732178, 0.17434692, 0.41601563, 0.6576843, 0.899353, -0.69003296, -0.44836426, -0.20669556, 0.034973145, 0.27664185, 0.51831055, 0.75997925, -0.82940674, -0.58773804, -0.34606934, -0.104400635, 0.13726807, 0.37893677, 0.62060547, 0.86227417, -0.7271118, -0.48544312, -0.24377441, -0.002105713, 0.23956299, 0.4812317, 0.7229004, -0.8664856, -0.6248169, -0.3831482, -0.14147949, 0.10018921, 0.3418579, 0.5835266, 0.8251953, -0.7641907, -0.522522, -0.28085327, -0.03918457, 0.20248413, 0.44415283, 0.68582153, -0.90356445, -0.66189575, -0.42022705, -0.17855835, 0.06311035, 0.30477905, 0.54644775, 0.78811646, -0.80126953, -0.55960083, -0.31793213, -0.07626343, 0.16540527, 0.40707397, 0.6487427, 0.8904114, -0.6989746, -0.4573059, -0.2156372, 0.026031494, 0.2677002, 0.5093689, 0.7510376, -0.8383484, -0.5966797, -0.355011, -0.113342285, 0.12832642, 0.36999512, 0.6116638, 0.8533325, -0.73605347, -0.49438477, -0.25271606, -0.011047363, 0.23062134, 0.47229004, 0.71395874, -0.87542725, -0.63375854, -0.39208984, -0.15042114, 0.09124756, 0.33291626, 0.57458496, 0.81625366, -0.7731323, -0.5314636, -0.28979492, -0.04812622, 0.19354248, 0.43521118, 0.6768799, -0.9125061, -0.6708374, -0.4291687, -0.1875, 0.0541687, 0.2958374, 0.5375061, 0.7791748, -0.8102112, -0.5685425, -0.32687378, -0.08520508, 0.15646362, 0.39813232, 0.639801, 0.8814697, -0.70791626, -0.46624756, -0.22457886, 0.017089844, 0.25875854, 0.50042725, 0.74209595, -0.84729004, -0.60562134, -0.36395264, -0.122283936, 0.119384766, 0.36105347, 0.60272217, 0.84439087, -0.7449951, -0.5033264, -0.2616577, -0.019989014, 0.22167969, 0.4633484, 0.7050171, -0.8843689, -0.6427002, -0.4010315, -0.1593628, 0.08230591, 0.3239746, 0.5656433, 0.807312, -0.782074, -0.5404053, -0.29873657, -0.05706787, 0.18460083, 0.42626953, 0.66793823, 0.90960693, -0.67977905, -0.43811035, -0.19644165, 0.04522705, 0.28689575, 0.52856445, 0.77023315, -0.81915283, -0.57748413, -0.33581543, -0.09414673, 0.14752197, 0.38919067, 0.6308594, 0.8725281, -0.7168579, -0.4751892, -0.23352051, 0.008148193, 0.2498169, 0.4914856, 0.7331543, -0.8562317, -0.614563, -0.3728943, -0.13122559, 0.110443115, 0.35211182, 0.5937805, 0.8354492, -0.75393677, -0.51226807, -0.27059937, -0.028930664, 0.21273804, 0.45440674, 0.69607544, -0.89331055, -0.65164185, -0.40997314, -0.16830444, 0.07336426, 0.31503296, 0.55670166, 0.79837036, -0.7910156, -0.5493469, -0.30767822, -0.06600952, 0.17565918, 0.41732788, 0.6589966, 0.9006653, -0.6887207, -0.447052, -0.2053833, 0.0362854, 0.2779541, 0.5196228, 0.7612915, -0.8280945, -0.5864258, -0.34475708, -0.10308838, 0.13858032, 0.38024902, 0.6219177, 0.8635864, -0.72579956, -0.48413086, -0.24246216, -0.00079345703, 0.24087524, 0.48254395, 0.72421265, -0.86517334, -0.62350464, -0.38183594, -0.14016724, 0.101501465, 0.34317017, 0.58483887, 0.82650757, -0.7628784, -0.5212097, -0.27954102, -0.037872314, 0.20379639, 0.4454651, 0.6871338, -0.9022522, -0.6605835, -0.4189148, -0.1772461, 0.06442261, 0.3060913, 0.54776, 0.7894287, -0.7999573, -0.5582886, -0.31661987, -0.07495117, 0.16671753, 0.40838623, 0.65005493, 0.89172363, -0.69766235, -0.45599365, -0.21432495, 0.02734375, 0.26901245, 0.51068115, 0.75234985, -0.83703613, -0.59536743, -0.35369873, -0.11203003, 0.12963867, 0.37130737, 0.6129761, 0.8546448, -0.7347412, -0.4930725, -0.2514038, -0.009735107, 0.2319336, 0.4736023, 0.715271, -0.874115, -0.6324463, -0.3907776, -0.14910889, 0.092559814, 0.33422852, 0.5758972, 0.8175659, -0.77182007, -0.53015137, -0.28848267, -0.046813965, 0.19485474, 0.43652344, 0.67819214, -0.91119385, -0.66952515, -0.42785645, -0.18618774, 0.055480957, 0.29714966, 0.53881836, 0.78048706, -0.8088989, -0.5672302, -0.32556152, -0.08389282, 0.15777588, 0.39944458, 0.6411133, 0.882782, -0.706604, -0.4649353, -0.2232666, 0.0184021, 0.2600708, 0.5017395, 0.7434082, -0.8459778, -0.6043091, -0.36264038, -0.12097168, 0.12069702, 0.36236572, 0.6040344, 0.8457031, -0.74368286, -0.50201416, -0.26034546, -0.018676758, 0.22299194, 0.46466064, 0.70632935, -0.88305664, -0.64138794, -0.39971924, -0.15805054, 0.083618164, 0.32528687, 0.56695557, 0.80862427, -0.7807617, -0.539093, -0.29742432, -0.055755615, 0.18591309, 0.4275818, 0.6692505, 0.9109192, -0.6784668, -0.4367981, -0.1951294, 0.046539307, 0.288208, 0.5298767, 0.7715454, -0.8178406, -0.5761719, -0.33450317, -0.09283447, 0.14883423, 0.39050293, 0.63217163, 0.87384033, -0.71554565, -0.47387695, -0.23220825, 0.009460449, 0.25112915, 0.49279785, 0.73446655, -0.85491943, -0.61325073, -0.37158203, -0.12991333, 0.11175537, 0.35342407, 0.5950928, 0.8367615, -0.7526245, -0.5109558, -0.2692871, -0.027618408, 0.2140503, 0.455719, 0.6973877, -0.8919983, -0.6503296, -0.4086609, -0.16699219, 0.07467651, 0.3163452, 0.5580139, 0.7996826, -0.78970337, -0.54803467, -0.30636597, -0.064697266, 0.17697144, 0.41864014, 0.66030884, 0.90197754, -0.68740845, -0.44573975, -0.20407104, 0.037597656, 0.27926636, 0.52093506, 0.76260376, -0.8267822, -0.5851135, -0.34344482, -0.10177612, 0.13989258, 0.38156128, 0.62323, 0.8648987, -0.7244873, -0.4828186, -0.2411499, 0.0005187988, 0.2421875, 0.4838562, 0.7255249, -0.8638611, -0.6221924, -0.38052368, -0.13885498, 0.10281372, 0.34448242, 0.5861511, 0.8278198, -0.76156616, -0.51989746, -0.27822876, -0.03656006, 0.20510864, 0.44677734, 0.68844604, -0.90093994, -0.65927124, -0.41760254, -0.17593384, 0.06573486, 0.30740356, 0.54907227, 0.79074097, -0.798645, -0.5569763, -0.31530762, -0.073638916, 0.16802979, 0.4096985, 0.6513672, 0.8930359, -0.6963501, -0.4546814, -0.2130127, 0.028656006, 0.2703247, 0.5119934, 0.7536621, -0.8357239, -0.5940552, -0.35238647, -0.11071777, 0.13095093, 0.37261963, 0.61428833, 0.85595703, -0.73342896, -0.49176025, -0.25009155, -0.008422852, 0.23324585, 0.47491455, 0.71658325, -0.87280273, -0.63113403, -0.38946533, -0.14779663, 0.09387207, 0.33554077, 0.5772095, 0.8188782, -0.7705078, -0.5288391, -0.2871704, -0.04550171, 0.19616699, 0.4378357, 0.6795044, -0.9098816, -0.6682129, -0.4265442, -0.18487549, 0.056793213, 0.2984619, 0.5401306, 0.7817993, -0.80758667, -0.56591797, -0.32424927, -0.08258057, 0.15908813, 0.40075684, 0.64242554, 0.88409424, -0.70529175, -0.46362305, -0.22195435, 0.019714355, 0.26138306, 0.50305176, 0.74472046, -0.8446655, -0.6029968, -0.36132813, -0.119659424, 0.12200928, 0.36367798, 0.6053467, 0.8470154, -0.7423706, -0.5007019, -0.2590332, -0.017364502, 0.2243042, 0.4659729, 0.7076416, -0.8817444, -0.6400757, -0.39840698, -0.15673828, 0.08493042, 0.32659912, 0.5682678, 0.8099365, -0.77944946, -0.53778076, -0.29611206, -0.05444336, 0.18722534, 0.42889404, 0.67056274, 0.91223145, -0.67715454, -0.43548584, -0.19381714, 0.047851563, 0.28952026, 0.53118896, 0.77285767, -0.8165283, -0.5748596, -0.33319092, -0.09152222, 0.15014648, 0.3918152, 0.6334839, 0.8751526, -0.7142334, -0.4725647, -0.230896, 0.010772705, 0.2524414, 0.4941101, 0.7357788, -0.8536072, -0.6119385, -0.37026978, -0.12860107, 0.11306763, 0.35473633, 0.596405, 0.83807373, -0.75131226, -0.50964355, -0.26797485, -0.026306152, 0.21536255, 0.45703125, 0.69869995, -0.89068604, -0.64901733, -0.40734863, -0.16567993, 0.07598877, 0.31765747, 0.5593262, 0.8009949, -0.7883911, -0.5467224, -0.3050537, -0.06338501, 0.17828369, 0.4199524, 0.6616211, 0.9032898, -0.6860962, -0.4444275, -0.20275879, 0.038909912, 0.2805786, 0.5222473, 0.763916, -0.82547, -0.58380127, -0.34213257, -0.10046387, 0.14120483, 0.38287354, 0.62454224, 0.86621094, -0.72317505, -0.48150635, -0.23983765, 0.0018310547, 0.24349976, 0.48516846, 0.72683716, -0.8625488, -0.6208801, -0.37921143, -0.13754272, 0.10412598, 0.34579468, 0.5874634, 0.8291321, -0.7602539, -0.5185852, -0.2769165, -0.035247803, 0.2064209, 0.4480896, 0.6897583, -0.8996277, -0.657959, -0.41629028, -0.17462158, 0.06704712, 0.30871582, 0.5503845, 0.7920532, -0.79733276, -0.55566406, -0.31399536, -0.07232666, 0.16934204, 0.41101074, 0.65267944, 0.89434814, -0.69503784, -0.45336914, -0.21170044, 0.029968262, 0.27163696, 0.51330566, 0.75497437, -0.8344116, -0.5927429, -0.35107422, -0.10940552, 0.13226318, 0.37393188, 0.6156006, 0.8572693, -0.7321167, -0.490448, -0.2487793, -0.0071105957, 0.2345581, 0.4762268, 0.7178955, -0.8714905, -0.6298218, -0.38815308, -0.14648438, 0.095184326, 0.33685303, 0.5785217, 0.8201904, -0.76919556, -0.52752686, -0.28585815, -0.044189453, 0.19747925, 0.43914795, 0.68081665, -0.90856934, -0.66690063, -0.42523193, -0.18356323, 0.05810547, 0.29977417, 0.5414429, 0.7831116, -0.8062744, -0.5646057, -0.322937, -0.08126831, 0.16040039, 0.4020691, 0.6437378, 0.8854065, -0.7039795, -0.4623108, -0.22064209, 0.021026611, 0.2626953, 0.504364, 0.7460327, -0.8433533, -0.6016846, -0.36001587, -0.11834717, 0.12332153, 0.36499023, 0.60665894, 0.84832764, -0.74105835, -0.49938965, -0.25772095, -0.016052246, 0.22561646, 0.46728516, 0.70895386, -0.8804321, -0.6387634, -0.39709473, -0.15542603, 0.086242676, 0.32791138, 0.5695801, 0.8112488, -0.7781372, -0.5364685, -0.2947998, -0.053131104, 0.1885376, 0.4302063, 0.671875, 0.9135437, -0.6758423, -0.43417358, -0.19250488, 0.04916382, 0.29083252, 0.5325012, 0.7741699, -0.81521606, -0.57354736, -0.33187866, -0.09020996, 0.15145874, 0.39312744, 0.63479614, 0.87646484, -0.71292114, -0.47125244, -0.22958374, 0.012084961, 0.25375366, 0.49542236, 0.73709106, -0.8522949, -0.6106262, -0.36895752, -0.12728882, 0.11437988, 0.35604858, 0.5977173, 0.839386, -0.75, -0.5083313, -0.2666626, -0.024993896, 0.2166748, 0.4583435, 0.7000122, -0.8893738, -0.6477051, -0.40603638, -0.16436768, 0.077301025, 0.31896973, 0.5606384, 0.8023071, -0.78707886, -0.54541016, -0.30374146, -0.062072754, 0.17959595, 0.42126465, 0.66293335, 0.90460205, -0.68478394, -0.44311523, -0.20144653, 0.040222168, 0.28189087, 0.5235596, 0.7652283, -0.8241577, -0.582489, -0.3408203, -0.09915161, 0.14251709, 0.3841858, 0.6258545, 0.8675232, -0.7218628, -0.4801941, -0.23852539, 0.0031433105, 0.24481201, 0.4864807, 0.7281494, -0.8612366, -0.6195679, -0.37789917, -0.13623047, 0.10543823, 0.34710693, 0.58877563, 0.83044434, -0.75894165, -0.51727295, -0.27560425, -0.033935547, 0.20773315, 0.44940186, 0.69107056, -0.8983154, -0.6566467, -0.41497803, -0.17330933, 0.068359375, 0.31002808, 0.5516968, 0.7933655, -0.7960205, -0.5543518, -0.3126831, -0.071014404, 0.1706543, 0.412323, 0.6539917, 0.8956604, -0.6937256, -0.45205688, -0.21038818, 0.031280518, 0.27294922, 0.5146179, 0.7562866, -0.83309937, -0.59143066, -0.34976196, -0.10809326, 0.13357544, 0.37524414, 0.61691284, 0.85858154, -0.73080444, -0.48913574, -0.24746704, -0.00579834, 0.23587036, 0.47753906, 0.71920776, -0.8701782, -0.6285095, -0.38684082, -0.14517212, 0.09649658, 0.33816528, 0.579834, 0.8215027, -0.7678833, -0.5262146, -0.2845459, -0.042877197, 0.1987915, 0.4404602, 0.6821289, -0.9072571, -0.6655884, -0.42391968, -0.18225098, 0.059417725, 0.30108643, 0.5427551, 0.7844238, -0.80496216, -0.56329346, -0.32162476, -0.079956055, 0.16171265, 0.40338135, 0.64505005, 0.88671875, -0.70266724, -0.46099854, -0.21932983, 0.022338867, 0.26400757, 0.50567627, 0.747345, -0.842041, -0.6003723, -0.3587036, -0.11703491, 0.12463379, 0.3663025, 0.6079712, 0.8496399, -0.7397461, -0.4980774, -0.2564087, -0.01473999, 0.22692871, 0.4685974, 0.7102661, -0.8791199, -0.6374512, -0.39578247, -0.15411377, 0.08755493, 0.32922363, 0.57089233, 0.81256104, -0.77682495, -0.53515625, -0.29348755, -0.051818848, 0.18984985, 0.43151855, 0.67318726, 0.91485596, -0.67453, -0.43286133, -0.19119263, 0.050476074, 0.29214478, 0.5338135, 0.7754822, -0.8139038, -0.5722351, -0.3305664, -0.088897705, 0.152771, 0.3944397, 0.6361084, 0.8777771, -0.7116089, -0.4699402, -0.22827148, 0.013397217, 0.25506592, 0.49673462, 0.7384033, -0.85098267, -0.60931396, -0.36764526, -0.12597656, 0.11569214, 0.35736084, 0.59902954, 0.84069824, -0.74868774, -0.50701904, -0.26535034, -0.02368164, 0.21798706, 0.45965576, 0.70132446, -0.8880615, -0.6463928, -0.40472412, -0.16305542, 0.07861328, 0.32028198, 0.5619507, 0.8036194, -0.7857666, -0.5440979, -0.3024292, -0.060760498, 0.1809082, 0.4225769, 0.6642456, 0.9059143, -0.6834717, -0.44180298, -0.20013428, 0.041534424, 0.28320313, 0.5248718, 0.7665405, -0.82284546, -0.58117676, -0.33950806, -0.097839355, 0.14382935, 0.38549805, 0.62716675, 0.86883545, -0.72055054, -0.47888184, -0.23721313, 0.0044555664, 0.24612427, 0.48779297, 0.72946167, -0.8599243, -0.6182556, -0.3765869, -0.13491821, 0.10675049, 0.3484192, 0.5900879, 0.8317566, -0.7576294, -0.5159607, -0.274292, -0.03262329, 0.20904541, 0.4507141, 0.6923828, -0.8970032, -0.6553345, -0.41366577, -0.17199707, 0.06967163, 0.31134033, 0.55300903, 0.79467773, -0.79470825, -0.55303955, -0.31137085, -0.06970215, 0.17196655, 0.41363525, 0.65530396, 0.89697266, -0.69241333, -0.45074463, -0.20907593, 0.032592773, 0.27426147, 0.5159302, 0.7575989, -0.8317871, -0.5901184, -0.3484497, -0.106781006, 0.1348877, 0.3765564, 0.6182251, 0.8598938, -0.7294922, -0.4878235, -0.24615479, -0.004486084, 0.23718262, 0.47885132, 0.72052, -0.86886597, -0.62719727, -0.38552856, -0.14385986, 0.09780884, 0.33947754, 0.58114624, 0.82281494, -0.76657104, -0.52490234, -0.28323364, -0.04156494, 0.20010376, 0.44177246, 0.68344116, -0.9059448, -0.6642761, -0.42260742, -0.18093872, 0.06072998, 0.30239868, 0.5440674, 0.7857361, -0.8036499, -0.5619812, -0.3203125, -0.0786438, 0.1630249, 0.4046936, 0.6463623, 0.888031, -0.701355, -0.45968628, -0.21801758, 0.023651123, 0.26531982, 0.5069885, 0.7486572, -0.84072876, -0.59906006, -0.35739136, -0.115722656, 0.12594604, 0.36761475, 0.60928345, 0.85095215, -0.73843384, -0.49676514, -0.25509644, -0.013427734, 0.22824097, 0.46990967, 0.71157837, -0.8778076, -0.6361389, -0.3944702, -0.15280151, 0.08886719, 0.3305359, 0.5722046, 0.8138733, -0.7755127, -0.533844, -0.2921753, -0.05050659, 0.19116211, 0.4328308, 0.6744995, -0.9148865, -0.6732178, -0.43154907, -0.18988037, 0.05178833, 0.29345703, 0.53512573, 0.77679443, -0.81259155, -0.57092285, -0.32925415, -0.08758545, 0.15408325, 0.39575195, 0.63742065, 0.87908936, -0.71029663, -0.46862793, -0.22695923, 0.014709473, 0.25637817, 0.49804688, 0.7397156, -0.8496704, -0.6080017, -0.366333, -0.12466431, 0.117004395, 0.3586731, 0.6003418, 0.8420105, -0.7473755, -0.5057068, -0.2640381, -0.022369385, 0.21929932, 0.46096802, 0.7026367, -0.88674927, -0.64508057, -0.40341187, -0.16174316, 0.07992554, 0.32159424, 0.56326294, 0.80493164, -0.78445435, -0.54278564, -0.30111694, -0.059448242, 0.18222046, 0.42388916, 0.66555786, 0.90722656, -0.6821594, -0.44049072, -0.19882202, 0.04284668, 0.28451538, 0.5261841, 0.7678528, -0.8215332, -0.5798645, -0.3381958, -0.0965271, 0.1451416, 0.3868103, 0.628479, 0.8701477, -0.7192383, -0.47756958, -0.23590088, 0.0057678223, 0.24743652, 0.48910522, 0.7307739, -0.85861206, -0.61694336, -0.37527466, -0.13360596, 0.108062744, 0.34973145, 0.59140015, 0.83306885, -0.75631714, -0.51464844, -0.27297974, -0.031311035, 0.21035767, 0.45202637, 0.69369507, -0.8956909, -0.6540222, -0.41235352, -0.17068481, 0.07098389, 0.3126526, 0.5543213, 0.79599, -0.793396, -0.5517273, -0.3100586, -0.06838989, 0.17327881, 0.4149475, 0.6566162, 0.8982849, -0.6911011, -0.44943237, -0.20776367, 0.03390503, 0.27557373, 0.51724243, 0.75891113, -0.83047485, -0.58880615, -0.34713745, -0.10546875, 0.13619995, 0.37786865, 0.61953735, 0.86120605, -0.72817993, -0.48651123, -0.24484253, -0.0031738281, 0.23849487, 0.48016357, 0.7218323, -0.8675537, -0.625885, -0.3842163, -0.1425476, 0.099121094, 0.3407898, 0.5824585, 0.8241272, -0.7652588, -0.5235901, -0.2819214, -0.040252686, 0.20141602, 0.44308472, 0.6847534, -0.90463257, -0.66296387, -0.42129517, -0.17962646, 0.062042236, 0.30371094, 0.54537964, 0.78704834, -0.80233765, -0.56066895, -0.31900024, -0.07733154, 0.16433716, 0.40600586, 0.64767456, 0.88934326, -0.7000427, -0.45837402, -0.21670532, 0.024963379, 0.26663208, 0.5083008, 0.7499695, -0.8394165, -0.5977478, -0.3560791, -0.1144104, 0.1272583, 0.368927, 0.6105957, 0.8522644, -0.7371216, -0.49545288, -0.25378418, -0.0121154785, 0.22955322, 0.47122192, 0.7128906, -0.87649536, -0.63482666, -0.39315796, -0.15148926, 0.09017944, 0.33184814, 0.57351685, 0.81518555, -0.77420044, -0.53253174, -0.29086304, -0.049194336, 0.19247437, 0.43414307, 0.67581177, -0.9135742, -0.6719055, -0.43023682, -0.18856812, 0.053100586, 0.2947693, 0.536438, 0.7781067, -0.8112793, -0.5696106, -0.3279419, -0.08627319, 0.15539551, 0.3970642, 0.6387329, 0.8804016, -0.7089844, -0.46731567, -0.22564697, 0.016021729, 0.25769043, 0.49935913, 0.74102783, -0.84835815, -0.60668945, -0.36502075, -0.12335205, 0.11831665, 0.35998535, 0.60165405, 0.84332275, -0.74606323, -0.50439453, -0.26272583, -0.021057129, 0.22061157, 0.46228027, 0.703949, -0.885437, -0.6437683, -0.4020996, -0.16043091, 0.08123779, 0.3229065, 0.5645752, 0.8062439, -0.7831421, -0.5414734, -0.2998047, -0.058135986, 0.18353271, 0.42520142, 0.6668701, 0.9085388, -0.68084717, -0.43917847, -0.19750977, 0.044158936, 0.28582764, 0.52749634, 0.76916504, -0.82022095, -0.57855225, -0.33688354, -0.095214844, 0.14645386, 0.38812256, 0.62979126, 0.87145996, -0.717926, -0.47625732, -0.23458862, 0.007080078, 0.24874878, 0.49041748, 0.7320862, -0.8572998, -0.6156311, -0.3739624, -0.1322937, 0.109375, 0.3510437, 0.5927124, 0.8343811, -0.7550049, -0.5133362, -0.27166748, -0.02999878, 0.21166992, 0.45333862, 0.6950073, -0.89437866, -0.65270996, -0.41104126, -0.16937256, 0.07229614, 0.31396484, 0.55563354, 0.79730225, -0.79208374, -0.55041504, -0.30874634, -0.06707764, 0.17459106, 0.41625977, 0.65792847, 0.89959717, -0.6897888, -0.44812012, -0.20645142, 0.035217285, 0.276886, 0.5185547, 0.7602234, -0.8291626, -0.5874939, -0.3458252, -0.104156494, 0.1375122, 0.3791809, 0.6208496, 0.8625183, -0.7268677, -0.48519897, -0.24353027, -0.0018615723, 0.23980713, 0.48147583, 0.72314453, -0.86624146, -0.62457275, -0.38290405, -0.14123535, 0.10043335, 0.34210205, 0.58377075, 0.82543945, -0.76394653, -0.52227783, -0.28060913, -0.03894043, 0.20272827, 0.44439697, 0.6860657, -0.9033203, -0.6616516, -0.4199829, -0.17831421, 0.06335449, 0.3050232, 0.5466919, 0.7883606, -0.8010254, -0.5593567, -0.317688, -0.07601929, 0.16564941, 0.40731812, 0.6489868, 0.8906555, -0.69873047, -0.45706177, -0.21539307, 0.026275635, 0.26794434, 0.50961304, 0.75128174, -0.83810425, -0.59643555, -0.35476685, -0.113098145, 0.12857056, 0.37023926, 0.61190796, 0.85357666, -0.7358093, -0.49414063, -0.25247192, -0.010803223, 0.23086548, 0.47253418, 0.7142029, -0.8751831, -0.6335144, -0.3918457, -0.150177, 0.0914917, 0.3331604, 0.5748291, 0.8164978, -0.7728882, -0.5312195, -0.28955078, -0.04788208, 0.19378662, 0.43545532, 0.677124, -0.91226196, -0.67059326, -0.42892456, -0.18725586, 0.05441284, 0.29608154, 0.53775024, 0.77941895, -0.80996704, -0.56829834, -0.32662964, -0.08496094, 0.15670776, 0.39837646, 0.64004517, 0.88171387, -0.7076721, -0.46600342, -0.22433472, 0.017333984, 0.2590027, 0.5006714, 0.7423401, -0.8470459, -0.6053772, -0.3637085, -0.122039795, 0.119628906, 0.3612976, 0.6029663, 0.844635, -0.744751, -0.5030823, -0.26141357, -0.019744873, 0.22192383, 0.46359253, 0.70526123, -0.88412476, -0.64245605, -0.40078735, -0.15911865, 0.08255005, 0.32421875, 0.56588745, 0.80755615, -0.78182983, -0.54016113, -0.29849243, -0.05682373, 0.18484497, 0.42651367, 0.6681824, 0.9098511, -0.6795349, -0.4378662, -0.19619751, 0.04547119, 0.2871399, 0.5288086, 0.7704773, -0.8189087, -0.57724, -0.3355713, -0.09390259, 0.14776611, 0.3894348, 0.6311035, 0.8727722, -0.71661377, -0.47494507, -0.23327637, 0.008392334, 0.25006104, 0.49172974, 0.73339844, -0.85598755, -0.61431885, -0.37265015, -0.13098145, 0.110687256, 0.35235596, 0.59402466, 0.83569336, -0.7536926, -0.5120239, -0.27035522, -0.028686523, 0.21298218, 0.45465088, 0.6963196, -0.8930664, -0.6513977, -0.409729, -0.1680603, 0.0736084, 0.3152771, 0.5569458, 0.7986145, -0.7907715, -0.5491028, -0.30743408, -0.06576538, 0.17590332, 0.41757202, 0.6592407, 0.9009094, -0.68847656, -0.44680786, -0.20513916, 0.03652954, 0.27819824, 0.51986694, 0.76153564, -0.82785034, -0.58618164, -0.34451294, -0.10284424, 0.13882446, 0.38049316, 0.62216187, 0.86383057, -0.7255554, -0.48388672, -0.24221802, -0.0005493164, 0.24111938, 0.4827881, 0.7244568, -0.8649292, -0.6232605, -0.3815918, -0.1399231, 0.101745605, 0.3434143, 0.585083, 0.8267517, -0.7626343, -0.5209656, -0.27929688, -0.037628174, 0.20404053, 0.44570923, 0.6873779, -0.90200806, -0.66033936, -0.41867065, -0.17700195, 0.06466675, 0.30633545, 0.54800415, 0.78967285, -0.79971313, -0.55804443, -0.31637573, -0.07470703, 0.16696167, 0.40863037, 0.6502991, 0.8919678, -0.6974182, -0.4557495, -0.21408081, 0.02758789, 0.2692566, 0.5109253, 0.752594, -0.836792, -0.5951233, -0.3534546, -0.11178589, 0.12988281, 0.3715515, 0.6132202, 0.8548889, -0.7344971, -0.49282837, -0.25115967, -0.009490967, 0.23217773, 0.47384644, 0.71551514, -0.87387085, -0.63220215, -0.39053345, -0.14886475, 0.092803955, 0.33447266, 0.57614136, 0.81781006, -0.7715759, -0.5299072, -0.28823853, -0.046569824, 0.19509888, 0.43676758, 0.6784363, -0.9109497, -0.669281, -0.4276123, -0.1859436, 0.055725098, 0.2973938, 0.5390625, 0.7807312, -0.8086548, -0.5669861, -0.32531738, -0.08364868, 0.15802002, 0.39968872, 0.6413574, 0.8830261, -0.70635986, -0.46469116, -0.22302246, 0.01864624, 0.26031494, 0.50198364, 0.74365234, -0.84573364, -0.60406494, -0.36239624, -0.12072754, 0.12094116, 0.36260986, 0.60427856, 0.84594727, -0.7434387, -0.50177, -0.26010132, -0.018432617, 0.22323608, 0.4649048, 0.7065735, -0.8828125, -0.6411438, -0.3994751, -0.1578064, 0.083862305, 0.325531, 0.5671997, 0.8088684, -0.7805176, -0.5388489, -0.29718018, -0.055511475, 0.18615723, 0.42782593, 0.6694946, 0.91116333, -0.67822266, -0.43655396, -0.19488525, 0.046783447, 0.28845215, 0.53012085, 0.77178955, -0.81759644, -0.57592773, -0.33425903, -0.09259033, 0.14907837, 0.39074707, 0.6324158, 0.8740845, -0.7153015, -0.4736328, -0.23196411, 0.00970459, 0.2513733, 0.493042, 0.7347107, -0.8546753, -0.6130066, -0.3713379, -0.12966919, 0.11199951, 0.3536682, 0.5953369, 0.8370056, -0.7523804, -0.51071167, -0.26904297, -0.027374268, 0.21429443, 0.45596313, 0.69763184, -0.89175415, -0.65008545, -0.40841675, -0.16674805, 0.074920654, 0.31658936, 0.55825806, 0.79992676, -0.7894592, -0.5477905, -0.30612183, -0.064453125, 0.17721558, 0.41888428, 0.660553, 0.9022217, -0.6871643, -0.4454956, -0.2038269, 0.037841797, 0.2795105, 0.5211792, 0.7628479, -0.8265381, -0.5848694, -0.34320068, -0.10153198, 0.14013672, 0.38180542, 0.6234741, 0.8651428, -0.72424316, -0.48257446, -0.24090576, 0.00076293945, 0.24243164, 0.48410034, 0.72576904, -0.86361694, -0.62194824, -0.38027954, -0.13861084, 0.10305786, 0.34472656, 0.58639526, 0.82806396, -0.761322, -0.5196533, -0.27798462, -0.036315918, 0.20535278, 0.44702148, 0.6886902, -0.9006958, -0.6590271, -0.4173584, -0.1756897, 0.065979004, 0.3076477, 0.5493164, 0.7909851, -0.7984009, -0.5567322, -0.31506348, -0.073394775, 0.16827393, 0.40994263, 0.6516113, 0.89328, -0.69610596, -0.45443726, -0.21276855, 0.028900146, 0.27056885, 0.51223755, 0.75390625, -0.83547974, -0.59381104, -0.35214233, -0.11047363, 0.13119507, 0.37286377, 0.6145325, 0.8562012, -0.7331848, -0.4915161, -0.24984741, -0.008178711, 0.23348999, 0.4751587, 0.7168274, -0.8725586, -0.6308899, -0.3892212, -0.14755249, 0.09411621, 0.3357849, 0.5774536, 0.8191223, -0.7702637, -0.528595, -0.28692627, -0.04525757, 0.19641113, 0.43807983, 0.67974854, -0.90963745, -0.66796875, -0.42630005, -0.18463135, 0.057037354, 0.29870605, 0.54037476, 0.78204346, -0.8073425, -0.5656738, -0.32400513, -0.082336426, 0.15933228, 0.40100098, 0.6426697, 0.8843384, -0.7050476, -0.4633789, -0.2217102, 0.019958496, 0.2616272, 0.5032959, 0.7449646, -0.8444214, -0.6027527, -0.36108398, -0.11941528, 0.12225342, 0.36392212, 0.6055908, 0.8472595, -0.74212646, -0.50045776, -0.25878906, -0.017120361, 0.22454834, 0.46621704, 0.70788574, -0.88150024, -0.63983154, -0.39816284, -0.15649414, 0.08517456, 0.32684326, 0.56851196, 0.81018066, -0.7792053, -0.5375366, -0.29586792, -0.05419922, 0.18746948, 0.42913818, 0.6708069, 0.9124756, -0.6769104, -0.4352417, -0.193573, 0.048095703, 0.2897644, 0.5314331, 0.7731018, -0.8162842, -0.5746155, -0.33294678, -0.091278076, 0.15039063, 0.39205933, 0.633728, 0.8753967, -0.71398926, -0.47232056, -0.23065186, 0.011016846, 0.25268555, 0.49435425, 0.73602295, -0.85336304, -0.61169434, -0.37002563, -0.12835693, 0.11331177, 0.35498047, 0.59664917, 0.8383179, -0.7510681, -0.5093994, -0.2677307, -0.026062012, 0.21560669, 0.4572754, 0.6989441, -0.8904419, -0.6487732, -0.4071045, -0.16543579, 0.07623291, 0.3179016, 0.5595703, 0.801239, -0.788147, -0.5464783, -0.30480957, -0.06314087, 0.17852783, 0.42019653, 0.66186523, 0.90353394, -0.68585205, -0.44418335, -0.20251465, 0.039154053, 0.28082275, 0.52249146, 0.76416016, -0.82522583, -0.5835571, -0.34188843, -0.10021973, 0.14144897, 0.38311768, 0.6247864, 0.8664551, -0.7229309, -0.4812622, -0.2395935, 0.0020751953, 0.2437439, 0.4854126, 0.7270813, -0.8623047, -0.620636, -0.3789673, -0.13729858, 0.10437012, 0.34603882, 0.5877075, 0.8293762, -0.76000977, -0.51834106, -0.27667236, -0.035003662, 0.20666504, 0.44833374, 0.69000244, -0.89938354, -0.65771484, -0.41604614, -0.17437744, 0.06729126, 0.30895996, 0.55062866, 0.79229736, -0.7970886, -0.5554199, -0.31375122, -0.07208252, 0.16958618, 0.41125488, 0.6529236, 0.8945923, -0.6947937, -0.453125, -0.2114563, 0.030212402, 0.2718811, 0.5135498, 0.7552185, -0.8341675, -0.5924988, -0.35083008, -0.10916138, 0.13250732, 0.37417603, 0.6158447, 0.8575134, -0.73187256, -0.49020386, -0.24853516, -0.006866455, 0.23480225, 0.47647095, 0.71813965, -0.87124634, -0.62957764, -0.38790894, -0.14624023, 0.09542847, 0.33709717, 0.57876587, 0.8204346, -0.7689514, -0.5272827, -0.285614, -0.043945313, 0.19772339, 0.4393921, 0.6810608, -0.9083252, -0.6666565, -0.4249878, -0.18331909, 0.05834961, 0.3000183, 0.541687, 0.7833557, -0.8060303, -0.5643616, -0.32269287, -0.08102417, 0.16064453, 0.40231323, 0.64398193, 0.88565063, -0.70373535, -0.46206665, -0.22039795, 0.021270752, 0.26293945, 0.50460815, 0.74627686, -0.84310913, -0.6014404, -0.35977173, -0.11810303, 0.123565674, 0.36523438, 0.6069031, 0.8485718, -0.7408142, -0.4991455, -0.2574768, -0.015808105, 0.2258606, 0.4675293, 0.709198, -0.880188, -0.6385193, -0.3968506, -0.15518188, 0.08648682, 0.32815552, 0.5698242, 0.8114929, -0.77789307, -0.53622437, -0.29455566, -0.052886963, 0.18878174, 0.43045044, 0.67211914, 0.91378784, -0.67559814, -0.43392944, -0.19226074, 0.04940796, 0.29107666, 0.53274536, 0.77441406, -0.8149719, -0.5733032, -0.33163452, -0.08996582, 0.15170288, 0.39337158, 0.6350403, 0.876709, -0.712677, -0.4710083, -0.2293396, 0.012329102, 0.2539978, 0.4956665, 0.7373352, -0.8520508, -0.6103821, -0.36871338, -0.12704468, 0.11462402, 0.35629272, 0.5979614, 0.8396301, -0.74975586, -0.50808716, -0.26641846, -0.024749756, 0.21691895, 0.45858765, 0.70025635, -0.88912964, -0.64746094, -0.40579224, -0.16412354, 0.077545166, 0.31921387, 0.56088257, 0.80255127, -0.7868347, -0.545166, -0.3034973, -0.061828613, 0.17984009, 0.4215088, 0.6631775, 0.9048462, -0.6845398, -0.4428711, -0.2012024, 0.04046631, 0.282135, 0.5238037, 0.7654724, -0.8239136, -0.5822449, -0.34057617, -0.09890747, 0.14276123, 0.38442993, 0.62609863, 0.86776733, -0.72161865, -0.47994995, -0.23828125, 0.0033874512, 0.24505615, 0.48672485, 0.72839355, -0.86099243, -0.61932373, -0.37765503, -0.13598633, 0.10568237, 0.34735107, 0.5890198, 0.8306885, -0.7586975, -0.5170288, -0.2753601, -0.033691406, 0.2079773, 0.449646, 0.6913147, -0.8980713, -0.6564026, -0.4147339, -0.17306519, 0.068603516, 0.31027222, 0.5519409, 0.7936096, -0.79577637, -0.55410767, -0.31243896, -0.07077026, 0.17089844, 0.41256714, 0.65423584, 0.89590454, -0.69348145, -0.45181274, -0.21014404, 0.03152466, 0.27319336, 0.51486206, 0.75653076, -0.8328552, -0.5911865, -0.34951782, -0.10784912, 0.13381958, 0.37548828, 0.617157, 0.8588257, -0.7305603, -0.4888916, -0.2472229, -0.005554199, 0.2361145, 0.4777832, 0.7194519, -0.8699341, -0.6282654, -0.38659668, -0.14492798, 0.09674072, 0.33840942, 0.5800781, 0.8217468, -0.76763916, -0.52597046, -0.28430176, -0.042633057, 0.19903564, 0.44070435, 0.68237305, -0.90701294, -0.66534424, -0.42367554, -0.18200684, 0.059661865, 0.30133057, 0.54299927, 0.78466797, -0.804718, -0.5630493, -0.32138062, -0.079711914, 0.16195679, 0.4036255, 0.6452942, 0.8869629, -0.7024231, -0.4607544, -0.2190857, 0.022583008, 0.2642517, 0.5059204, 0.7475891, -0.8417969, -0.6001282, -0.35845947, -0.11679077, 0.12487793, 0.36654663, 0.60821533, 0.84988403, -0.73950195, -0.49783325, -0.25616455, -0.01449585, 0.22717285, 0.46884155, 0.71051025, -0.87887573, -0.63720703, -0.39553833, -0.15386963, 0.08779907, 0.32946777, 0.5711365, 0.8128052, -0.7765808, -0.5349121, -0.2932434, -0.051574707, 0.190094, 0.4317627, 0.6734314, 0.9151001, -0.6742859, -0.4326172, -0.19094849, 0.050720215, 0.29238892, 0.5340576, 0.7757263, -0.81365967, -0.57199097, -0.33032227, -0.088653564, 0.15301514, 0.39468384, 0.63635254, 0.87802124, -0.71136475, -0.46969604, -0.22802734, 0.013641357, 0.25531006, 0.49697876, 0.73864746, -0.8507385, -0.6090698, -0.36740112, -0.12573242, 0.11593628, 0.35760498, 0.5992737, 0.8409424, -0.7484436, -0.5067749, -0.2651062, -0.0234375, 0.2182312, 0.4598999, 0.7015686, -0.8878174, -0.6461487, -0.40447998, -0.16281128, 0.07885742, 0.32052612, 0.5621948, 0.8038635, -0.78552246, -0.54385376, -0.30218506, -0.060516357, 0.18115234, 0.42282104, 0.66448975, 0.90615845, -0.68322754, -0.44155884, -0.19989014, 0.041778564, 0.28344727, 0.52511597, 0.76678467, -0.8226013, -0.5809326, -0.33926392, -0.097595215, 0.14407349, 0.3857422, 0.6274109, 0.8690796, -0.7203064, -0.4786377, -0.236969, 0.004699707, 0.24636841, 0.4880371, 0.7297058, -0.8596802, -0.6180115, -0.37634277, -0.13467407, 0.10699463, 0.34866333, 0.59033203, 0.83200073, -0.75738525, -0.51571655, -0.27404785, -0.03237915, 0.20928955, 0.45095825, 0.69262695, -0.89675903, -0.65509033, -0.41342163, -0.17175293, 0.06991577, 0.31158447, 0.5532532, 0.7949219, -0.7944641, -0.5527954, -0.3111267, -0.06945801, 0.1722107, 0.4138794, 0.6555481, 0.8972168, -0.6921692, -0.4505005, -0.20883179, 0.032836914, 0.27450562, 0.5161743, 0.757843, -0.83154297, -0.58987427, -0.34820557, -0.106536865, 0.13513184, 0.37680054, 0.61846924, 0.86013794, -0.72924805, -0.48757935, -0.24591064, -0.0042419434, 0.23742676, 0.47909546, 0.72076416, -0.8686218, -0.6269531, -0.38528442, -0.14361572, 0.09805298, 0.33972168, 0.5813904, 0.8230591, -0.7663269, -0.5246582, -0.2829895, -0.0413208, 0.2003479, 0.4420166, 0.6836853, -0.9057007, -0.664032, -0.42236328, -0.18069458, 0.06097412, 0.30264282, 0.5443115, 0.7859802, -0.80340576, -0.56173706, -0.32006836, -0.07839966, 0.16326904, 0.40493774, 0.64660645, 0.88827515, -0.70111084, -0.45944214, -0.21777344, 0.023895264, 0.26556396, 0.50723267, 0.74890137, -0.8404846, -0.5988159, -0.35714722, -0.115478516, 0.12619019, 0.3678589, 0.6095276, 0.8511963, -0.7381897, -0.496521, -0.2548523, -0.013183594, 0.2284851, 0.4701538, 0.7118225, -0.8775635, -0.6358948, -0.39422607, -0.15255737, 0.08911133, 0.33078003, 0.57244873, 0.81411743, -0.77526855, -0.53359985, -0.29193115, -0.05026245, 0.19140625, 0.43307495, 0.67474365, -0.91464233, -0.67297363, -0.43130493, -0.18963623, 0.05203247, 0.29370117, 0.5353699, 0.7770386, -0.8123474, -0.5706787, -0.32901, -0.08734131, 0.1543274, 0.3959961, 0.6376648, 0.8793335, -0.7100525, -0.4683838, -0.22671509, 0.014953613, 0.2566223, 0.49829102, 0.7399597, -0.84942627, -0.60775757, -0.36608887, -0.124420166, 0.117248535, 0.35891724, 0.60058594, 0.84225464, -0.74713135, -0.50546265, -0.26379395, -0.022125244, 0.21954346, 0.46121216, 0.70288086, -0.8865051, -0.6448364, -0.40316772, -0.16149902, 0.08016968, 0.32183838, 0.5635071, 0.8051758, -0.7842102, -0.5425415, -0.3008728, -0.0592041, 0.1824646, 0.4241333, 0.665802, 0.9074707, -0.6819153, -0.44024658, -0.19857788, 0.04309082, 0.28475952, 0.5264282, 0.7680969, -0.82128906, -0.57962036, -0.33795166, -0.09628296, 0.14538574, 0.38705444, 0.62872314, 0.87039185, -0.71899414, -0.47732544, -0.23565674, 0.006011963, 0.24768066, 0.48934937, 0.73101807, -0.8583679, -0.6166992, -0.37503052, -0.13336182, 0.108306885, 0.3499756, 0.5916443, 0.833313, -0.756073, -0.5144043, -0.2727356, -0.031066895, 0.2106018, 0.4522705, 0.6939392, -0.8954468, -0.6537781, -0.41210938, -0.17044067, 0.07122803, 0.31289673, 0.5545654, 0.79623413, -0.79315186, -0.55148315, -0.30981445, -0.06814575, 0.17352295, 0.41519165, 0.65686035, 0.89852905, -0.69085693, -0.44918823, -0.20751953, 0.03414917, 0.27581787, 0.5174866, 0.7591553, -0.8302307, -0.588562, -0.3468933, -0.10522461, 0.13644409, 0.3781128, 0.6197815, 0.8614502, -0.7279358, -0.4862671, -0.24459839, -0.0029296875, 0.23873901, 0.4804077, 0.7220764, -0.8673096, -0.62564087, -0.38397217, -0.14230347, 0.099365234, 0.34103394, 0.58270264, 0.82437134, -0.76501465, -0.52334595, -0.28167725, -0.040008545, 0.20166016, 0.44332886, 0.68499756, -0.9043884, -0.6627197, -0.42105103, -0.17938232, 0.062286377, 0.30395508, 0.5456238, 0.7872925, -0.8020935, -0.5604248, -0.3187561, -0.0770874, 0.1645813, 0.40625, 0.6479187, 0.8895874, -0.6997986, -0.45812988, -0.21646118, 0.02520752, 0.26687622, 0.5085449, 0.7502136, -0.83917236, -0.59750366, -0.35583496, -0.11416626, 0.12750244, 0.36917114, 0.61083984, 0.85250854, -0.73687744, -0.49520874, -0.25354004, -0.011871338, 0.22979736, 0.47146606, 0.71313477, -0.8762512, -0.6345825, -0.39291382, -0.15124512, 0.090423584, 0.3320923, 0.573761, 0.8154297, -0.7739563, -0.5322876, -0.2906189, -0.048950195, 0.1927185, 0.4343872, 0.6760559, -0.9133301, -0.6716614, -0.42999268, -0.18832397, 0.053344727, 0.29501343, 0.5366821, 0.77835083, -0.81103516, -0.56936646, -0.32769775, -0.08602905, 0.15563965, 0.39730835, 0.63897705, 0.88064575, -0.70874023, -0.46707153, -0.22540283, 0.01626587, 0.25793457, 0.49960327, 0.741272, -0.848114, -0.6064453, -0.3647766, -0.12310791, 0.11856079, 0.3602295, 0.6018982, 0.8435669, -0.7458191, -0.5041504, -0.2624817, -0.020812988, 0.22085571, 0.4625244, 0.7041931, -0.8851929, -0.64352417, -0.40185547, -0.16018677, 0.08148193, 0.32315063, 0.56481934, 0.80648804, -0.78289795, -0.54122925, -0.29956055, -0.057891846, 0.18377686, 0.42544556, 0.66711426, 0.90878296, -0.680603, -0.43893433, -0.19726563, 0.044403076, 0.28607178, 0.5277405, 0.7694092, -0.8199768, -0.5783081, -0.3366394, -0.0949707, 0.146698, 0.3883667, 0.6300354, 0.8717041, -0.7176819, -0.47601318, -0.23434448, 0.0073242188, 0.24899292, 0.49066162, 0.7323303, -0.85705566, -0.61538696, -0.37371826, -0.13204956, 0.10961914, 0.35128784, 0.59295654, 0.83462524, -0.75476074, -0.51309204, -0.27142334, -0.029754639, 0.21191406, 0.45358276, 0.69525146, -0.8941345, -0.6524658, -0.41079712, -0.16912842, 0.07254028, 0.31420898, 0.5558777, 0.7975464, -0.7918396, -0.5501709, -0.3085022, -0.066833496, 0.1748352, 0.4165039, 0.6581726, 0.8998413, -0.6895447, -0.44787598, -0.20620728, 0.035461426, 0.27713013, 0.5187988, 0.7604675, -0.82891846, -0.58724976, -0.34558105, -0.10391235, 0.13775635, 0.37942505, 0.62109375, 0.86276245, -0.72662354, -0.48495483, -0.24328613, -0.0016174316, 0.24005127, 0.48171997, 0.7233887, -0.8659973, -0.6243286, -0.3826599, -0.14099121, 0.10067749, 0.3423462, 0.5840149, 0.8256836, -0.7637024, -0.5220337, -0.280365, -0.03869629, 0.20297241, 0.4446411, 0.6863098, -0.9030762, -0.6614075, -0.41973877, -0.17807007, 0.06359863, 0.30526733, 0.54693604, 0.78860474, -0.80078125, -0.55911255, -0.31744385, -0.07577515, 0.16589355, 0.40756226, 0.64923096, 0.89089966, -0.6984863, -0.45681763, -0.21514893, 0.026519775, 0.26818848, 0.5098572, 0.7515259, -0.8378601, -0.5961914, -0.3545227, -0.112854004, 0.1288147, 0.3704834, 0.6121521, 0.8538208, -0.7355652, -0.49389648, -0.25222778, -0.010559082, 0.23110962, 0.47277832, 0.714447, -0.87493896, -0.63327026, -0.39160156, -0.14993286, 0.09173584, 0.33340454, 0.57507324, 0.81674194, -0.77264404, -0.53097534, -0.28930664, -0.04763794, 0.19403076, 0.43569946, 0.67736816, -0.9120178, -0.6703491, -0.42868042, -0.18701172, 0.054656982, 0.29632568, 0.5379944, 0.7796631, -0.8097229, -0.5680542, -0.3263855, -0.0847168, 0.1569519, 0.3986206, 0.6402893, 0.881958, -0.707428, -0.46575928, -0.22409058, 0.017578125, 0.25924683, 0.5009155, 0.7425842, -0.84680176, -0.60513306, -0.36346436, -0.121795654, 0.11987305, 0.36154175, 0.60321045, 0.84487915, -0.74450684, -0.50283813, -0.26116943, -0.019500732, 0.22216797, 0.46383667, 0.7055054, -0.8838806, -0.6422119, -0.4005432, -0.15887451, 0.08279419, 0.3244629, 0.5661316, 0.8078003, -0.7815857, -0.539917, -0.2982483, -0.05657959, 0.18508911, 0.4267578, 0.6684265, 0.9100952, -0.6792908, -0.43762207, -0.19595337, 0.045715332, 0.28738403, 0.52905273, 0.77072144, -0.81866455, -0.57699585, -0.33532715, -0.09365845, 0.14801025, 0.38967896, 0.63134766, 0.87301636, -0.7163696, -0.47470093, -0.23303223, 0.008636475, 0.25030518, 0.49197388, 0.7336426, -0.8557434, -0.6140747, -0.372406, -0.1307373, 0.1109314, 0.3526001, 0.5942688, 0.8359375, -0.7534485, -0.5117798, -0.27011108, -0.028442383, 0.21322632, 0.45489502, 0.6965637, -0.89282227, -0.65115356, -0.40948486, -0.16781616, 0.07385254, 0.31552124, 0.55718994, 0.79885864, -0.79052734, -0.54885864, -0.30718994, -0.06552124, 0.17614746, 0.41781616, 0.65948486, 0.90115356, -0.6882324, -0.44656372, -0.20489502, 0.03677368, 0.27844238, 0.5201111, 0.7617798, -0.8276062, -0.5859375, -0.3442688, -0.1026001, 0.1390686, 0.3807373, 0.622406, 0.8640747, -0.7253113, -0.48364258, -0.24197388, -0.00030517578, 0.24136353, 0.48303223, 0.7247009, -0.86468506, -0.62301636, -0.38134766, -0.13967896, 0.101989746, 0.34365845, 0.58532715, 0.82699585, -0.76239014, -0.52072144, -0.27905273, -0.037384033, 0.20428467, 0.44595337, 0.6876221, -0.9017639, -0.6600952, -0.4184265, -0.17675781, 0.06491089, 0.3065796, 0.5482483, 0.789917, -0.799469, -0.5578003, -0.3161316, -0.07446289, 0.16720581, 0.4088745, 0.6505432, 0.8922119, -0.6971741, -0.45550537, -0.21383667, 0.027832031, 0.26950073, 0.51116943, 0.75283813, -0.83654785, -0.59487915, -0.35321045, -0.11154175, 0.13012695, 0.37179565, 0.61346436, 0.85513306, -0.7342529, -0.49258423, -0.25091553, -0.009246826, 0.23242188, 0.47409058, 0.7157593, -0.8736267, -0.631958, -0.3902893, -0.1486206, 0.093048096, 0.3347168, 0.5763855, 0.8180542, -0.7713318, -0.5296631, -0.28799438, -0.046325684, 0.19534302, 0.43701172, 0.6786804, -0.91070557, -0.66903687, -0.42736816, -0.18569946, 0.05596924, 0.29763794, 0.53930664, 0.78097534, -0.80841064, -0.56674194, -0.32507324, -0.08340454, 0.15826416, 0.39993286, 0.64160156, 0.88327026, -0.7061157, -0.46444702, -0.22277832, 0.01889038, 0.26055908, 0.5022278, 0.7438965, -0.8454895, -0.6038208, -0.3621521, -0.1204834, 0.1211853, 0.362854, 0.6045227, 0.8461914, -0.7431946, -0.5015259, -0.25985718, -0.018188477, 0.22348022, 0.46514893, 0.7068176, -0.88256836, -0.64089966, -0.39923096, -0.15756226, 0.084106445, 0.32577515, 0.56744385, 0.80911255, -0.78027344, -0.53860474, -0.29693604, -0.055267334, 0.18640137, 0.42807007, 0.66973877, 0.9114075, -0.6779785, -0.4363098, -0.19464111, 0.047027588, 0.2886963, 0.530365, 0.7720337, -0.8173523, -0.5756836, -0.3340149, -0.09234619, 0.14932251, 0.3909912, 0.6326599, 0.8743286, -0.7150574, -0.47338867, -0.23171997, 0.0099487305, 0.25161743, 0.49328613, 0.73495483, -0.85443115, -0.61276245, -0.37109375, -0.12942505, 0.11224365, 0.35391235, 0.59558105, 0.83724976, -0.75213623, -0.5104675, -0.26879883, -0.027130127, 0.21453857, 0.45620728, 0.697876, -0.89151, -0.6498413, -0.4081726, -0.1665039, 0.075164795, 0.3168335, 0.5585022, 0.8001709, -0.7892151, -0.5475464, -0.3058777, -0.064208984, 0.17745972, 0.41912842, 0.6607971, 0.9024658, -0.68692017, -0.44525146, -0.20358276, 0.038085938, 0.27975464, 0.52142334, 0.76309204, -0.82629395, -0.58462524, -0.34295654, -0.10128784, 0.14038086, 0.38204956, 0.62371826, 0.86538696, -0.723999, -0.48233032, -0.24066162, 0.0010070801, 0.24267578, 0.48434448, 0.7260132, -0.8633728, -0.6217041, -0.3800354, -0.1383667, 0.103302, 0.3449707, 0.5866394, 0.8283081, -0.7610779, -0.5194092, -0.27774048, -0.036071777, 0.20559692, 0.44726563, 0.6889343, -0.90045166, -0.65878296, -0.41711426, -0.17544556, 0.066223145, 0.30789185, 0.54956055, 0.79122925, -0.79815674, -0.55648804, -0.31481934, -0.073150635, 0.16851807, 0.41018677, 0.65185547, 0.89352417, -0.6958618, -0.45419312, -0.21252441, 0.029144287, 0.270813, 0.5124817, 0.7541504, -0.8352356, -0.5935669, -0.3518982, -0.11022949, 0.13143921, 0.3731079, 0.6147766, 0.8564453, -0.7329407, -0.49127197, -0.24960327, -0.00793457, 0.23373413, 0.47540283, 0.71707153, -0.87231445, -0.63064575, -0.38897705, -0.14730835, 0.09436035, 0.33602905, 0.57769775, 0.81936646, -0.77001953, -0.52835083, -0.28668213, -0.045013428, 0.19665527, 0.43832397, 0.6799927, -0.9093933, -0.6677246, -0.4260559, -0.1843872, 0.057281494, 0.2989502, 0.5406189, 0.7822876, -0.8070984, -0.5654297, -0.323761, -0.082092285, 0.15957642, 0.40124512, 0.6429138, 0.8845825, -0.70480347, -0.46313477, -0.22146606, 0.020202637, 0.26187134, 0.50354004, 0.74520874, -0.84417725, -0.60250854, -0.36083984, -0.11917114, 0.12249756, 0.36416626, 0.60583496, 0.84750366, -0.7418823, -0.5002136, -0.25854492, -0.01687622, 0.22479248, 0.46646118, 0.7081299, -0.8812561, -0.6395874, -0.3979187, -0.15625, 0.0854187, 0.3270874, 0.5687561, 0.8104248, -0.7789612, -0.5372925, -0.29562378, -0.053955078, 0.18771362, 0.42938232, 0.671051, 0.9127197, -0.67666626, -0.43499756, -0.19332886, 0.048339844, 0.29000854, 0.53167725, 0.77334595, -0.81604004, -0.57437134, -0.33270264, -0.091033936, 0.15063477, 0.39230347, 0.63397217, 0.87564087, -0.7137451, -0.47207642, -0.23040771, 0.011260986, 0.2529297, 0.4945984, 0.7362671, -0.8531189, -0.6114502, -0.3697815, -0.1281128, 0.11355591, 0.3552246, 0.5968933, 0.838562, -0.750824, -0.5091553, -0.26748657, -0.025817871, 0.21585083, 0.45751953, 0.69918823, -0.89019775, -0.64852905, -0.40686035, -0.16519165, 0.07647705, 0.31814575, 0.55981445, 0.80148315, -0.78790283, -0.54623413, -0.30456543, -0.06289673, 0.17877197, 0.42044067, 0.6621094, 0.9037781, -0.6856079, -0.4439392, -0.20227051, 0.039398193, 0.2810669, 0.5227356, 0.7644043, -0.8249817, -0.583313, -0.3416443, -0.099975586, 0.14169312, 0.38336182, 0.6250305, 0.8666992, -0.72268677, -0.48101807, -0.23934937, 0.002319336, 0.24398804, 0.48565674, 0.72732544, -0.86206055, -0.62039185, -0.37872314, -0.13705444, 0.10461426, 0.34628296, 0.58795166, 0.82962036, -0.7597656, -0.5180969, -0.27642822, -0.03475952, 0.20690918, 0.44857788, 0.6902466, -0.8991394, -0.6574707, -0.415802, -0.1741333, 0.0675354, 0.3092041, 0.5508728, 0.7925415, -0.7968445, -0.5551758, -0.31350708, -0.07183838, 0.16983032, 0.41149902, 0.6531677, 0.8948364, -0.69454956, -0.45288086, -0.21121216, 0.030456543, 0.27212524, 0.51379395, 0.75546265, -0.83392334, -0.59225464, -0.35058594, -0.10891724, 0.13275146, 0.37442017, 0.61608887, 0.85775757, -0.7316284, -0.48995972, -0.24829102, -0.0066223145, 0.23504639, 0.4767151, 0.7183838, -0.8710022, -0.6293335, -0.3876648, -0.1459961, 0.09567261, 0.3373413, 0.57901, 0.8206787, -0.7687073, -0.5270386, -0.28536987, -0.043701172, 0.19796753, 0.43963623, 0.68130493, -0.90808105, -0.66641235, -0.42474365, -0.18307495, 0.05859375, 0.30026245, 0.54193115, 0.78359985, -0.80578613, -0.56411743, -0.32244873, -0.08078003, 0.16088867, 0.40255737, 0.6442261, 0.8858948, -0.7034912, -0.4618225, -0.22015381, 0.021514893, 0.2631836, 0.5048523, 0.746521, -0.842865, -0.6011963, -0.3595276, -0.11785889, 0.123809814, 0.36547852, 0.6071472, 0.8488159, -0.74057007, -0.49890137, -0.25723267, -0.015563965, 0.22610474, 0.46777344, 0.70944214, -0.87994385, -0.63827515, -0.39660645, -0.15493774, 0.08673096, 0.32839966, 0.57006836, 0.81173706, -0.7776489, -0.5359802, -0.29431152, -0.052642822, 0.18902588, 0.43069458, 0.6723633, 0.914032, -0.675354, -0.4336853, -0.1920166, 0.0496521, 0.2913208, 0.5329895, 0.7746582, -0.8147278, -0.5730591, -0.33139038, -0.08972168, 0.15194702, 0.39361572, 0.6352844, 0.8769531, -0.71243286, -0.47076416, -0.22909546, 0.012573242, 0.25424194, 0.49591064, 0.73757935, -0.85180664, -0.61013794, -0.36846924, -0.12680054, 0.114868164, 0.35653687, 0.59820557, 0.83987427, -0.7495117, -0.507843, -0.26617432, -0.024505615, 0.21716309, 0.4588318, 0.7005005, -0.8888855, -0.6472168, -0.4055481, -0.1638794, 0.07778931, 0.319458, 0.5611267, 0.8027954, -0.7865906, -0.5449219, -0.30325317, -0.061584473, 0.18008423, 0.42175293, 0.66342163, 0.90509033, -0.68429565, -0.44262695, -0.20095825, 0.04071045, 0.28237915, 0.52404785, 0.76571655, -0.82366943, -0.58200073, -0.34033203, -0.09866333, 0.14300537, 0.38467407, 0.6263428, 0.8680115, -0.7213745, -0.4797058, -0.23803711, 0.0036315918, 0.2453003, 0.486969, 0.7286377, -0.8607483, -0.6190796, -0.3774109, -0.13574219, 0.10592651, 0.3475952, 0.5892639, 0.8309326, -0.75845337, -0.51678467, -0.27511597, -0.033447266, 0.20822144, 0.44989014, 0.69155884, -0.89782715, -0.65615845, -0.41448975, -0.17282104, 0.068847656, 0.31051636, 0.55218506, 0.79385376, -0.7955322, -0.5538635, -0.31219482, -0.07052612, 0.17114258, 0.41281128, 0.65448, 0.8961487, -0.6932373, -0.4515686, -0.2098999, 0.0317688, 0.2734375, 0.5151062, 0.7567749, -0.8326111, -0.5909424, -0.34927368, -0.10760498, 0.13406372, 0.37573242, 0.6174011, 0.8590698, -0.73031616, -0.48864746, -0.24697876, -0.0053100586, 0.23635864, 0.47802734, 0.71969604, -0.86968994, -0.62802124, -0.38635254, -0.14468384, 0.09698486, 0.33865356, 0.58032227, 0.82199097, -0.767395, -0.5257263, -0.28405762, -0.042388916, 0.19927979, 0.4409485, 0.6826172, -0.9067688, -0.6651001, -0.4234314, -0.1817627, 0.059906006, 0.3015747, 0.5432434, 0.7849121, -0.8044739, -0.5628052, -0.32113647, -0.07946777, 0.16220093, 0.40386963, 0.64553833, 0.88720703, -0.70217896, -0.46051025, -0.21884155, 0.022827148, 0.26449585, 0.50616455, 0.74783325, -0.84155273, -0.59988403, -0.35821533, -0.11654663, 0.12512207, 0.36679077, 0.6084595, 0.8501282, -0.7392578, -0.4975891, -0.2559204, -0.014251709, 0.22741699, 0.4690857, 0.7107544, -0.8786316, -0.6369629, -0.3952942, -0.15362549, 0.08804321, 0.3297119, 0.5713806, 0.8130493, -0.77633667, -0.53466797, -0.29299927, -0.051330566, 0.19033813, 0.43200684, 0.67367554, 0.91534424, -0.67404175, -0.43237305, -0.19070435, 0.050964355, 0.29263306, 0.53430176, 0.77597046, -0.8134155, -0.5717468, -0.33007813, -0.088409424, 0.15325928, 0.39492798, 0.6365967, 0.8782654, -0.7111206, -0.4694519, -0.2277832, 0.013885498, 0.2555542, 0.4972229, 0.7388916, -0.8504944, -0.6088257, -0.36715698, -0.12548828, 0.11618042, 0.35784912, 0.5995178, 0.8411865, -0.74819946, -0.50653076, -0.26486206, -0.02319336, 0.21847534, 0.46014404, 0.70181274, -0.88757324, -0.64590454, -0.40423584, -0.16256714, 0.07910156, 0.32077026, 0.56243896, 0.80410767, -0.7852783, -0.5436096, -0.30194092, -0.060272217, 0.18139648, 0.4230652, 0.6647339, 0.9064026, -0.6829834, -0.4413147, -0.199646, 0.042022705, 0.2836914, 0.5253601, 0.7670288, -0.8223572, -0.5806885, -0.33901978, -0.097351074, 0.14431763, 0.38598633, 0.627655, 0.86932373, -0.72006226, -0.47839355, -0.23672485, 0.0049438477, 0.24661255, 0.48828125, 0.72994995, -0.85943604, -0.61776733, -0.37609863, -0.13442993, 0.10723877, 0.34890747, 0.5905762, 0.8322449, -0.7571411, -0.5154724, -0.2738037, -0.03213501, 0.20953369, 0.4512024, 0.6928711, -0.8965149, -0.6548462, -0.4131775, -0.17150879, 0.07015991, 0.3118286, 0.5534973, 0.795166, -0.79422, -0.55255127, -0.31088257, -0.06921387, 0.17245483, 0.41412354, 0.65579224, 0.89746094, -0.69192505, -0.45025635, -0.20858765, 0.033081055, 0.27474976, 0.51641846, 0.75808716, -0.8312988, -0.5896301, -0.34796143, -0.106292725, 0.13537598, 0.37704468, 0.6187134, 0.8603821, -0.7290039, -0.4873352, -0.2456665, -0.0039978027, 0.2376709, 0.4793396, 0.7210083, -0.8683777, -0.626709, -0.38504028, -0.14337158, 0.09829712, 0.33996582, 0.5816345, 0.8233032, -0.76608276, -0.52441406, -0.28274536, -0.04107666, 0.20059204, 0.44226074, 0.68392944, -0.90545654, -0.66378784, -0.42211914, -0.18045044, 0.06121826, 0.30288696, 0.54455566, 0.78622437, -0.8031616, -0.5614929, -0.31982422, -0.07815552, 0.16351318, 0.40518188, 0.6468506, 0.8885193, -0.7008667, -0.459198, -0.2175293, 0.024139404, 0.2658081, 0.5074768, 0.7491455, -0.8402405, -0.5985718, -0.35690308, -0.115234375, 0.12643433, 0.36810303, 0.6097717, 0.8514404, -0.73794556, -0.49627686, -0.25460815, -0.012939453, 0.22872925, 0.47039795, 0.71206665, -0.87731934, -0.63565063, -0.39398193, -0.15231323, 0.08935547, 0.33102417, 0.5726929, 0.8143616, -0.7750244, -0.5333557, -0.291687, -0.05001831, 0.19165039, 0.4333191, 0.6749878, -0.9143982, -0.6727295, -0.4310608, -0.18939209, 0.05227661, 0.2939453, 0.535614, 0.7772827, -0.8121033, -0.5704346, -0.32876587, -0.08709717, 0.15457153, 0.39624023, 0.63790894, 0.87957764, -0.70980835, -0.46813965, -0.22647095, 0.015197754, 0.25686646, 0.49853516, 0.74020386, -0.8491821, -0.6075134, -0.36584473, -0.124176025, 0.117492676, 0.35916138, 0.6008301, 0.8424988, -0.7468872, -0.5052185, -0.2635498, -0.021881104, 0.2197876, 0.4614563, 0.703125, -0.886261, -0.6445923, -0.40292358, -0.16125488, 0.08041382, 0.32208252, 0.5637512, 0.8054199, -0.78396606, -0.54229736, -0.30062866, -0.05895996, 0.18270874, 0.42437744, 0.66604614, 0.90771484, -0.68167114, -0.44000244, -0.19833374, 0.04333496, 0.28500366, 0.52667236, 0.76834106, -0.8210449, -0.5793762, -0.33770752, -0.09603882, 0.14562988, 0.38729858, 0.6289673, 0.870636, -0.71875, -0.4770813, -0.2354126, 0.0062561035, 0.2479248, 0.4895935, 0.7312622, -0.8581238, -0.6164551, -0.37478638, -0.13311768, 0.108551025, 0.35021973, 0.5918884, 0.8335571, -0.75582886, -0.51416016, -0.27249146, -0.030822754, 0.21084595, 0.45251465, 0.69418335, -0.89520264, -0.65353394, -0.41186523, -0.17019653, 0.07147217, 0.31314087, 0.5548096, 0.7964783, -0.7929077, -0.551239, -0.3095703, -0.06790161, 0.17376709, 0.4154358, 0.6571045, 0.8987732, -0.6906128, -0.4489441, -0.20727539, 0.03439331, 0.276062, 0.5177307, 0.7593994, -0.8299866, -0.5883179, -0.34664917, -0.10498047, 0.13668823, 0.37835693, 0.62002563, 0.86169434, -0.72769165, -0.48602295, -0.24435425, -0.0026855469, 0.23898315, 0.48065186, 0.72232056, -0.8670654, -0.6253967, -0.38372803, -0.14205933, 0.099609375, 0.34127808, 0.5829468, 0.8246155, -0.7647705, -0.5231018, -0.2814331, -0.039764404, 0.2019043, 0.443573, 0.6852417, -0.9041443, -0.6624756, -0.42080688, -0.17913818, 0.06253052, 0.30419922, 0.5458679, 0.7875366, -0.80184937, -0.56018066, -0.31851196, -0.07684326, 0.16482544, 0.40649414, 0.64816284, 0.88983154, -0.69955444, -0.45788574, -0.21621704, 0.02545166, 0.26712036, 0.50878906, 0.75045776, -0.8389282, -0.5972595, -0.35559082, -0.11392212, 0.12774658, 0.36941528, 0.611084, 0.8527527, -0.7366333, -0.4949646, -0.2532959, -0.011627197, 0.2300415, 0.4717102, 0.7133789, -0.8760071, -0.6343384, -0.39266968, -0.15100098, 0.090667725, 0.33233643, 0.5740051, 0.8156738, -0.77371216, -0.53204346, -0.29037476, -0.048706055, 0.19296265, 0.43463135, 0.67630005, -0.91308594, -0.67141724, -0.42974854, -0.18807983, 0.053588867, 0.29525757, 0.53692627, 0.778595, -0.810791, -0.5691223, -0.3274536, -0.08578491, 0.15588379, 0.3975525, 0.6392212, 0.8808899, -0.7084961, -0.4668274, -0.22515869, 0.01651001, 0.2581787, 0.4998474, 0.7415161, -0.8478699, -0.6062012, -0.36453247, -0.12286377, 0.11880493, 0.36047363, 0.60214233, 0.84381104, -0.74557495, -0.50390625, -0.26223755, -0.020568848, 0.22109985, 0.46276855, 0.70443726, -0.88494873, -0.64328, -0.40161133, -0.15994263, 0.081726074, 0.32339478, 0.5650635, 0.8067322, -0.7826538, -0.5409851, -0.2993164, -0.057647705, 0.184021, 0.4256897, 0.6673584, 0.9090271, -0.6803589, -0.4386902, -0.19702148, 0.044647217, 0.28631592, 0.5279846, 0.7696533, -0.81973267, -0.57806396, -0.33639526, -0.09472656, 0.14694214, 0.38861084, 0.63027954, 0.87194824, -0.71743774, -0.47576904, -0.23410034, 0.0075683594, 0.24923706, 0.49090576, 0.73257446, -0.8568115, -0.6151428, -0.37347412, -0.13180542, 0.10986328, 0.35153198, 0.5932007, 0.8348694, -0.7545166, -0.5128479, -0.2711792, -0.029510498, 0.2121582, 0.4538269, 0.6954956, -0.8938904, -0.6522217, -0.41055298, -0.16888428, 0.072784424, 0.31445313, 0.5561218, 0.7977905, -0.79159546, -0.54992676, -0.30825806, -0.066589355, 0.17507935, 0.41674805, 0.65841675, 0.90008545, -0.68930054, -0.44763184, -0.20596313, 0.035705566, 0.27737427, 0.51904297, 0.76071167, -0.8286743, -0.5870056, -0.3453369, -0.10366821, 0.13800049, 0.3796692, 0.6213379, 0.8630066, -0.7263794, -0.4847107, -0.24304199, -0.001373291, 0.24029541, 0.4819641, 0.7236328, -0.8657532, -0.6240845, -0.38241577, -0.14074707, 0.10092163, 0.34259033, 0.58425903, 0.82592773, -0.76345825, -0.52178955, -0.28012085, -0.03845215, 0.20321655, 0.44488525, 0.68655396, -0.90283203, -0.66116333, -0.41949463, -0.17782593, 0.06384277, 0.30551147, 0.5471802, 0.7888489, -0.8005371, -0.5588684, -0.3171997, -0.075531006, 0.1661377, 0.4078064, 0.6494751, 0.8911438, -0.6982422, -0.4565735, -0.21490479, 0.026763916, 0.26843262, 0.5101013, 0.75177, -0.83761597, -0.59594727, -0.35427856, -0.11260986, 0.12905884, 0.37072754, 0.61239624, 0.85406494, -0.73532104, -0.49365234, -0.25198364, -0.010314941, 0.23135376, 0.47302246, 0.71469116, -0.8746948, -0.6330261, -0.39135742, -0.14968872, 0.09197998, 0.33364868, 0.5753174, 0.8169861, -0.7723999, -0.5307312, -0.2890625, -0.0473938, 0.1942749, 0.4359436, 0.6776123, -0.9117737, -0.670105, -0.42843628, -0.18676758, 0.054901123, 0.29656982, 0.5382385, 0.7799072, -0.80947876, -0.56781006, -0.32614136, -0.084472656, 0.15719604, 0.39886475, 0.64053345, 0.88220215, -0.70718384, -0.46551514, -0.22384644, 0.017822266, 0.25949097, 0.50115967, 0.74282837, -0.8465576, -0.6048889, -0.3632202, -0.12155151, 0.12011719, 0.3617859, 0.6034546, 0.8451233, -0.7442627, -0.502594, -0.2609253, -0.019256592, 0.22241211, 0.4640808, 0.7057495, -0.8836365, -0.6419678, -0.40029907, -0.15863037, 0.08303833, 0.32470703, 0.56637573, 0.80804443, -0.78134155, -0.53967285, -0.29800415, -0.05633545, 0.18533325, 0.42700195, 0.66867065, 0.91033936, -0.67904663, -0.43737793, -0.19570923, 0.045959473, 0.28762817, 0.5292969, 0.7709656, -0.8184204, -0.5767517, -0.335083, -0.09341431, 0.1482544, 0.3899231, 0.6315918, 0.8732605, -0.7161255, -0.4744568, -0.23278809, 0.008880615, 0.25054932, 0.49221802, 0.7338867, -0.85549927, -0.61383057, -0.37216187, -0.13049316, 0.11117554, 0.35284424, 0.59451294, 0.83618164, -0.75320435, -0.51153564, -0.26986694, -0.028198242, 0.21347046, 0.45513916, 0.69680786, -0.8925781, -0.6509094, -0.40924072, -0.16757202, 0.07409668, 0.31576538, 0.5574341, 0.7991028, -0.7902832, -0.5486145, -0.3069458, -0.0652771, 0.1763916, 0.4180603, 0.659729, 0.9013977, -0.6879883, -0.44631958, -0.20465088, 0.037017822, 0.27868652, 0.5203552, 0.7620239, -0.82736206, -0.58569336, -0.34402466, -0.10235596, 0.13931274, 0.38098145, 0.62265015, 0.86431885, -0.72506714, -0.48339844, -0.24172974, -6.1035156e-5, 0.24160767, 0.48327637, 0.72494507, -0.8644409, -0.6227722, -0.38110352, -0.13943481, 0.10223389, 0.3439026, 0.5855713, 0.82724, -0.762146, -0.5204773, -0.2788086, -0.037139893, 0.20452881, 0.4461975, 0.6878662, -0.9015198, -0.6598511, -0.41818237, -0.17651367, 0.06515503, 0.30682373, 0.54849243, 0.79016113, -0.79922485, -0.55755615, -0.31588745, -0.07421875, 0.16744995, 0.40911865, 0.65078735, 0.89245605, -0.69692993, -0.45526123, -0.21359253, 0.028076172, 0.26974487, 0.5114136, 0.7530823, -0.8363037, -0.594635, -0.3529663, -0.11129761, 0.1303711, 0.3720398, 0.6137085, 0.8553772, -0.7340088, -0.4923401, -0.2506714, -0.009002686, 0.23266602, 0.47433472, 0.7160034, -0.87338257, -0.63171387, -0.39004517, -0.14837646, 0.09329224, 0.33496094, 0.57662964, 0.81829834, -0.77108765, -0.52941895, -0.28775024, -0.046081543, 0.19558716, 0.43725586, 0.67892456, -0.9104614, -0.6687927, -0.42712402, -0.18545532, 0.05621338, 0.29788208, 0.5395508, 0.7812195, -0.8081665, -0.5664978, -0.3248291, -0.0831604, 0.1585083, 0.400177, 0.6418457, 0.8835144, -0.7058716, -0.46420288, -0.22253418, 0.019134521, 0.26080322, 0.5024719, 0.7441406, -0.84524536, -0.60357666, -0.36190796, -0.12023926, 0.12142944, 0.36309814, 0.60476685, 0.84643555, -0.74295044, -0.50128174, -0.25961304, -0.017944336, 0.22372437, 0.46539307, 0.70706177, -0.8823242, -0.6406555, -0.39898682, -0.15731812, 0.084350586, 0.3260193, 0.567688, 0.8093567, -0.7800293, -0.5383606, -0.2966919, -0.055023193, 0.18664551, 0.4283142, 0.6699829, 0.9116516, -0.6777344, -0.43606567, -0.19439697, 0.04727173, 0.28894043, 0.53060913, 0.77227783, -0.81710815, -0.57543945, -0.33377075, -0.09210205, 0.14956665, 0.39123535, 0.63290405, 0.87457275, -0.71481323, -0.47314453, -0.23147583, 0.010192871, 0.25186157, 0.49353027, 0.735199, -0.854187, -0.6125183, -0.3708496, -0.12918091, 0.11248779, 0.3541565, 0.5958252, 0.8374939, -0.7518921, -0.5102234, -0.2685547, -0.026885986, 0.21478271, 0.45645142, 0.6981201, -0.89126587, -0.64959717, -0.40792847, -0.16625977, 0.075408936, 0.31707764, 0.55874634, 0.80041504, -0.78897095, -0.54730225, -0.30563354, -0.063964844, 0.17770386, 0.41937256, 0.66104126, 0.90270996, -0.686676, -0.44500732, -0.20333862, 0.038330078, 0.27999878, 0.5216675, 0.7633362, -0.8260498, -0.5843811, -0.3427124, -0.1010437, 0.140625, 0.3822937, 0.6239624, 0.8656311, -0.7237549, -0.48208618, -0.24041748, 0.0012512207, 0.24291992, 0.48458862, 0.7262573, -0.86312866, -0.62145996, -0.37979126, -0.13812256, 0.10354614, 0.34521484, 0.58688354, 0.82855225, -0.76083374, -0.51916504, -0.27749634, -0.035827637, 0.20584106, 0.44750977, 0.68917847, -0.9002075, -0.6585388, -0.41687012, -0.17520142, 0.066467285, 0.308136, 0.5498047, 0.7914734, -0.7979126, -0.5562439, -0.3145752, -0.072906494, 0.1687622, 0.4104309, 0.6520996, 0.8937683, -0.6956177, -0.45394897, -0.21228027, 0.029388428, 0.27105713, 0.51272583, 0.75439453, -0.83499146, -0.59332275, -0.35165405, -0.10998535, 0.13168335, 0.37335205, 0.61502075, 0.85668945, -0.73269653, -0.49102783, -0.24935913, -0.0076904297, 0.23397827, 0.47564697, 0.7173157, -0.8720703, -0.6304016, -0.3887329, -0.14706421, 0.09460449, 0.3362732, 0.5779419, 0.8196106, -0.7697754, -0.5281067, -0.286438, -0.044769287, 0.19689941, 0.43856812, 0.6802368, -0.90914917, -0.66748047, -0.42581177, -0.18414307, 0.057525635, 0.29919434, 0.54086304, 0.78253174, -0.80685425, -0.56518555, -0.32351685, -0.081848145, 0.15982056, 0.40148926, 0.64315796, 0.88482666, -0.7045593, -0.46289063, -0.22122192, 0.020446777, 0.26211548, 0.5037842, 0.7454529, -0.8439331, -0.6022644, -0.3605957, -0.118927, 0.1227417, 0.3644104, 0.6060791, 0.8477478, -0.7416382, -0.49996948, -0.25830078, -0.01663208, 0.22503662, 0.46670532, 0.708374, -0.88101196, -0.63934326, -0.39767456, -0.15600586, 0.08566284, 0.32733154, 0.56900024, 0.81066895, -0.77871704, -0.53704834, -0.29537964, -0.053710938, 0.18795776, 0.42962646, 0.67129517, 0.91296387, -0.6764221, -0.43475342, -0.19308472, 0.048583984, 0.2902527, 0.5319214, 0.7735901, -0.8157959, -0.5741272, -0.3324585, -0.090789795, 0.1508789, 0.3925476, 0.6342163, 0.875885, -0.713501, -0.47183228, -0.23016357, 0.011505127, 0.25317383, 0.49484253, 0.73651123, -0.85287476, -0.61120605, -0.36953735, -0.12786865, 0.11380005, 0.35546875, 0.59713745, 0.83880615, -0.75057983, -0.50891113, -0.26724243, -0.02557373, 0.21609497, 0.45776367, 0.6994324, -0.8899536, -0.6482849, -0.4066162, -0.16494751, 0.07672119, 0.3183899, 0.5600586, 0.8017273, -0.7876587, -0.54599, -0.3043213, -0.06265259, 0.17901611, 0.4206848, 0.6623535, 0.9040222, -0.68536377, -0.44369507, -0.20202637, 0.039642334, 0.28131104, 0.52297974, 0.76464844, -0.82473755, -0.58306885, -0.34140015, -0.099731445, 0.14193726, 0.38360596, 0.62527466, 0.86694336, -0.7224426, -0.48077393, -0.23910522, 0.0025634766, 0.24423218, 0.48590088, 0.7275696, -0.8618164, -0.6201477, -0.378479, -0.1368103, 0.1048584, 0.3465271, 0.5881958, 0.8298645, -0.7595215, -0.5178528, -0.27618408, -0.03451538, 0.20715332, 0.44882202, 0.6904907, -0.89889526, -0.65722656, -0.41555786, -0.17388916, 0.06777954, 0.30944824, 0.55111694, 0.79278564, -0.79660034, -0.55493164, -0.31326294, -0.07159424, 0.17007446, 0.41174316, 0.65341187, 0.89508057, -0.6943054, -0.45263672, -0.21096802, 0.030700684, 0.27236938, 0.5140381, 0.7557068, -0.8336792, -0.5920105, -0.3503418, -0.108673096, 0.1329956, 0.3746643, 0.616333, 0.8580017, -0.7313843, -0.48971558, -0.24804688, -0.006378174, 0.23529053, 0.47695923, 0.7186279, -0.87075806, -0.62908936, -0.38742065, -0.14575195, 0.09591675, 0.33758545, 0.57925415, 0.82092285, -0.76846313, -0.52679443, -0.28512573, -0.04345703, 0.19821167, 0.43988037, 0.6815491, -0.9078369, -0.6661682, -0.4244995, -0.18283081, 0.05883789, 0.3005066, 0.5421753, 0.783844, -0.805542, -0.5638733, -0.3222046, -0.08053589, 0.16113281, 0.4028015, 0.6444702, 0.8861389, -0.7032471, -0.46157837, -0.21990967, 0.021759033, 0.26342773, 0.50509644, 0.74676514, -0.84262085, -0.60095215, -0.35928345, -0.117614746, 0.124053955, 0.36572266, 0.60739136, 0.84906006, -0.7403259, -0.49865723, -0.25698853, -0.015319824, 0.22634888, 0.46801758, 0.7096863, -0.8796997, -0.638031, -0.3963623, -0.1546936, 0.0869751, 0.3286438, 0.5703125, 0.8119812, -0.7774048, -0.5357361, -0.29406738, -0.05239868, 0.18927002, 0.43093872, 0.6726074, 0.9142761, -0.67510986, -0.43344116, -0.19177246, 0.04989624, 0.29156494, 0.53323364, 0.77490234, -0.81448364, -0.57281494, -0.33114624, -0.08947754, 0.15219116, 0.39385986, 0.63552856, 0.87719727, -0.7121887, -0.47052002, -0.22885132, 0.012817383, 0.25448608, 0.4961548, 0.7378235, -0.8515625, -0.6098938, -0.3682251, -0.1265564, 0.115112305, 0.356781, 0.5984497, 0.8401184, -0.7492676, -0.5075989, -0.26593018, -0.024261475, 0.21740723, 0.45907593, 0.7007446, -0.88864136, -0.64697266, -0.40530396, -0.16363525, 0.07803345, 0.31970215, 0.56137085, 0.80303955, -0.78634644, -0.54467773, -0.30300903, -0.061340332, 0.18032837, 0.42199707, 0.6636658, 0.9053345, -0.6840515, -0.4423828, -0.20071411, 0.04095459, 0.2826233, 0.524292, 0.7659607, -0.8234253, -0.5817566, -0.3400879, -0.09841919, 0.14324951, 0.3849182, 0.6265869, 0.8682556, -0.7211304, -0.47946167, -0.23779297, 0.0038757324, 0.24554443, 0.48721313, 0.72888184, -0.86050415, -0.61883545, -0.37716675, -0.13549805, 0.106170654, 0.34783936, 0.58950806, 0.83117676, -0.7582092, -0.5165405, -0.27487183, -0.033203125, 0.20846558, 0.45013428, 0.691803, -0.897583, -0.6559143, -0.4142456, -0.1725769, 0.0690918, 0.3107605, 0.5524292, 0.7940979, -0.7952881, -0.5536194, -0.31195068, -0.07028198, 0.17138672, 0.41305542, 0.6547241, 0.8963928, -0.69299316, -0.45132446, -0.20965576, 0.03201294, 0.27368164, 0.51535034, 0.75701904, -0.83236694, -0.59069824, -0.34902954, -0.10736084, 0.13430786, 0.37597656, 0.61764526, 0.85931396, -0.730072, -0.48840332, -0.24673462, -0.005065918, 0.23660278, 0.47827148, 0.7199402, -0.8694458, -0.6277771, -0.3861084, -0.1444397, 0.097229004, 0.3388977, 0.5805664, 0.8222351, -0.7671509, -0.5254822, -0.28381348, -0.042144775, 0.19952393, 0.44119263, 0.6828613, -0.90652466, -0.66485596, -0.42318726, -0.18151855, 0.060150146, 0.30181885, 0.54348755, 0.78515625, -0.80422974, -0.56256104, -0.32089233, -0.07922363, 0.16244507, 0.40411377, 0.6457825, 0.8874512, -0.7019348, -0.4602661, -0.21859741, 0.023071289, 0.26474, 0.5064087, 0.7480774, -0.8413086, -0.5996399, -0.3579712, -0.11630249, 0.12536621, 0.3670349, 0.6087036, 0.8503723, -0.7390137, -0.49734497, -0.25567627, -0.014007568, 0.22766113, 0.46932983, 0.71099854, -0.87838745, -0.63671875, -0.39505005, -0.15338135, 0.08828735, 0.32995605, 0.57162476, 0.81329346, -0.7760925, -0.5344238, -0.29275513, -0.051086426, 0.19058228, 0.43225098, 0.6739197, -0.9154663, -0.6737976, -0.4321289, -0.1904602, 0.051208496, 0.2928772, 0.5345459, 0.7762146, -0.8131714, -0.5715027, -0.32983398, -0.08816528, 0.15350342, 0.39517212, 0.6368408, 0.8785095, -0.71087646, -0.46920776, -0.22753906, 0.014129639, 0.25579834, 0.49746704, 0.73913574, -0.85025024, -0.60858154, -0.36691284, -0.12524414, 0.11642456, 0.35809326, 0.59976196, 0.84143066, -0.7479553, -0.5062866, -0.26461792, -0.022949219, 0.21871948, 0.46038818, 0.7020569, -0.8873291, -0.6456604, -0.4039917, -0.162323, 0.0793457, 0.3210144, 0.5626831, 0.8043518, -0.7850342, -0.5433655, -0.30169678, -0.060028076, 0.18164063, 0.42330933, 0.664978, 0.9066467, -0.68273926, -0.44107056, -0.19940186, 0.042266846, 0.28393555, 0.52560425, 0.76727295, -0.82211304, -0.58044434, -0.33877563, -0.09710693, 0.14456177, 0.38623047, 0.62789917, 0.8695679, -0.7198181, -0.4781494, -0.23648071, 0.0051879883, 0.24685669, 0.4885254, 0.7301941, -0.8591919, -0.6175232, -0.3758545, -0.13418579, 0.10748291, 0.3491516, 0.5908203, 0.832489, -0.756897, -0.5152283, -0.27355957, -0.03189087, 0.20977783, 0.45144653, 0.69311523, -0.89627075, -0.65460205, -0.41293335, -0.17126465, 0.07040405, 0.31207275, 0.55374146, 0.79541016, -0.79397583, -0.5523071, -0.31063843, -0.06896973, 0.17269897, 0.41436768, 0.6560364, 0.8977051, -0.6916809, -0.4500122, -0.2083435, 0.033325195, 0.2749939, 0.5166626, 0.7583313, -0.8310547, -0.589386, -0.3477173, -0.106048584, 0.13562012, 0.37728882, 0.6189575, 0.8606262, -0.72875977, -0.48709106, -0.24542236, -0.003753662, 0.23791504, 0.47958374, 0.72125244, -0.86813354, -0.62646484, -0.38479614, -0.14312744, 0.09854126, 0.34020996, 0.58187866, 0.82354736, -0.7658386, -0.5241699, -0.28250122, -0.04083252, 0.20083618, 0.44250488, 0.6841736, -0.9052124, -0.6635437, -0.421875, -0.1802063, 0.061462402, 0.3031311, 0.5447998, 0.7864685, -0.8029175, -0.5612488, -0.31958008, -0.07791138, 0.16375732, 0.40542603, 0.6470947, 0.8887634, -0.70062256, -0.45895386, -0.21728516, 0.024383545, 0.26605225, 0.50772095, 0.74938965, -0.83999634, -0.59832764, -0.35665894, -0.114990234, 0.12667847, 0.36834717, 0.61001587, 0.8516846, -0.7377014, -0.4960327, -0.254364, -0.0126953125, 0.22897339, 0.4706421, 0.7123108, -0.8770752, -0.6354065, -0.3937378, -0.15206909, 0.08959961, 0.3312683, 0.572937, 0.8146057, -0.7747803, -0.5331116, -0.29144287, -0.04977417, 0.19189453, 0.43356323, 0.67523193, -0.91415405, -0.67248535, -0.43081665, -0.18914795, 0.052520752, 0.29418945, 0.53585815, 0.77752686, -0.81185913, -0.5701904, -0.32852173, -0.08685303, 0.15481567, 0.39648438, 0.6381531, 0.8798218, -0.7095642, -0.4678955, -0.2262268, 0.0154418945, 0.2571106, 0.4987793, 0.740448, -0.848938, -0.6072693, -0.3656006, -0.123931885, 0.11773682, 0.35940552, 0.6010742, 0.8427429, -0.74664307, -0.50497437, -0.26330566, -0.021636963, 0.22003174, 0.46170044, 0.70336914, -0.88601685, -0.64434814, -0.40267944, -0.16101074, 0.08065796, 0.32232666, 0.56399536, 0.80566406, -0.7837219, -0.5420532, -0.30038452, -0.05871582, 0.18295288, 0.42462158, 0.6662903, 0.907959, -0.681427, -0.4397583, -0.1980896, 0.0435791, 0.2852478, 0.5269165, 0.7685852, -0.8208008, -0.5791321, -0.33746338, -0.09579468, 0.14587402, 0.38754272, 0.6292114, 0.8708801, -0.71850586, -0.47683716, -0.23516846, 0.006500244, 0.24816895, 0.48983765, 0.73150635, -0.85787964, -0.61621094, -0.37454224, -0.13287354, 0.108795166, 0.35046387, 0.59213257, 0.83380127, -0.7555847, -0.513916, -0.2722473, -0.030578613, 0.21109009, 0.4527588, 0.6944275, -0.8949585, -0.6532898, -0.4116211, -0.1699524, 0.07171631, 0.313385, 0.5550537, 0.7967224, -0.7926636, -0.5509949, -0.30932617, -0.06765747, 0.17401123, 0.41567993, 0.65734863, 0.89901733, -0.69036865, -0.44869995, -0.20703125, 0.03463745, 0.27630615, 0.51797485, 0.75964355, -0.82974243, -0.58807373, -0.34640503, -0.10473633, 0.13693237, 0.37860107, 0.6202698, 0.8619385, -0.7274475, -0.4857788, -0.2441101, -0.0024414063, 0.2392273, 0.480896, 0.7225647, -0.8668213, -0.6251526, -0.3834839, -0.14181519, 0.099853516, 0.34152222, 0.5831909, 0.8248596, -0.76452637, -0.52285767, -0.28118896, -0.039520264, 0.20214844, 0.44381714, 0.68548584, -0.90390015, -0.66223145, -0.42056274, -0.17889404, 0.06277466, 0.30444336, 0.54611206, 0.78778076, -0.8016052, -0.5599365, -0.31826782, -0.07659912, 0.16506958, 0.40673828, 0.648407, 0.8900757, -0.6993103, -0.4576416, -0.2159729, 0.0256958, 0.2673645, 0.5090332, 0.7507019, -0.8386841, -0.5970154, -0.35534668, -0.11367798, 0.12799072, 0.36965942, 0.6113281, 0.8529968, -0.73638916, -0.49472046, -0.25305176, -0.011383057, 0.23028564, 0.47195435, 0.71362305, -0.87576294, -0.63409424, -0.39242554, -0.15075684, 0.090911865, 0.33258057, 0.57424927, 0.81591797, -0.773468, -0.5317993, -0.29013062, -0.048461914, 0.19320679, 0.4348755, 0.6765442, -0.9128418, -0.6711731, -0.4295044, -0.1878357, 0.053833008, 0.2955017, 0.5371704, 0.7788391, -0.8105469, -0.5688782, -0.32720947, -0.08554077, 0.15612793, 0.39779663, 0.63946533, 0.88113403, -0.70825195, -0.46658325, -0.22491455, 0.01675415, 0.25842285, 0.50009155, 0.74176025, -0.84762573, -0.60595703, -0.36428833, -0.12261963, 0.11904907, 0.36071777, 0.6023865, 0.8440552, -0.7453308, -0.5036621, -0.2619934, -0.020324707, 0.221344, 0.4630127, 0.7046814, -0.8847046, -0.6430359, -0.4013672, -0.15969849, 0.081970215, 0.32363892, 0.5653076, 0.8069763, -0.78240967, -0.54074097, -0.29907227, -0.057403564, 0.18426514, 0.42593384, 0.66760254, 0.90927124, -0.68011475, -0.43844604, -0.19677734, 0.044891357, 0.28656006, 0.52822876, 0.76989746, -0.8194885, -0.5778198, -0.33615112, -0.09448242, 0.14718628, 0.38885498, 0.6305237, 0.8721924, -0.7171936, -0.4755249, -0.2338562, 0.0078125, 0.2494812, 0.4911499, 0.7328186, -0.8565674, -0.6148987, -0.37322998, -0.13156128, 0.11010742, 0.35177612, 0.5934448, 0.8351135, -0.75427246, -0.51260376, -0.27093506, -0.029266357, 0.21240234, 0.45407104, 0.69573975, -0.89364624, -0.65197754, -0.41030884, -0.16864014, 0.073028564, 0.31469727, 0.55636597, 0.79803467, -0.7913513, -0.5496826, -0.30801392, -0.066345215, 0.17532349, 0.4169922, 0.6586609, 0.9003296, -0.6890564, -0.4473877, -0.205719, 0.035949707, 0.2776184, 0.5192871, 0.7609558, -0.8284302, -0.5867615, -0.34509277, -0.10342407, 0.13824463, 0.37991333, 0.62158203, 0.86325073, -0.72613525, -0.48446655, -0.24279785, -0.0011291504, 0.24053955, 0.48220825, 0.72387695, -0.86550903, -0.62384033, -0.38217163, -0.14050293, 0.10116577, 0.34283447, 0.5845032, 0.8261719, -0.7632141, -0.5215454, -0.2798767, -0.038208008, 0.2034607, 0.4451294, 0.6867981, -0.9025879, -0.6609192, -0.4192505, -0.17758179, 0.064086914, 0.30575562, 0.5474243, 0.789093, -0.80029297, -0.55862427, -0.31695557, -0.075286865, 0.16638184, 0.40805054, 0.64971924, 0.89138794, -0.69799805, -0.45632935, -0.21466064, 0.027008057, 0.26867676, 0.51034546, 0.75201416, -0.8373718, -0.5957031, -0.35403442, -0.11236572, 0.12930298, 0.37097168, 0.6126404, 0.8543091, -0.7350769, -0.4934082, -0.2517395, -0.010070801, 0.2315979, 0.4732666, 0.7149353, -0.8744507, -0.632782, -0.39111328, -0.14944458, 0.09222412, 0.33389282, 0.5755615, 0.8172302, -0.77215576, -0.53048706, -0.28881836, -0.04714966, 0.19451904, 0.43618774, 0.67785645, -0.91152954, -0.66986084, -0.42819214, -0.18652344, 0.055145264, 0.29681396, 0.53848267, 0.78015137, -0.8092346, -0.5675659, -0.32589722, -0.084228516, 0.15744019, 0.3991089, 0.6407776, 0.8824463, -0.7069397, -0.465271, -0.2236023, 0.018066406, 0.2597351, 0.5014038, 0.7430725, -0.8463135, -0.6046448, -0.36297607, -0.12130737, 0.12036133, 0.36203003, 0.60369873, 0.84536743, -0.74401855, -0.50234985, -0.26068115, -0.019012451, 0.22265625, 0.46432495, 0.70599365, -0.88339233, -0.64172363, -0.40005493, -0.15838623, 0.08328247, 0.32495117, 0.5666199, 0.8082886, -0.7810974, -0.5394287, -0.29776, -0.05609131, 0.1855774, 0.4272461, 0.6689148, 0.9105835, -0.6788025, -0.4371338, -0.19546509, 0.046203613, 0.2878723, 0.529541, 0.7712097, -0.81817627, -0.57650757, -0.33483887, -0.093170166, 0.14849854, 0.39016724, 0.63183594, 0.87350464, -0.71588135, -0.47421265, -0.23254395, 0.009124756, 0.25079346, 0.49246216, 0.73413086, -0.8552551, -0.6135864, -0.37191772, -0.13024902, 0.11141968, 0.35308838, 0.5947571, 0.8364258, -0.7529602, -0.5112915, -0.2696228, -0.027954102, 0.2137146, 0.4553833, 0.697052, -0.892334, -0.6506653, -0.40899658, -0.16732788, 0.07434082, 0.31600952, 0.5576782, 0.7993469, -0.79003906, -0.54837036, -0.30670166, -0.06503296, 0.17663574, 0.41830444, 0.65997314, 0.90164185, -0.68774414, -0.44607544, -0.20440674, 0.037261963, 0.27893066, 0.52059937, 0.76226807, -0.8271179, -0.5854492, -0.34378052, -0.10211182, 0.13955688, 0.3812256, 0.6228943, 0.864563, -0.724823, -0.4831543, -0.2414856, 0.00018310547, 0.2418518, 0.4835205, 0.7251892, -0.8641968, -0.6225281, -0.38085938, -0.13919067, 0.10247803, 0.34414673, 0.5858154, 0.82748413, -0.76190186, -0.52023315, -0.27856445, -0.036895752, 0.20477295, 0.44644165, 0.68811035, -0.90127563, -0.65960693, -0.41793823, -0.17626953, 0.06539917, 0.30706787, 0.5487366, 0.7904053, -0.7989807, -0.557312, -0.3156433, -0.07397461, 0.16769409, 0.4093628, 0.6510315, 0.8927002, -0.6966858, -0.4550171, -0.21334839, 0.028320313, 0.269989, 0.5116577, 0.7533264, -0.8360596, -0.59439087, -0.35272217, -0.11105347, 0.13061523, 0.37228394, 0.61395264, 0.85562134, -0.73376465, -0.49209595, -0.25042725, -0.008758545, 0.23291016, 0.47457886, 0.71624756, -0.8731384, -0.6314697, -0.38980103, -0.14813232, 0.09353638, 0.33520508, 0.5768738, 0.8185425, -0.7708435, -0.5291748, -0.2875061, -0.045837402, 0.1958313, 0.4375, 0.6791687, -0.9102173, -0.6685486, -0.42687988, -0.18521118, 0.05645752, 0.29812622, 0.5397949, 0.7814636, -0.80792236, -0.56625366, -0.32458496, -0.08291626, 0.15875244, 0.40042114, 0.64208984, 0.88375854, -0.70562744, -0.46395874, -0.22229004, 0.019378662, 0.26104736, 0.50271606, 0.74438477, -0.8450012, -0.6033325, -0.36166382, -0.11999512, 0.121673584, 0.3633423, 0.605011, 0.8466797, -0.7427063, -0.5010376, -0.2593689, -0.017700195, 0.2239685, 0.4656372, 0.7073059, -0.8820801, -0.6404114, -0.39874268, -0.15707397, 0.08459473, 0.32626343, 0.5679321, 0.80960083, -0.77978516, -0.53811646, -0.29644775, -0.054779053, 0.18688965, 0.42855835, 0.67022705, 0.91189575, -0.67749023, -0.43582153, -0.19415283, 0.04751587, 0.28918457, 0.5308533, 0.772522, -0.816864, -0.5751953, -0.3335266, -0.09185791, 0.14981079, 0.3914795, 0.6331482, 0.8748169, -0.7145691, -0.4729004, -0.23123169, 0.010437012, 0.2521057, 0.4937744, 0.7354431, -0.8539429, -0.61227417, -0.37060547, -0.12893677, 0.11273193, 0.35440063, 0.59606934, 0.83773804, -0.75164795, -0.50997925, -0.26831055, -0.026641846, 0.21502686, 0.45669556, 0.69836426, -0.8910217, -0.649353, -0.40768433, -0.16601563, 0.075653076, 0.31732178, 0.5589905, 0.8006592, -0.7887268, -0.5470581, -0.3053894, -0.0637207, 0.177948, 0.4196167, 0.6612854, 0.9029541, -0.6864319, -0.44476318, -0.20309448, 0.03857422, 0.28024292, 0.5219116, 0.7635803, -0.82580566, -0.58413696, -0.34246826, -0.10079956, 0.14086914, 0.38253784, 0.62420654, 0.86587524, -0.72351074, -0.48184204, -0.24017334, 0.0014953613, 0.24316406, 0.48483276, 0.72650146, -0.8628845, -0.6212158, -0.37954712, -0.13787842, 0.10379028, 0.34545898, 0.5871277, 0.8287964, -0.7605896, -0.5189209, -0.2772522, -0.035583496, 0.2060852, 0.4477539, 0.6894226, -0.8999634, -0.6582947, -0.41662598, -0.17495728, 0.066711426, 0.30838013, 0.5500488, 0.7917175, -0.79766846, -0.55599976, -0.31433105, -0.07266235, 0.16900635, 0.41067505, 0.65234375, 0.89401245, -0.69537354, -0.45370483, -0.21203613, 0.029632568, 0.27130127, 0.51297, 0.7546387, -0.8347473, -0.5930786, -0.3514099, -0.10974121, 0.13192749, 0.3735962, 0.6152649, 0.8569336, -0.7324524, -0.4907837, -0.24911499, -0.007446289, 0.23422241, 0.4758911, 0.7175598, -0.8718262, -0.6301575, -0.38848877, -0.14682007, 0.09484863, 0.33651733, 0.57818604, 0.81985474, -0.76953125, -0.52786255, -0.28619385, -0.044525146, 0.19714355, 0.43881226, 0.68048096, -0.908905, -0.6672363, -0.42556763, -0.18389893, 0.057769775, 0.29943848, 0.5411072, 0.7827759, -0.8066101, -0.5649414, -0.3232727, -0.081604004, 0.1600647, 0.4017334, 0.6434021, 0.8850708, -0.7043152, -0.46264648, -0.22097778, 0.020690918, 0.26235962, 0.5040283, 0.745697, -0.84368896, -0.60202026, -0.36035156, -0.11868286, 0.12298584, 0.36465454, 0.60632324, 0.84799194, -0.74139404, -0.49972534, -0.25805664, -0.01638794, 0.22528076, 0.46694946, 0.70861816, -0.8807678, -0.6390991, -0.39743042, -0.15576172, 0.08590698, 0.32757568, 0.5692444, 0.8109131, -0.7784729, -0.5368042, -0.2951355, -0.053466797, 0.1882019, 0.4298706, 0.6715393, 0.913208, -0.676178, -0.43450928, -0.19284058, 0.048828125, 0.29049683, 0.5321655, 0.7738342, -0.81555176, -0.57388306, -0.33221436, -0.090545654, 0.15112305, 0.39279175, 0.63446045, 0.87612915, -0.71325684, -0.47158813, -0.22991943, 0.011749268, 0.25341797, 0.49508667, 0.7367554, -0.8526306, -0.6109619, -0.3692932, -0.12762451, 0.11404419, 0.3557129, 0.5973816, 0.8390503, -0.7503357, -0.508667, -0.2669983, -0.02532959, 0.21633911, 0.4580078, 0.6996765, -0.8897095, -0.6480408, -0.40637207, -0.16470337, 0.07696533, 0.31863403, 0.56030273, 0.80197144, -0.78741455, -0.54574585, -0.30407715, -0.062408447, 0.17926025, 0.42092896, 0.66259766, 0.90426636, -0.6851196, -0.44345093, -0.20178223, 0.039886475, 0.28155518, 0.5232239, 0.7648926, -0.8244934, -0.5828247, -0.341156, -0.099487305, 0.1421814, 0.3838501, 0.6255188, 0.8671875, -0.7221985, -0.4805298, -0.23886108, 0.0028076172, 0.24447632, 0.48614502, 0.7278137, -0.86157227, -0.61990356, -0.37823486, -0.13656616, 0.10510254, 0.34677124, 0.58843994, 0.83010864, -0.75927734, -0.51760864, -0.27593994, -0.03427124, 0.20739746, 0.44906616, 0.69073486, -0.8986511, -0.6569824, -0.41531372, -0.17364502, 0.06802368, 0.30969238, 0.5513611, 0.7930298, -0.7963562, -0.5546875, -0.3130188, -0.0713501, 0.1703186, 0.4119873, 0.653656, 0.8953247, -0.6940613, -0.45239258, -0.21072388, 0.030944824, 0.27261353, 0.5142822, 0.7559509, -0.83343506, -0.59176636, -0.35009766, -0.108428955, 0.13323975, 0.37490845, 0.61657715, 0.85824585, -0.73114014, -0.48947144, -0.24780273, -0.006134033, 0.23553467, 0.47720337, 0.7188721, -0.8705139, -0.6288452, -0.3871765, -0.14550781, 0.09616089, 0.3378296, 0.5794983, 0.821167, -0.768219, -0.5265503, -0.2848816, -0.04321289, 0.19845581, 0.4401245, 0.6817932, -0.9075928, -0.6659241, -0.42425537, -0.18258667, 0.05908203, 0.30075073, 0.54241943, 0.78408813, -0.80529785, -0.56362915, -0.32196045, -0.08029175, 0.16137695, 0.40304565, 0.64471436, 0.88638306, -0.7030029, -0.46133423, -0.21966553, 0.022003174, 0.26367188, 0.5053406, 0.7470093, -0.8423767, -0.600708, -0.3590393, -0.117370605, 0.124298096, 0.3659668, 0.6076355, 0.8493042, -0.7400818, -0.4984131, -0.25674438, -0.015075684, 0.22659302, 0.46826172, 0.7099304, -0.87945557, -0.63778687, -0.39611816, -0.15444946, 0.08721924, 0.32888794, 0.57055664, 0.81222534, -0.77716064, -0.53549194, -0.29382324, -0.05215454, 0.18951416, 0.43118286, 0.67285156, 0.91452026, -0.6748657, -0.43319702, -0.19152832, 0.05014038, 0.29180908, 0.5334778, 0.7751465, -0.8142395, -0.5725708, -0.3309021, -0.0892334, 0.1524353, 0.394104, 0.6357727, 0.8774414, -0.7119446, -0.47027588, -0.22860718, 0.013061523, 0.25473022, 0.49639893, 0.7380676, -0.85131836, -0.60964966, -0.36798096, -0.12631226, 0.115356445, 0.35702515, 0.59869385, 0.84036255, -0.74902344, -0.50735474, -0.26568604, -0.024017334, 0.21765137, 0.45932007, 0.70098877, -0.8883972, -0.6467285, -0.4050598, -0.16339111, 0.07827759, 0.3199463, 0.561615, 0.8032837, -0.7861023, -0.5444336, -0.3027649, -0.06109619, 0.18057251, 0.4222412, 0.6639099, 0.9055786, -0.6838074, -0.44213867, -0.20046997, 0.04119873, 0.28286743, 0.52453613, 0.76620483, -0.82318115, -0.58151245, -0.33984375, -0.09817505, 0.14349365, 0.38516235, 0.62683105, 0.86849976, -0.72088623, -0.47921753, -0.23754883, 0.004119873, 0.24578857, 0.48745728, 0.729126, -0.86026, -0.6185913, -0.3769226, -0.1352539, 0.106414795, 0.3480835, 0.5897522, 0.8314209, -0.7579651, -0.5162964, -0.2746277, -0.032958984, 0.20870972, 0.45037842, 0.6920471, -0.89733887, -0.65567017, -0.41400146, -0.17233276, 0.06933594, 0.31100464, 0.55267334, 0.79434204, -0.79504395, -0.55337524, -0.31170654, -0.07003784, 0.17163086, 0.41329956, 0.65496826, 0.89663696, -0.692749, -0.45108032, -0.20941162, 0.03225708, 0.27392578, 0.5155945, 0.7572632, -0.8321228, -0.5904541, -0.3487854, -0.1071167, 0.134552, 0.3762207, 0.6178894, 0.8595581, -0.7298279, -0.48815918, -0.24649048, -0.0048217773, 0.23684692, 0.47851563, 0.7201843, -0.86920166, -0.62753296, -0.38586426, -0.14419556, 0.097473145, 0.33914185, 0.58081055, 0.82247925, -0.76690674, -0.52523804, -0.28356934, -0.041900635, 0.19976807, 0.44143677, 0.68310547, -0.9062805, -0.6646118, -0.42294312, -0.18127441, 0.060394287, 0.302063, 0.5437317, 0.7854004, -0.8039856, -0.5623169, -0.3206482, -0.07897949, 0.16268921, 0.4043579, 0.6460266, 0.8876953, -0.7016907, -0.46002197, -0.21835327, 0.02331543, 0.26498413, 0.50665283, 0.74832153, -0.84106445, -0.59939575, -0.35772705, -0.11605835, 0.12561035, 0.36727905, 0.60894775, 0.85061646, -0.73876953, -0.49710083, -0.25543213, -0.013763428, 0.22790527, 0.46957397, 0.7112427, -0.8781433, -0.6364746, -0.3948059, -0.1531372, 0.088531494, 0.3302002, 0.5718689, 0.8135376, -0.7758484, -0.5341797, -0.292511, -0.050842285, 0.19082642, 0.43249512, 0.6741638, -0.91522217, -0.67355347, -0.43188477, -0.19021606, 0.051452637, 0.29312134, 0.53479004, 0.77645874, -0.81292725, -0.57125854, -0.32958984, -0.08792114, 0.15374756, 0.39541626, 0.63708496, 0.87875366, -0.7106323, -0.46896362, -0.22729492, 0.014373779, 0.25604248, 0.49771118, 0.7393799, -0.8500061, -0.6083374, -0.3666687, -0.125, 0.1166687, 0.3583374, 0.6000061, 0.8416748, -0.7477112, -0.5060425, -0.26437378, -0.022705078, 0.21896362, 0.46063232, 0.702301, -0.88708496, -0.64541626, -0.40374756, -0.16207886, 0.079589844, 0.32125854, 0.56292725, 0.80459595, -0.78479004, -0.54312134, -0.30145264, -0.059783936, 0.18188477, 0.42355347, 0.66522217, 0.90689087, -0.6824951, -0.44082642, -0.19915771, 0.042510986, 0.2841797, 0.5258484, 0.7675171, -0.8218689, -0.5802002, -0.3385315, -0.09686279, 0.14480591, 0.3864746, 0.6281433, 0.869812, -0.719574, -0.47790527, -0.23623657, 0.005432129, 0.24710083, 0.48876953, 0.73043823, -0.85894775, -0.61727905, -0.37561035, -0.13394165, 0.10772705, 0.34939575, 0.59106445, 0.83273315, -0.75665283, -0.51498413, -0.27331543, -0.03164673, 0.21002197, 0.45169067, 0.6933594, -0.8960266, -0.6543579, -0.4126892, -0.17102051, 0.07064819, 0.3123169, 0.5539856, 0.7956543, -0.7937317, -0.552063, -0.3103943, -0.068725586, 0.17294312, 0.41461182, 0.6562805, 0.8979492, -0.69143677, -0.44976807, -0.20809937, 0.033569336, 0.27523804, 0.51690674, 0.75857544, -0.83081055, -0.58914185, -0.34747314, -0.10580444, 0.13586426, 0.37753296, 0.61920166, 0.86087036, -0.7285156, -0.48684692, -0.24517822, -0.0035095215, 0.23815918, 0.47982788, 0.7214966, -0.8678894, -0.6262207, -0.384552, -0.1428833, 0.0987854, 0.3404541, 0.5821228, 0.8237915, -0.7655945, -0.5239258, -0.28225708, -0.04058838, 0.20108032, 0.44274902, 0.6844177, -0.90496826, -0.66329956, -0.42163086, -0.17996216, 0.061706543, 0.30337524, 0.54504395, 0.78671265, -0.80267334, -0.56100464, -0.31933594, -0.07766724, 0.16400146, 0.40567017, 0.64733887, 0.88900757, -0.7003784, -0.45870972, -0.21704102, 0.024627686, 0.2662964, 0.5079651, 0.7496338, -0.8397522, -0.5980835, -0.3564148, -0.114746094, 0.1269226, 0.3685913, 0.61026, 0.8519287, -0.7374573, -0.49578857, -0.25411987, -0.012451172, 0.22921753, 0.47088623, 0.71255493, -0.87683105, -0.63516235, -0.39349365, -0.15182495, 0.08984375, 0.33151245, 0.57318115, 0.81484985, -0.77453613, -0.53286743, -0.29119873, -0.04953003, 0.19213867, 0.43380737, 0.6754761, -0.9139099, -0.6722412, -0.4305725, -0.18890381, 0.052764893, 0.2944336, 0.5361023, 0.777771, -0.811615, -0.5699463, -0.3282776, -0.08660889, 0.15505981, 0.39672852, 0.6383972, 0.8800659, -0.70932007, -0.46765137, -0.22598267, 0.015686035, 0.25735474, 0.49902344, 0.74069214, -0.84869385, -0.60702515, -0.36535645, -0.123687744, 0.11798096, 0.35964966, 0.60131836, 0.84298706, -0.7463989, -0.5047302, -0.26306152, -0.021392822, 0.22027588, 0.46194458, 0.7036133, -0.8857727, -0.644104, -0.4024353, -0.1607666, 0.0809021, 0.3225708, 0.5642395, 0.8059082, -0.7834778, -0.5418091, -0.30014038, -0.05847168, 0.18319702, 0.42486572, 0.6665344, 0.9082031, -0.68118286, -0.43951416, -0.19784546, 0.043823242, 0.28549194, 0.52716064, 0.76882935, -0.82055664, -0.57888794, -0.33721924, -0.09555054, 0.14611816, 0.38778687, 0.62945557, 0.87112427, -0.7182617, -0.47659302, -0.23492432, 0.0067443848, 0.24841309, 0.4900818, 0.7317505, -0.8576355, -0.6159668, -0.3742981, -0.1326294, 0.10903931, 0.350708, 0.5923767, 0.8340454, -0.7553406, -0.5136719, -0.27200317, -0.030334473, 0.21133423, 0.45300293, 0.69467163, -0.89471436, -0.65304565, -0.41137695, -0.16970825, 0.07196045, 0.31362915, 0.55529785, 0.79696655, -0.79241943, -0.55075073, -0.30908203, -0.06741333, 0.17425537, 0.41592407, 0.6575928, 0.8992615, -0.6901245, -0.4484558, -0.20678711, 0.03488159, 0.2765503, 0.518219, 0.7598877, -0.8294983, -0.5878296, -0.3461609, -0.10449219, 0.13717651, 0.3788452, 0.6205139, 0.8621826, -0.72720337, -0.48553467, -0.24386597, -0.0021972656, 0.23947144, 0.48114014, 0.72280884, -0.86657715, -0.62490845, -0.38323975, -0.14157104, 0.100097656, 0.34176636, 0.58343506, 0.82510376, -0.7642822, -0.5226135, -0.28094482, -0.039276123, 0.20239258, 0.44406128, 0.68573, -0.903656, -0.6619873, -0.4203186, -0.1786499, 0.0630188, 0.3046875, 0.5463562, 0.7880249, -0.8013611, -0.5596924, -0.31802368, -0.07635498, 0.16531372, 0.40698242, 0.6486511, 0.8903198, -0.69906616, -0.45739746, -0.21572876, 0.025939941, 0.26760864, 0.50927734, 0.75094604, -0.83843994, -0.59677124, -0.35510254, -0.11343384, 0.12823486, 0.36990356, 0.61157227, 0.85324097, -0.736145, -0.49447632, -0.25280762, -0.011138916, 0.23052979, 0.4721985, 0.7138672, -0.8755188, -0.6338501, -0.3921814, -0.1505127, 0.091156006, 0.3328247, 0.5744934, 0.8161621, -0.7732239, -0.5315552, -0.28988647, -0.048217773, 0.19345093, 0.43511963, 0.67678833, -0.91259766, -0.67092896, -0.42926025, -0.18759155, 0.05407715, 0.29574585, 0.53741455, 0.77908325, -0.81030273, -0.56863403, -0.32696533, -0.08529663, 0.15637207, 0.39804077, 0.6397095, 0.8813782, -0.7080078, -0.4663391, -0.22467041, 0.016998291, 0.258667, 0.5003357, 0.7420044, -0.8473816, -0.6057129, -0.3640442, -0.12237549, 0.11929321, 0.3609619, 0.6026306, 0.8442993, -0.74508667, -0.50341797, -0.26174927, -0.020080566, 0.22158813, 0.46325684, 0.70492554, -0.88446045, -0.64279175, -0.40112305, -0.15945435, 0.082214355, 0.32388306, 0.56555176, 0.80722046, -0.7821655, -0.5404968, -0.29882813, -0.057159424, 0.18450928, 0.42617798, 0.6678467, 0.9095154, -0.6798706, -0.4382019, -0.1965332, 0.045135498, 0.2868042, 0.5284729, 0.7701416, -0.8192444, -0.5775757, -0.33590698, -0.09423828, 0.14743042, 0.38909912, 0.6307678, 0.8724365, -0.71694946, -0.47528076, -0.23361206, 0.008056641, 0.24972534, 0.49139404, 0.73306274, -0.85632324, -0.61465454, -0.37298584, -0.13131714, 0.11035156, 0.35202026, 0.59368896, 0.83535767, -0.7540283, -0.5123596, -0.27069092, -0.029022217, 0.21264648, 0.4543152, 0.6959839, -0.8934021, -0.6517334, -0.4100647, -0.168396, 0.073272705, 0.3149414, 0.5566101, 0.7982788, -0.7911072, -0.5494385, -0.30776978, -0.066101074, 0.17556763, 0.41723633, 0.658905, 0.90057373, -0.68881226, -0.44714355, -0.20547485, 0.036193848, 0.27786255, 0.51953125, 0.76119995, -0.82818604, -0.58651733, -0.34484863, -0.10317993, 0.13848877, 0.38015747, 0.6218262, 0.8634949, -0.7258911, -0.4842224, -0.24255371, -0.00088500977, 0.24078369, 0.4824524, 0.7241211, -0.8652649, -0.6235962, -0.3819275, -0.14025879, 0.10140991, 0.3430786, 0.5847473, 0.826416, -0.76297, -0.52130127, -0.27963257, -0.037963867, 0.20370483, 0.44537354, 0.68704224, -0.90234375, -0.66067505, -0.41900635, -0.17733765, 0.064331055, 0.30599976, 0.54766846, 0.78933716, -0.8000488, -0.5583801, -0.31671143, -0.075042725, 0.16662598, 0.40829468, 0.6499634, 0.8916321, -0.6977539, -0.4560852, -0.2144165, 0.027252197, 0.2689209, 0.5105896, 0.7522583, -0.8371277, -0.595459, -0.35379028, -0.11212158, 0.12954712, 0.37121582, 0.6128845, 0.8545532, -0.73483276, -0.49316406, -0.25149536, -0.00982666, 0.23184204, 0.47351074, 0.71517944, -0.87420654, -0.63253784, -0.39086914, -0.14920044, 0.09246826, 0.33413696, 0.57580566, 0.81747437, -0.7719116, -0.5302429, -0.28857422, -0.046905518, 0.19476318, 0.43643188, 0.6781006, -0.9112854, -0.6696167, -0.427948, -0.1862793, 0.055389404, 0.2970581, 0.5387268, 0.7803955, -0.8089905, -0.5673218, -0.32565308, -0.083984375, 0.15768433, 0.39935303, 0.6410217, 0.8826904, -0.70669556, -0.46502686, -0.22335815, 0.018310547, 0.25997925, 0.50164795, 0.74331665, -0.84606934, -0.60440063, -0.36273193, -0.12106323, 0.12060547, 0.36227417, 0.6039429, 0.8456116, -0.7437744, -0.5021057, -0.260437, -0.01876831, 0.22290039, 0.4645691, 0.7062378, -0.8831482, -0.6414795, -0.3998108, -0.15814209, 0.08352661, 0.3251953, 0.566864, 0.8085327, -0.7808533, -0.5391846, -0.29751587, -0.055847168, 0.18582153, 0.42749023, 0.66915894, 0.91082764, -0.67855835, -0.43688965, -0.19522095, 0.046447754, 0.28811646, 0.52978516, 0.77145386, -0.8179321, -0.5762634, -0.33459473, -0.092926025, 0.14874268, 0.39041138, 0.6320801, 0.8737488, -0.7156372, -0.4739685, -0.2322998, 0.0093688965, 0.2510376, 0.4927063, 0.734375, -0.855011, -0.6133423, -0.37167358, -0.13000488, 0.11166382, 0.35333252, 0.5950012, 0.8366699, -0.75271606, -0.51104736, -0.26937866, -0.027709961, 0.21395874, 0.45562744, 0.69729614, -0.89208984, -0.65042114, -0.40875244, -0.16708374, 0.07458496, 0.31625366, 0.55792236, 0.79959106, -0.7897949, -0.5481262, -0.30645752, -0.06478882, 0.17687988, 0.41854858, 0.6602173, 0.901886, -0.6875, -0.4458313, -0.2041626, 0.037506104, 0.2791748, 0.5208435, 0.7625122, -0.8268738, -0.5852051, -0.34353638, -0.101867676, 0.13980103, 0.38146973, 0.6231384, 0.8648071, -0.72457886, -0.48291016, -0.24124146, 0.0004272461, 0.24209595, 0.48376465, 0.72543335, -0.86395264, -0.62228394, -0.38061523, -0.13894653, 0.10272217, 0.34439087, 0.5860596, 0.8277283, -0.7616577, -0.519989, -0.2783203, -0.03665161, 0.20501709, 0.4466858, 0.6883545, -0.9010315, -0.6593628, -0.4176941, -0.17602539, 0.06564331, 0.307312, 0.5489807, 0.7906494, -0.7987366, -0.5570679, -0.31539917, -0.07373047, 0.16793823, 0.40960693, 0.65127563, 0.89294434, -0.69644165, -0.45477295, -0.21310425, 0.028564453, 0.27023315, 0.51190186, 0.75357056, -0.8358154, -0.5941467, -0.35247803, -0.110809326, 0.13085938, 0.37252808, 0.6141968, 0.8558655, -0.7335205, -0.4918518, -0.2501831, -0.008514404, 0.2331543, 0.474823, 0.7164917, -0.8728943, -0.6312256, -0.38955688, -0.14788818, 0.09378052, 0.33544922, 0.5771179, 0.8187866, -0.77059937, -0.52893066, -0.28726196, -0.04559326, 0.19607544, 0.43774414, 0.67941284, -0.90997314, -0.66830444, -0.42663574, -0.18496704, 0.05670166, 0.29837036, 0.54003906, 0.78170776, -0.8076782, -0.5660095, -0.32434082, -0.08267212, 0.15899658, 0.40066528, 0.642334, 0.8840027, -0.7053833, -0.4637146, -0.2220459, 0.019622803, 0.2612915, 0.5029602, 0.7446289, -0.8447571, -0.6030884, -0.36141968, -0.11975098, 0.121917725, 0.36358643, 0.6052551, 0.8469238, -0.74246216, -0.50079346, -0.25912476, -0.017456055, 0.22421265, 0.46588135, 0.70755005, -0.88183594, -0.64016724, -0.39849854, -0.15682983, 0.08483887, 0.32650757, 0.56817627, 0.809845, -0.779541, -0.5378723, -0.2962036, -0.054534912, 0.18713379, 0.4288025, 0.6704712, 0.9121399, -0.6772461, -0.4355774, -0.19390869, 0.04776001, 0.2894287, 0.5310974, 0.7727661, -0.8166199, -0.5749512, -0.33328247, -0.09161377, 0.15005493, 0.39172363, 0.63339233, 0.87506104, -0.71432495, -0.47265625, -0.23098755, 0.010681152, 0.25234985, 0.49401855, 0.73568726, -0.85369873, -0.61203, -0.37036133, -0.12869263, 0.112976074, 0.35464478, 0.5963135, 0.8379822, -0.7514038, -0.5097351, -0.2680664, -0.026397705, 0.215271, 0.4569397, 0.6986084, -0.8907776, -0.6491089, -0.4074402, -0.16577148, 0.07589722, 0.31756592, 0.5592346, 0.8009033, -0.78848267, -0.54681396, -0.30514526, -0.06347656, 0.17819214, 0.41986084, 0.66152954, 0.90319824, -0.68618774, -0.44451904, -0.20285034, 0.03881836, 0.28048706, 0.52215576, 0.76382446, -0.8255615, -0.5838928, -0.34222412, -0.10055542, 0.14111328, 0.38278198, 0.6244507, 0.8661194, -0.7232666, -0.4815979, -0.2399292, 0.001739502, 0.2434082, 0.4850769, 0.7267456, -0.8626404, -0.6209717, -0.37930298, -0.13763428, 0.104034424, 0.34570313, 0.5873718, 0.8290405, -0.76034546, -0.51867676, -0.27700806, -0.035339355, 0.20632935, 0.44799805, 0.68966675, -0.89971924, -0.65805054, -0.41638184, -0.17471313, 0.06695557, 0.30862427, 0.55029297, 0.79196167, -0.7974243, -0.5557556, -0.3140869, -0.07241821, 0.16925049, 0.4109192, 0.6525879, 0.8942566, -0.6951294, -0.4534607, -0.21179199, 0.029876709, 0.2715454, 0.5132141, 0.7548828, -0.8345032, -0.5928345, -0.35116577, -0.10949707, 0.13217163, 0.37384033, 0.61550903, 0.85717773, -0.73220825, -0.49053955, -0.24887085, -0.0072021484, 0.23446655, 0.47613525, 0.71780396, -0.87158203, -0.62991333, -0.38824463, -0.14657593, 0.09509277, 0.33676147, 0.5784302, 0.8200989, -0.7692871, -0.5276184, -0.2859497, -0.044281006, 0.1973877, 0.4390564, 0.6807251, -0.9086609, -0.6669922, -0.4253235, -0.18365479, 0.058013916, 0.29968262, 0.5413513, 0.78302, -0.80636597, -0.56469727, -0.32302856, -0.08135986, 0.16030884, 0.40197754, 0.64364624, 0.88531494, -0.70407104, -0.46240234, -0.22073364, 0.020935059, 0.26260376, 0.50427246, 0.74594116, -0.8434448, -0.6017761, -0.36010742, -0.11843872, 0.12322998, 0.36489868, 0.6065674, 0.8482361, -0.7411499, -0.4994812, -0.2578125, -0.016143799, 0.2255249, 0.4671936, 0.7088623, -0.8805237, -0.638855, -0.39718628, -0.15551758, 0.08615112, 0.32781982, 0.5694885, 0.8111572, -0.77822876, -0.53656006, -0.29489136, -0.053222656, 0.18844604, 0.43011475, 0.67178345, 0.91345215, -0.67593384, -0.43426514, -0.19259644, 0.049072266, 0.29074097, 0.53240967, 0.77407837, -0.8153076, -0.5736389, -0.3319702, -0.09030151, 0.15136719, 0.3930359, 0.6347046, 0.8763733, -0.7130127, -0.471344, -0.2296753, 0.011993408, 0.2536621, 0.4953308, 0.7369995, -0.8523865, -0.6107178, -0.36904907, -0.12738037, 0.11428833, 0.35595703, 0.59762573, 0.83929443, -0.75009155, -0.50842285, -0.26675415, -0.02508545, 0.21658325, 0.45825195, 0.69992065, -0.88946533, -0.64779663, -0.40612793, -0.16445923, 0.07720947, 0.31887817, 0.5605469, 0.8022156, -0.7871704, -0.5455017, -0.303833, -0.062164307, 0.1795044, 0.4211731, 0.6628418, 0.9045105, -0.6848755, -0.4432068, -0.20153809, 0.040130615, 0.28179932, 0.523468, 0.7651367, -0.82424927, -0.58258057, -0.34091187, -0.099243164, 0.14242554, 0.38409424, 0.62576294, 0.86743164, -0.72195435, -0.48028564, -0.23861694, 0.0030517578, 0.24472046, 0.48638916, 0.72805786, -0.8613281, -0.6196594, -0.37799072, -0.13632202, 0.10534668, 0.34701538, 0.5886841, 0.8303528, -0.7590332, -0.5173645, -0.2756958, -0.0340271, 0.2076416, 0.4493103, 0.690979, -0.898407, -0.6567383, -0.41506958, -0.17340088, 0.06826782, 0.30993652, 0.5516052, 0.7932739, -0.79611206, -0.55444336, -0.31277466, -0.07110596, 0.17056274, 0.41223145, 0.65390015, 0.89556885, -0.69381714, -0.45214844, -0.21047974, 0.031188965, 0.27285767, 0.51452637, 0.75619507, -0.8331909, -0.5915222, -0.34985352, -0.108184814, 0.13348389, 0.3751526, 0.6168213, 0.85849, -0.730896, -0.4892273, -0.2475586, -0.0058898926, 0.23577881, 0.4774475, 0.7191162, -0.8702698, -0.6286011, -0.38693237, -0.14526367, 0.09640503, 0.33807373, 0.57974243, 0.82141113, -0.76797485, -0.52630615, -0.28463745, -0.04296875, 0.19869995, 0.44036865, 0.68203735, -0.90734863, -0.66567993, -0.42401123, -0.18234253, 0.059326172, 0.30099487, 0.5426636, 0.7843323, -0.8050537, -0.563385, -0.3217163, -0.08004761, 0.1616211, 0.4032898, 0.6449585, 0.8866272, -0.7027588, -0.4610901, -0.21942139, 0.022247314, 0.26391602, 0.5055847, 0.7472534, -0.84213257, -0.60046387, -0.35879517, -0.117126465, 0.12454224, 0.36621094, 0.60787964, 0.84954834, -0.73983765, -0.49816895, -0.25650024, -0.014831543, 0.22683716, 0.46850586, 0.71017456, -0.8792114, -0.6375427, -0.39587402, -0.15420532, 0.08746338, 0.32913208, 0.5708008, 0.8124695, -0.7769165, -0.5352478, -0.2935791, -0.0519104, 0.1897583, 0.431427, 0.6730957, 0.9147644, -0.6746216, -0.43295288, -0.19128418, 0.05038452, 0.29205322, 0.5337219, 0.7753906, -0.81399536, -0.57232666, -0.33065796, -0.08898926, 0.15267944, 0.39434814, 0.63601685, 0.87768555, -0.71170044, -0.47003174, -0.22836304, 0.013305664, 0.25497437, 0.49664307, 0.73831177, -0.8510742, -0.6094055, -0.36773682, -0.12606812, 0.115600586, 0.3572693, 0.598938, 0.8406067, -0.7487793, -0.5071106, -0.2654419, -0.023773193, 0.21789551, 0.4595642, 0.7012329, -0.8881531, -0.6464844, -0.40481567, -0.16314697, 0.07852173, 0.32019043, 0.56185913, 0.80352783, -0.78585815, -0.54418945, -0.30252075, -0.06085205, 0.18081665, 0.42248535, 0.66415405, 0.90582275, -0.68356323, -0.44189453, -0.20022583, 0.04144287, 0.28311157, 0.5247803, 0.766449, -0.822937, -0.5812683, -0.3395996, -0.09793091, 0.1437378, 0.3854065, 0.6270752, 0.8687439, -0.7206421, -0.4789734, -0.23730469, 0.0043640137, 0.24603271, 0.48770142, 0.7293701, -0.86001587, -0.61834717, -0.37667847, -0.13500977, 0.106658936, 0.34832764, 0.58999634, 0.83166504, -0.75772095, -0.51605225, -0.27438354, -0.032714844, 0.20895386, 0.45062256, 0.69229126, -0.8970947, -0.655426, -0.41375732, -0.17208862, 0.06958008, 0.31124878, 0.5529175, 0.7945862, -0.7947998, -0.5531311, -0.3114624, -0.0697937, 0.171875, 0.4135437, 0.6552124, 0.8968811, -0.6925049, -0.45083618, -0.20916748, 0.03250122, 0.27416992, 0.5158386, 0.7575073, -0.83187866, -0.59020996, -0.34854126, -0.10687256, 0.13479614, 0.37646484, 0.61813354, 0.85980225, -0.72958374, -0.48791504, -0.24624634, -0.0045776367, 0.23709106, 0.47875977, 0.72042847, -0.8689575, -0.6272888, -0.38562012, -0.14395142, 0.097717285, 0.339386, 0.5810547, 0.8227234, -0.7666626, -0.5249939, -0.2833252, -0.041656494, 0.2000122, 0.4416809, 0.6833496, -0.9060364, -0.6643677, -0.42269897, -0.18103027, 0.060638428, 0.30230713, 0.54397583, 0.78564453, -0.80374146, -0.56207275, -0.32040405, -0.07873535, 0.16293335, 0.40460205, 0.64627075, 0.88793945, -0.70144653, -0.45977783, -0.21810913, 0.02355957, 0.26522827, 0.506897, 0.7485657, -0.8408203, -0.5991516, -0.3574829, -0.11581421, 0.12585449, 0.3675232, 0.6091919, 0.8508606, -0.7385254, -0.4968567, -0.255188, -0.013519287, 0.22814941, 0.46981812, 0.7114868, -0.87789917, -0.63623047, -0.39456177, -0.15289307, 0.088775635, 0.33044434, 0.57211304, 0.81378174, -0.77560425, -0.53393555, -0.29226685, -0.050598145, 0.19107056, 0.43273926, 0.67440796, -0.914978, -0.6733093, -0.43164063, -0.18997192, 0.051696777, 0.29336548, 0.5350342, 0.7767029, -0.8126831, -0.5710144, -0.3293457, -0.087677, 0.1539917, 0.3956604, 0.6373291, 0.8789978, -0.7103882, -0.46871948, -0.22705078, 0.01461792, 0.25628662, 0.49795532, 0.739624, -0.84976196, -0.60809326, -0.36642456, -0.12475586, 0.11691284, 0.35858154, 0.60025024, 0.84191895, -0.74746704, -0.50579834, -0.26412964, -0.022460938, 0.21920776, 0.46087646, 0.70254517, -0.8868408, -0.6451721, -0.40350342, -0.16183472, 0.079833984, 0.3215027, 0.5631714, 0.8048401, -0.7845459, -0.5428772, -0.3012085, -0.059539795, 0.1821289, 0.4237976, 0.6654663, 0.907135, -0.682251, -0.44058228, -0.19891357, 0.042755127, 0.28442383, 0.5260925, 0.76776123, -0.82162476, -0.57995605, -0.33828735, -0.09661865, 0.14505005, 0.38671875, 0.62838745, 0.87005615, -0.71932983, -0.47766113, -0.23599243, 0.0056762695, 0.24734497, 0.48901367, 0.7306824, -0.8587036, -0.6170349, -0.3753662, -0.13369751, 0.10797119, 0.3496399, 0.5913086, 0.8329773, -0.7564087, -0.51474, -0.2730713, -0.031402588, 0.21026611, 0.4519348, 0.6936035, -0.8957825, -0.65411377, -0.41244507, -0.17077637, 0.070892334, 0.31256104, 0.55422974, 0.79589844, -0.79348755, -0.55181885, -0.31015015, -0.068481445, 0.17318726, 0.41485596, 0.65652466, 0.89819336, -0.6911926, -0.44952393, -0.20785522, 0.033813477, 0.27548218, 0.5171509, 0.7588196, -0.8305664, -0.5888977, -0.347229, -0.1055603, 0.1361084, 0.3777771, 0.6194458, 0.8611145, -0.7282715, -0.48660278, -0.24493408, -0.0032653809, 0.23840332, 0.48007202, 0.7217407, -0.86764526, -0.62597656, -0.38430786, -0.14263916, 0.09902954, 0.34069824, 0.58236694, 0.82403564, -0.76535034, -0.52368164, -0.28201294, -0.04034424, 0.20132446, 0.44299316, 0.68466187, -0.9047241, -0.6630554, -0.42138672, -0.17971802, 0.061950684, 0.30361938, 0.5452881, 0.7869568, -0.8024292, -0.5607605, -0.3190918, -0.077423096, 0.1642456, 0.4059143, 0.647583, 0.8892517, -0.7001343, -0.45846558, -0.21679688, 0.024871826, 0.26654053, 0.5082092, 0.7498779, -0.83950806, -0.59783936, -0.35617065, -0.11450195, 0.12716675, 0.36883545, 0.61050415, 0.85217285, -0.73721313, -0.49554443, -0.25387573, -0.012207031, 0.22946167, 0.47113037, 0.7127991, -0.8765869, -0.6349182, -0.3932495, -0.15158081, 0.09008789, 0.3317566, 0.5734253, 0.815094, -0.774292, -0.5326233, -0.2909546, -0.04928589, 0.19238281, 0.4340515, 0.6757202, -0.9136658, -0.6719971, -0.43032837, -0.18865967, 0.053009033, 0.29467773, 0.53634644, 0.77801514, -0.81137085, -0.56970215, -0.32803345, -0.086364746, 0.15530396, 0.39697266, 0.63864136, 0.88031006, -0.7090759, -0.46740723, -0.22573853, 0.015930176, 0.25759888, 0.49926758, 0.7409363, -0.8484497, -0.606781, -0.3651123, -0.1234436, 0.1182251, 0.3598938, 0.6015625, 0.8432312, -0.7461548, -0.5044861, -0.26281738, -0.021148682, 0.22052002, 0.46218872, 0.7038574, -0.88552856, -0.64385986, -0.40219116, -0.16052246, 0.08114624, 0.32281494, 0.56448364, 0.80615234, -0.78323364, -0.54156494, -0.29989624, -0.05822754, 0.18344116, 0.42510986, 0.66677856, 0.90844727, -0.6809387, -0.43927002, -0.19760132, 0.044067383, 0.28573608, 0.5274048, 0.7690735, -0.8203125, -0.5786438, -0.3369751, -0.0953064, 0.1463623, 0.388031, 0.6296997, 0.8713684, -0.7180176, -0.47634888, -0.23468018, 0.0069885254, 0.24865723, 0.49032593, 0.7319946, -0.85739136, -0.61572266, -0.37405396, -0.13238525, 0.10928345, 0.35095215, 0.59262085, 0.83428955, -0.75509644, -0.51342773, -0.27175903, -0.030090332, 0.21157837, 0.45324707, 0.6949158, -0.8944702, -0.6528015, -0.4111328, -0.16946411, 0.07220459, 0.3138733, 0.555542, 0.7972107, -0.7921753, -0.5505066, -0.3088379, -0.06716919, 0.17449951, 0.4161682, 0.6578369, 0.8995056, -0.6898804, -0.44821167, -0.20654297, 0.035125732, 0.27679443, 0.51846313, 0.76013184, -0.82925415, -0.58758545, -0.34591675, -0.10424805, 0.13742065, 0.37908936, 0.62075806, 0.86242676, -0.7269592, -0.48529053, -0.24362183, -0.001953125, 0.23971558, 0.48138428, 0.723053, -0.866333, -0.6246643, -0.3829956, -0.1413269, 0.1003418, 0.3420105, 0.5836792, 0.8253479, -0.7640381, -0.5223694, -0.28070068, -0.039031982, 0.20263672, 0.44430542, 0.6859741, -0.90341187, -0.66174316, -0.42007446, -0.17840576, 0.06326294, 0.30493164, 0.54660034, 0.78826904, -0.80111694, -0.55944824, -0.31777954, -0.07611084, 0.16555786, 0.40722656, 0.64889526, 0.89056396, -0.698822, -0.45715332, -0.21548462, 0.026184082, 0.26785278, 0.5095215, 0.7511902, -0.8381958, -0.5965271, -0.3548584, -0.1131897, 0.128479, 0.3701477, 0.6118164, 0.8534851, -0.7359009, -0.49423218, -0.25256348, -0.010894775, 0.23077393, 0.47244263, 0.7141113, -0.87527466, -0.63360596, -0.39193726, -0.15026855, 0.09140015, 0.33306885, 0.57473755, 0.81640625, -0.77297974, -0.53131104, -0.28964233, -0.047973633, 0.19369507, 0.43536377, 0.6770325, -0.9123535, -0.6706848, -0.4290161, -0.18734741, 0.05432129, 0.29599, 0.5376587, 0.7793274, -0.8100586, -0.5683899, -0.3267212, -0.08505249, 0.15661621, 0.3982849, 0.6399536, 0.8816223, -0.7077637, -0.46609497, -0.22442627, 0.017242432, 0.25891113, 0.50057983, 0.74224854, -0.84713745, -0.60546875, -0.36380005, -0.12213135, 0.11953735, 0.36120605, 0.60287476, 0.84454346, -0.7448425, -0.5031738, -0.26150513, -0.019836426, 0.22183228, 0.46350098, 0.7051697, -0.8842163, -0.6425476, -0.4008789, -0.1592102, 0.082458496, 0.3241272, 0.5657959, 0.8074646, -0.7819214, -0.5402527, -0.29858398, -0.056915283, 0.18475342, 0.42642212, 0.6680908, 0.9097595, -0.67962646, -0.43795776, -0.19628906, 0.04537964, 0.28704834, 0.52871704, 0.77038574, -0.81900024, -0.57733154, -0.33566284, -0.09399414, 0.14767456, 0.38934326, 0.63101196, 0.87268066, -0.7167053, -0.47503662, -0.23336792, 0.008300781, 0.24996948, 0.49163818, 0.7333069, -0.8560791, -0.6144104, -0.3727417, -0.131073, 0.1105957, 0.3522644, 0.5939331, 0.8356018, -0.7537842, -0.5121155, -0.27044678, -0.028778076, 0.21289063, 0.45455933, 0.696228, -0.89315796, -0.65148926, -0.40982056, -0.16815186, 0.073516846, 0.31518555, 0.55685425, 0.79852295, -0.79086304, -0.54919434, -0.30752563, -0.06585693, 0.17581177, 0.41748047, 0.65914917, 0.9008179, -0.6885681, -0.4468994, -0.20523071, 0.03643799, 0.2781067, 0.5197754, 0.7614441, -0.8279419, -0.5862732, -0.3446045, -0.10293579, 0.13873291, 0.3804016, 0.6220703, 0.863739, -0.725647, -0.48397827, -0.24230957, -0.00064086914, 0.24102783, 0.48269653, 0.72436523, -0.86502075, -0.62335205, -0.38168335, -0.14001465, 0.10165405, 0.34332275, 0.58499146, 0.82666016, -0.76272583, -0.5210571, -0.27938843, -0.037719727, 0.20394897, 0.44561768, 0.6872864, -0.9020996, -0.6604309, -0.4187622, -0.1770935, 0.064575195, 0.3062439, 0.5479126, 0.7895813, -0.7998047, -0.558136, -0.3164673, -0.074798584, 0.16687012, 0.40853882, 0.6502075, 0.8918762, -0.69750977, -0.45584106, -0.21417236, 0.027496338, 0.26916504, 0.51083374, 0.75250244, -0.83688354, -0.59521484, -0.35354614, -0.11187744, 0.12979126, 0.37145996, 0.61312866, 0.85479736, -0.7345886, -0.49291992, -0.25125122, -0.0095825195, 0.23208618, 0.47375488, 0.7154236, -0.8739624, -0.6322937, -0.390625, -0.1489563, 0.0927124, 0.3343811, 0.5760498, 0.8177185, -0.7716675, -0.5299988, -0.28833008, -0.046661377, 0.19500732, 0.43667603, 0.6783447, -0.91104126, -0.66937256, -0.42770386, -0.18603516, 0.055633545, 0.29730225, 0.53897095, 0.78063965, -0.80874634, -0.56707764, -0.32540894, -0.083740234, 0.15792847, 0.39959717, 0.64126587, 0.8829346, -0.7064514, -0.4647827, -0.22311401, 0.018554688, 0.2602234, 0.5018921, 0.7435608, -0.8458252, -0.6041565, -0.3624878, -0.12081909, 0.12084961, 0.3625183, 0.604187, 0.8458557, -0.7435303, -0.5018616, -0.26019287, -0.01852417, 0.22314453, 0.46481323, 0.70648193, -0.88290405, -0.64123535, -0.39956665, -0.15789795, 0.08377075, 0.32543945, 0.56710815, 0.80877686, -0.78060913, -0.5389404, -0.29727173, -0.055603027, 0.18606567, 0.42773438, 0.6694031, 0.9110718, -0.6783142, -0.4366455, -0.1949768, 0.046691895, 0.2883606, 0.5300293, 0.771698, -0.817688, -0.5760193, -0.3343506, -0.092681885, 0.14898682, 0.39065552, 0.6323242, 0.8739929, -0.71539307, -0.47372437, -0.23205566, 0.009613037, 0.25128174, 0.49295044, 0.73461914, -0.85476685, -0.61309814, -0.37142944, -0.12976074, 0.11190796, 0.35357666, 0.59524536, 0.83691406, -0.7524719, -0.5108032, -0.26913452, -0.02746582, 0.21420288, 0.45587158, 0.6975403, -0.8918457, -0.650177, -0.4085083, -0.1668396, 0.0748291, 0.3164978, 0.5581665, 0.7998352, -0.7895508, -0.5478821, -0.30621338, -0.06454468, 0.17712402, 0.41879272, 0.6604614, 0.9021301, -0.68725586, -0.44558716, -0.20391846, 0.037750244, 0.27941895, 0.52108765, 0.76275635, -0.82662964, -0.58496094, -0.34329224, -0.101623535, 0.14004517, 0.38171387, 0.62338257, 0.86505127, -0.7243347, -0.48266602, -0.24099731, 0.0006713867, 0.24234009, 0.4840088, 0.7256775, -0.8637085, -0.6220398, -0.3803711, -0.1387024, 0.10296631, 0.344635, 0.5863037, 0.8279724, -0.7614136, -0.5197449, -0.27807617, -0.03640747, 0.20526123, 0.44692993, 0.68859863, -0.90078735, -0.65911865, -0.41744995, -0.17578125, 0.06588745, 0.30755615, 0.54922485, 0.79089355, -0.79849243, -0.55682373, -0.31515503, -0.07348633, 0.16818237, 0.40985107, 0.6515198, 0.8931885, -0.6961975, -0.4545288, -0.2128601, 0.028808594, 0.2704773, 0.512146, 0.7538147, -0.8355713, -0.5939026, -0.3522339, -0.110565186, 0.13110352, 0.37277222, 0.6144409, 0.8561096, -0.73327637, -0.49160767, -0.24993896, -0.008270264, 0.23339844, 0.47506714, 0.71673584, -0.87265015, -0.63098145, -0.38931274, -0.14764404, 0.09402466, 0.33569336, 0.57736206, 0.81903076, -0.7703552, -0.5286865, -0.28701782, -0.04534912, 0.19631958, 0.43798828, 0.679657, -0.909729, -0.6680603, -0.4263916, -0.1847229, 0.0569458, 0.2986145, 0.5402832, 0.7819519, -0.8074341, -0.5657654, -0.32409668, -0.08242798, 0.15924072, 0.40090942, 0.6425781, 0.8842468, -0.70513916, -0.46347046, -0.22180176, 0.019866943, 0.26153564, 0.50320435, 0.74487305, -0.84451294, -0.60284424, -0.36117554, -0.119506836, 0.122161865, 0.36383057, 0.60549927, 0.84716797, -0.742218, -0.5005493, -0.25888062, -0.017211914, 0.22445679, 0.4661255, 0.7077942, -0.8815918, -0.6399231, -0.3982544, -0.1565857, 0.08508301, 0.3267517, 0.5684204, 0.8100891, -0.7792969, -0.5376282, -0.29595947, -0.05429077, 0.18737793, 0.42904663, 0.67071533, 0.91238403, -0.67700195, -0.43533325, -0.19366455, 0.04800415, 0.28967285, 0.53134155, 0.77301025, -0.81637573, -0.57470703, -0.33303833, -0.09136963, 0.15029907, 0.39196777, 0.6336365, 0.8753052, -0.7140808, -0.4724121, -0.23074341, 0.010925293, 0.252594, 0.4942627, 0.7359314, -0.8534546, -0.6117859, -0.3701172, -0.12844849, 0.113220215, 0.35488892, 0.5965576, 0.8382263, -0.75115967, -0.50949097, -0.26782227, -0.026153564, 0.21551514, 0.45718384, 0.69885254, -0.89053345, -0.64886475, -0.40719604, -0.16552734, 0.07614136, 0.31781006, 0.55947876, 0.80114746, -0.7882385, -0.5465698, -0.30490112, -0.06323242, 0.17843628, 0.42010498, 0.6617737, 0.9034424, -0.6859436, -0.4442749, -0.2026062, 0.0390625, 0.2807312, 0.5223999, 0.7640686, -0.8253174, -0.5836487, -0.34197998, -0.10031128, 0.14135742, 0.38302612, 0.6246948, 0.8663635, -0.72302246, -0.48135376, -0.23968506, 0.0019836426, 0.24365234, 0.48532104, 0.72698975, -0.86239624, -0.62072754, -0.37905884, -0.13739014, 0.104278564, 0.34594727, 0.58761597, 0.82928467, -0.7601013, -0.5184326, -0.27676392, -0.035095215, 0.20657349, 0.4482422, 0.6899109, -0.8994751, -0.6578064, -0.4161377, -0.174469, 0.06719971, 0.3088684, 0.5505371, 0.7922058, -0.7971802, -0.5555115, -0.31384277, -0.07217407, 0.16949463, 0.41116333, 0.65283203, 0.89450073, -0.69488525, -0.45321655, -0.21154785, 0.03012085, 0.27178955, 0.51345825, 0.75512695, -0.83425903, -0.59259033, -0.35092163, -0.10925293, 0.13241577, 0.37408447, 0.6157532, 0.8574219, -0.7319641, -0.4902954, -0.24862671, -0.006958008, 0.2347107, 0.4763794, 0.7180481, -0.8713379, -0.6296692, -0.3880005, -0.14633179, 0.095336914, 0.33700562, 0.5786743, 0.820343, -0.76904297, -0.52737427, -0.28570557, -0.044036865, 0.19763184, 0.43930054, 0.68096924, -0.90841675, -0.66674805, -0.42507935, -0.18341064, 0.058258057, 0.29992676, 0.54159546, 0.78326416, -0.8061218, -0.5644531, -0.32278442, -0.08111572, 0.16055298, 0.40222168, 0.6438904, 0.8855591, -0.7038269, -0.4621582, -0.2204895, 0.0211792, 0.2628479, 0.5045166, 0.7461853, -0.8432007, -0.601532, -0.35986328, -0.11819458, 0.12347412, 0.36514282, 0.6068115, 0.8484802, -0.74090576, -0.49923706, -0.25756836, -0.015899658, 0.22576904, 0.46743774, 0.70910645, -0.88027954, -0.63861084, -0.39694214, -0.15527344, 0.08639526, 0.32806396, 0.56973267, 0.81140137, -0.7779846, -0.5363159, -0.29464722, -0.052978516, 0.18869019, 0.4303589, 0.6720276, 0.9136963, -0.6756897, -0.434021, -0.1923523, 0.049316406, 0.2909851, 0.5326538, 0.7743225, -0.8150635, -0.5733948, -0.33172607, -0.09005737, 0.15161133, 0.39328003, 0.63494873, 0.87661743, -0.71276855, -0.47109985, -0.22943115, 0.012237549, 0.25390625, 0.49557495, 0.73724365, -0.85214233, -0.61047363, -0.36880493, -0.12713623, 0.11453247, 0.35620117, 0.5978699, 0.8395386, -0.7498474, -0.5081787, -0.26651, -0.024841309, 0.2168274, 0.4584961, 0.7001648, -0.8892212, -0.6475525, -0.4058838, -0.16421509, 0.07745361, 0.3191223, 0.560791, 0.8024597, -0.78692627, -0.54525757, -0.30358887, -0.061920166, 0.17974854, 0.42141724, 0.66308594, 0.90475464, -0.68463135, -0.44296265, -0.20129395, 0.040374756, 0.28204346, 0.52371216, 0.76538086, -0.8240051, -0.5823364, -0.34066772, -0.09899902, 0.14266968, 0.38433838, 0.6260071, 0.8676758, -0.7217102, -0.4800415, -0.2383728, 0.0032958984, 0.2449646, 0.4866333, 0.728302, -0.861084, -0.6194153, -0.37774658, -0.13607788, 0.10559082, 0.34725952, 0.5889282, 0.8305969, -0.75878906, -0.51712036, -0.27545166, -0.03378296, 0.20788574, 0.44955444, 0.69122314, -0.89816284, -0.65649414, -0.41482544, -0.17315674, 0.06851196, 0.31018066, 0.55184937, 0.79351807, -0.7958679, -0.5541992, -0.31253052, -0.07086182, 0.17080688, 0.4124756, 0.6541443, 0.895813, -0.693573, -0.4519043, -0.2102356, 0.031433105, 0.2731018, 0.5147705, 0.7564392, -0.8329468, -0.5912781, -0.34960938, -0.107940674, 0.13372803, 0.37539673, 0.6170654, 0.85873413, -0.73065186, -0.48898315, -0.24731445, -0.005645752, 0.23602295, 0.47769165, 0.71936035, -0.87002563, -0.62835693, -0.38668823, -0.14501953, 0.09664917, 0.33831787, 0.5799866, 0.8216553, -0.7677307, -0.526062, -0.2843933, -0.04272461, 0.19894409, 0.4406128, 0.6822815, -0.9071045, -0.6654358, -0.4237671, -0.18209839, 0.059570313, 0.301239, 0.5429077, 0.7845764, -0.8048096, -0.56314087, -0.32147217, -0.07980347, 0.16186523, 0.40353394, 0.64520264, 0.88687134, -0.70251465, -0.46084595, -0.21917725, 0.022491455, 0.26416016, 0.50582886, 0.74749756, -0.8418884, -0.6002197, -0.35855103, -0.116882324, 0.12478638, 0.36645508, 0.6081238, 0.8497925, -0.7395935, -0.4979248, -0.2562561, -0.014587402, 0.2270813, 0.46875, 0.7104187, -0.8789673, -0.6372986, -0.39562988, -0.15396118, 0.08770752, 0.32937622, 0.5710449, 0.8127136, -0.77667236, -0.53500366, -0.29333496, -0.05166626, 0.19000244, 0.43167114, 0.67333984, 0.91500854, -0.67437744, -0.43270874, -0.19104004, 0.050628662, 0.29229736, 0.53396606, 0.77563477, -0.8137512, -0.5720825, -0.33041382, -0.08874512, 0.15292358, 0.3945923, 0.636261, 0.8779297, -0.7114563, -0.4697876, -0.2281189, 0.013549805, 0.2552185, 0.4968872, 0.7385559, -0.8508301, -0.6091614, -0.36749268, -0.12582397, 0.11584473, 0.35751343, 0.5991821, 0.84085083, -0.74853516, -0.50686646, -0.26519775, -0.023529053, 0.21813965, 0.45980835, 0.70147705, -0.88790894, -0.64624023, -0.40457153, -0.16290283, 0.07876587, 0.32043457, 0.5621033, 0.803772, -0.785614, -0.5439453, -0.3022766, -0.06060791, 0.18106079, 0.4227295, 0.6643982, 0.9060669, -0.6833191, -0.4416504, -0.19998169, 0.04168701, 0.2833557, 0.5250244, 0.7666931, -0.8226929, -0.58102417, -0.33935547, -0.09768677, 0.14398193, 0.38565063, 0.62731934, 0.86898804, -0.72039795, -0.47872925, -0.23706055, 0.0046081543, 0.24627686, 0.48794556, 0.72961426, -0.8597717, -0.618103, -0.37643433, -0.13476563, 0.106903076, 0.34857178, 0.5902405, 0.8319092, -0.7574768, -0.5158081, -0.2741394, -0.032470703, 0.209198, 0.4508667, 0.6925354, -0.8968506, -0.6551819, -0.41351318, -0.17184448, 0.06982422, 0.31149292, 0.5531616, 0.7948303, -0.79455566, -0.55288696, -0.31121826, -0.06954956, 0.17211914, 0.41378784, 0.65545654, 0.89712524, -0.69226074, -0.45059204, -0.20892334, 0.03274536, 0.27441406, 0.51608276, 0.75775146, -0.8316345, -0.5899658, -0.34829712, -0.10662842, 0.13504028, 0.37670898, 0.6183777, 0.8600464, -0.7293396, -0.4876709, -0.2460022, -0.004333496, 0.2373352, 0.4790039, 0.7206726, -0.8687134, -0.6270447, -0.38537598, -0.14370728, 0.097961426, 0.33963013, 0.5812988, 0.8229675, -0.76641846, -0.52474976, -0.28308105, -0.041412354, 0.20025635, 0.44192505, 0.68359375, -0.90579224, -0.66412354, -0.42245483, -0.18078613, 0.06088257, 0.30255127, 0.54422, 0.7858887, -0.8034973, -0.5618286, -0.3201599, -0.07849121, 0.16317749, 0.4048462, 0.6465149, 0.8881836, -0.7012024, -0.4595337, -0.21786499, 0.023803711, 0.2654724, 0.5071411, 0.7488098, -0.8405762, -0.5989075, -0.35723877, -0.11557007, 0.12609863, 0.36776733, 0.60943604, 0.85110474, -0.73828125, -0.49661255, -0.25494385, -0.0132751465, 0.22839355, 0.47006226, 0.71173096, -0.877655, -0.6359863, -0.39431763, -0.15264893, 0.089019775, 0.33068848, 0.5723572, 0.8140259, -0.7753601, -0.5336914, -0.2920227, -0.050354004, 0.1913147, 0.4329834, 0.6746521, -0.9147339, -0.6730652, -0.43139648, -0.18972778, 0.051940918, 0.29360962, 0.5352783, 0.776947, -0.81243896, -0.57077026, -0.32910156, -0.08743286, 0.15423584, 0.39590454, 0.63757324, 0.87924194, -0.71014404, -0.46847534, -0.22680664, 0.014862061, 0.25653076, 0.49819946, 0.73986816, -0.8495178, -0.6078491, -0.36618042, -0.12451172, 0.11715698, 0.35882568, 0.6004944, 0.8421631, -0.7472229, -0.5055542, -0.2638855, -0.022216797, 0.2194519, 0.4611206, 0.7027893, -0.8865967, -0.644928, -0.40325928, -0.16159058, 0.080078125, 0.32174683, 0.5634155, 0.8050842, -0.78430176, -0.54263306, -0.30096436, -0.059295654, 0.18237305, 0.42404175, 0.66571045, 0.90737915, -0.68200684, -0.44033813, -0.19866943, 0.042999268, 0.28466797, 0.52633667, 0.7680054, -0.8213806, -0.5797119, -0.3380432, -0.09637451, 0.14529419, 0.3869629, 0.6286316, 0.8703003, -0.7190857, -0.477417, -0.23574829, 0.00592041, 0.24758911, 0.4892578, 0.7309265, -0.8584595, -0.6167908, -0.37512207, -0.13345337, 0.10821533, 0.34988403, 0.59155273, 0.83322144, -0.75616455, -0.51449585, -0.27282715, -0.031158447, 0.21051025, 0.45217896, 0.69384766, -0.89553833, -0.6538696, -0.41220093, -0.17053223, 0.071136475, 0.31280518, 0.5544739, 0.7961426, -0.7932434, -0.5515747, -0.309906, -0.068237305, 0.1734314, 0.4151001, 0.6567688, 0.8984375, -0.6909485, -0.4492798, -0.20761108, 0.034057617, 0.27572632, 0.517395, 0.7590637, -0.83032227, -0.58865356, -0.34698486, -0.10531616, 0.13635254, 0.37802124, 0.61968994, 0.86135864, -0.72802734, -0.48635864, -0.24468994, -0.0030212402, 0.23864746, 0.48031616, 0.72198486, -0.8674011, -0.6257324, -0.38406372, -0.14239502, 0.09927368, 0.34094238, 0.5826111, 0.8242798, -0.7651062, -0.5234375, -0.2817688, -0.040100098, 0.2015686, 0.4432373, 0.684906, -0.90448, -0.6628113, -0.42114258, -0.17947388, 0.062194824, 0.30386353, 0.5455322, 0.7872009, -0.80218506, -0.56051636, -0.31884766, -0.077178955, 0.16448975, 0.40615845, 0.64782715, 0.88949585, -0.69989014, -0.45822144, -0.21655273, 0.025115967, 0.26678467, 0.50845337, 0.7501221, -0.8392639, -0.5975952, -0.3559265, -0.11425781, 0.12741089, 0.3690796, 0.6107483, 0.852417, -0.736969, -0.4953003, -0.2536316, -0.011962891, 0.22970581, 0.4713745, 0.7130432, -0.8763428, -0.6346741, -0.39300537, -0.15133667, 0.09033203, 0.33200073, 0.57366943, 0.81533813, -0.77404785, -0.53237915, -0.29071045, -0.049041748, 0.19262695, 0.43429565, 0.67596436, -0.91342163, -0.6717529, -0.43008423, -0.18841553, 0.053253174, 0.29492188, 0.5365906, 0.7782593, -0.8111267, -0.569458, -0.3277893, -0.086120605, 0.1555481, 0.3972168, 0.6388855, 0.8805542, -0.7088318, -0.4671631, -0.22549438, 0.016174316, 0.25784302, 0.49951172, 0.7411804, -0.84820557, -0.60653687, -0.36486816, -0.12319946, 0.11846924, 0.36013794, 0.60180664, 0.84347534, -0.74591064, -0.50424194, -0.26257324, -0.020904541, 0.22076416, 0.46243286, 0.70410156, -0.8852844, -0.6436157, -0.40194702, -0.16027832, 0.08139038, 0.32305908, 0.5647278, 0.8063965, -0.7829895, -0.5413208, -0.2996521, -0.0579834, 0.1836853, 0.425354, 0.6670227, 0.9086914, -0.6806946, -0.43902588, -0.19735718, 0.044311523, 0.28598022, 0.5276489, 0.7693176, -0.82006836, -0.57839966, -0.33673096, -0.095062256, 0.14660645, 0.38827515, 0.62994385, 0.87161255, -0.71777344, -0.47610474, -0.23443604, 0.007232666, 0.24890137, 0.49057007, 0.73223877, -0.8571472, -0.6154785, -0.3738098, -0.13214111, 0.10952759, 0.3511963, 0.592865, 0.8345337, -0.7548523, -0.5131836, -0.2715149, -0.029846191, 0.21182251, 0.4534912, 0.6951599, -0.8942261, -0.6525574, -0.41088867, -0.16921997, 0.07244873, 0.31411743, 0.55578613, 0.79745483, -0.79193115, -0.55026245, -0.30859375, -0.06692505, 0.17474365, 0.41641235, 0.65808105, 0.89974976, -0.68963623, -0.44796753, -0.20629883, 0.035369873, 0.27703857, 0.5187073, 0.760376, -0.82901, -0.5873413, -0.3456726, -0.104003906, 0.1376648, 0.3793335, 0.6210022, 0.8626709, -0.7267151, -0.4850464, -0.24337769, -0.0017089844, 0.23995972, 0.48162842, 0.7232971, -0.86608887, -0.62442017, -0.38275146, -0.14108276, 0.10058594, 0.34225464, 0.58392334, 0.82559204, -0.76379395, -0.52212524, -0.28045654, -0.03878784, 0.20288086, 0.44454956, 0.68621826, -0.9031677, -0.661499, -0.41983032, -0.17816162, 0.06350708, 0.30517578, 0.5468445, 0.7885132, -0.8008728, -0.5592041, -0.3175354, -0.0758667, 0.165802, 0.4074707, 0.6491394, 0.8908081, -0.6985779, -0.45690918, -0.21524048, 0.026428223, 0.26809692, 0.5097656, 0.7514343, -0.83795166, -0.59628296, -0.35461426, -0.11294556, 0.12872314, 0.37039185, 0.61206055, 0.85372925, -0.73565674, -0.49398804, -0.25231934, -0.010650635, 0.23101807, 0.47268677, 0.71435547, -0.8750305, -0.6333618, -0.39169312, -0.15002441, 0.09164429, 0.333313, 0.5749817, 0.8166504, -0.7727356, -0.5310669, -0.2893982, -0.047729492, 0.19393921, 0.4356079, 0.6772766, -0.9121094, -0.6704407, -0.42877197, -0.18710327, 0.05456543, 0.29623413, 0.53790283, 0.77957153, -0.80981445, -0.56814575, -0.32647705, -0.08480835, 0.15686035, 0.39852905, 0.64019775, 0.88186646, -0.70751953, -0.46585083, -0.22418213, 0.017486572, 0.25915527, 0.500824, 0.7424927, -0.8468933, -0.6052246, -0.3635559, -0.12188721, 0.119781494, 0.3614502, 0.6031189, 0.8447876, -0.7445984, -0.5029297, -0.261261, -0.019592285, 0.22207642, 0.46374512, 0.7054138, -0.88397217, -0.64230347, -0.40063477, -0.15896606, 0.08270264, 0.32437134, 0.56604004, 0.80770874, -0.78167725, -0.54000854, -0.29833984, -0.056671143, 0.18499756, 0.42666626, 0.66833496, 0.91000366, -0.6793823, -0.43771362, -0.19604492, 0.04562378, 0.28729248, 0.5289612, 0.7706299, -0.8187561, -0.5770874, -0.3354187, -0.09375, 0.1479187, 0.3895874, 0.6312561, 0.8729248, -0.7164612, -0.47479248, -0.23312378, 0.008544922, 0.25021362, 0.49188232, 0.733551, -0.85583496, -0.61416626, -0.37249756, -0.13082886, 0.110839844, 0.35250854, 0.59417725, 0.83584595, -0.75354004, -0.51187134, -0.27020264, -0.028533936, 0.21313477, 0.45480347, 0.69647217, -0.8929138, -0.6512451, -0.40957642, -0.16790771, 0.07376099, 0.3154297, 0.5570984, 0.7987671, -0.7906189, -0.5489502, -0.3072815, -0.06561279, 0.17605591, 0.4177246, 0.6593933, 0.901062, -0.688324, -0.44665527, -0.20498657, 0.03668213, 0.27835083, 0.52001953, 0.76168823, -0.82769775, -0.58602905, -0.34436035, -0.10269165, 0.13897705, 0.38064575, 0.62231445, 0.86398315, -0.72540283, -0.48373413, -0.24206543, -0.00039672852, 0.24127197, 0.48294067, 0.7246094, -0.8647766, -0.6231079, -0.3814392, -0.13977051, 0.10189819, 0.3435669, 0.5852356, 0.8269043, -0.7624817, -0.520813, -0.2791443, -0.037475586, 0.20419312, 0.44586182, 0.6875305, -0.90185547, -0.66018677, -0.41851807, -0.17684937, 0.064819336, 0.30648804, 0.54815674, 0.78982544, -0.79956055, -0.55789185, -0.31622314, -0.07455444, 0.16711426, 0.40878296, 0.65045166, 0.89212036, -0.6972656, -0.45559692, -0.21392822, 0.027740479, 0.26940918, 0.5110779, 0.7527466, -0.8366394, -0.5949707, -0.353302, -0.1116333, 0.1300354, 0.3717041, 0.6133728, 0.8550415, -0.7343445, -0.49267578, -0.25100708, -0.009338379, 0.23233032, 0.47399902, 0.7156677, -0.87371826, -0.63204956, -0.39038086, -0.14871216, 0.09295654, 0.33462524, 0.57629395, 0.81796265, -0.77142334, -0.52975464, -0.28808594, -0.046417236, 0.19525146, 0.43692017, 0.67858887, -0.9107971, -0.6691284, -0.42745972, -0.18579102, 0.055877686, 0.2975464, 0.5392151, 0.7808838, -0.8085022, -0.5668335, -0.3251648, -0.083496094, 0.1581726, 0.3998413, 0.64151, 0.8831787, -0.7062073, -0.46453857, -0.22286987, 0.018798828, 0.26046753, 0.50213623, 0.74380493, -0.84558105, -0.60391235, -0.36224365, -0.12057495, 0.12109375, 0.36276245, 0.60443115, 0.84609985, -0.74328613, -0.50161743, -0.25994873, -0.01828003, 0.22338867, 0.46505737, 0.7067261, -0.8826599, -0.6409912, -0.3993225, -0.15765381, 0.08401489, 0.3256836, 0.5673523, 0.809021, -0.780365, -0.5386963, -0.2970276, -0.055358887, 0.18630981, 0.42797852, 0.6696472, 0.9113159, -0.67807007, -0.43640137, -0.19473267, 0.046936035, 0.28860474, 0.53027344, 0.77194214, -0.81744385, -0.57577515, -0.33410645, -0.092437744, 0.14923096, 0.39089966, 0.63256836, 0.87423706, -0.7151489, -0.47348022, -0.23181152, 0.009857178, 0.25152588, 0.49319458, 0.7348633, -0.8545227, -0.612854, -0.3711853, -0.1295166, 0.1121521, 0.3538208, 0.5954895, 0.8371582, -0.7522278, -0.5105591, -0.26889038, -0.02722168, 0.21444702, 0.45611572, 0.6977844, -0.89160156, -0.64993286, -0.40826416, -0.16659546, 0.07507324, 0.31674194, 0.55841064, 0.80007935, -0.78930664, -0.54763794, -0.30596924, -0.06430054, 0.17736816, 0.41903687, 0.66070557, 0.90237427, -0.6870117, -0.44534302, -0.20367432, 0.037994385, 0.2796631, 0.5213318, 0.7630005, -0.8263855, -0.5847168, -0.3430481, -0.101379395, 0.1402893, 0.381958, 0.6236267, 0.8652954, -0.7240906, -0.48242188, -0.24075317, 0.00091552734, 0.24258423, 0.48425293, 0.72592163, -0.86346436, -0.62179565, -0.38012695, -0.13845825, 0.10321045, 0.34487915, 0.58654785, 0.82821655, -0.76116943, -0.51950073, -0.27783203, -0.03616333, 0.20550537, 0.44717407, 0.6888428, -0.9005432, -0.6588745, -0.4172058, -0.17553711, 0.06613159, 0.3078003, 0.549469, 0.7911377, -0.7982483, -0.5565796, -0.3149109, -0.07324219, 0.16842651, 0.4100952, 0.6517639, 0.8934326, -0.69595337, -0.45428467, -0.21261597, 0.029052734, 0.27072144, 0.51239014, 0.75405884, -0.83532715, -0.59365845, -0.35198975, -0.110321045, 0.13134766, 0.37301636, 0.61468506, 0.85635376, -0.7330322, -0.49136353, -0.24969482, -0.008026123, 0.23364258, 0.47531128, 0.71698, -0.872406, -0.6307373, -0.3890686, -0.1473999, 0.0942688, 0.3359375, 0.5776062, 0.8192749, -0.7701111, -0.5284424, -0.28677368, -0.04510498, 0.19656372, 0.43823242, 0.6799011, -0.90948486, -0.66781616, -0.42614746, -0.18447876, 0.05718994, 0.29885864, 0.54052734, 0.78219604, -0.80718994, -0.56552124, -0.32385254, -0.08218384, 0.15948486, 0.40115356, 0.64282227, 0.88449097, -0.704895, -0.46322632, -0.22155762, 0.020111084, 0.2617798, 0.5034485, 0.7451172, -0.8442688, -0.6026001, -0.3609314, -0.119262695, 0.122406006, 0.3640747, 0.6057434, 0.8474121, -0.7419739, -0.5003052, -0.25863647, -0.016967773, 0.22470093, 0.46636963, 0.70803833, -0.88134766, -0.63967896, -0.39801025, -0.15634155, 0.08532715, 0.32699585, 0.56866455, 0.81033325, -0.77905273, -0.53738403, -0.29571533, -0.05404663, 0.18762207, 0.42929077, 0.6709595, 0.9126282, -0.6767578, -0.4350891, -0.19342041, 0.04824829, 0.289917, 0.5315857, 0.7732544, -0.8161316, -0.5744629, -0.3327942, -0.09112549, 0.15054321, 0.3922119, 0.6338806, 0.8755493, -0.71383667, -0.47216797, -0.23049927, 0.011169434, 0.25283813, 0.49450684, 0.73617554, -0.85321045, -0.61154175, -0.36987305, -0.12820435, 0.113464355, 0.35513306, 0.59680176, 0.83847046, -0.7509155, -0.5092468, -0.26757813, -0.025909424, 0.21575928, 0.45742798, 0.6990967, -0.8902893, -0.6486206, -0.4069519, -0.1652832, 0.0763855, 0.3180542, 0.5597229, 0.8013916, -0.7879944, -0.5463257, -0.30465698, -0.06298828, 0.17868042, 0.42034912, 0.6620178, 0.9036865, -0.68569946, -0.44403076, -0.20236206, 0.03930664, 0.28097534, 0.52264404, 0.76431274, -0.82507324, -0.58340454, -0.34173584, -0.10006714, 0.14160156, 0.38327026, 0.62493896, 0.86660767, -0.7227783, -0.48110962, -0.23944092, 0.0022277832, 0.24389648, 0.4855652, 0.7272339, -0.8621521, -0.6204834, -0.3788147, -0.137146, 0.104522705, 0.3461914, 0.5878601, 0.8295288, -0.7598572, -0.5181885, -0.27651978, -0.034851074, 0.20681763, 0.44848633, 0.690155, -0.89923096, -0.65756226, -0.41589355, -0.17422485, 0.06744385, 0.30911255, 0.55078125, 0.79244995, -0.79693604, -0.55526733, -0.31359863, -0.07192993, 0.16973877, 0.41140747, 0.6530762, 0.8947449, -0.6946411, -0.4529724, -0.21130371, 0.03036499, 0.2720337, 0.5137024, 0.7553711, -0.8340149, -0.5923462, -0.3506775, -0.10900879, 0.13265991, 0.3743286, 0.6159973, 0.857666, -0.73172, -0.49005127, -0.24838257, -0.006713867, 0.23495483, 0.47662354, 0.71829224, -0.87109375, -0.62942505, -0.38775635, -0.14608765, 0.095581055, 0.33724976, 0.57891846, 0.82058716, -0.7687988, -0.5271301, -0.28546143, -0.043792725, 0.19787598, 0.43954468, 0.6812134, -0.9081726, -0.6665039, -0.4248352, -0.1831665, 0.058502197, 0.3001709, 0.5418396, 0.7835083, -0.8058777, -0.564209, -0.32254028, -0.08087158, 0.16079712, 0.40246582, 0.6441345, 0.8858032, -0.70358276, -0.46191406, -0.22024536, 0.02142334, 0.26309204, 0.50476074, 0.74642944, -0.84295654, -0.60128784, -0.35961914, -0.11795044, 0.12371826, 0.36538696, 0.60705566, 0.84872437, -0.7406616, -0.49899292, -0.25732422, -0.015655518, 0.22601318, 0.46768188, 0.7093506, -0.8800354, -0.6383667, -0.396698, -0.1550293, 0.086639404, 0.3283081, 0.5699768, 0.8116455, -0.7777405, -0.5360718, -0.29440308, -0.052734375, 0.18893433, 0.43060303, 0.6722717, 0.9139404, -0.67544556, -0.43377686, -0.19210815, 0.049560547, 0.29122925, 0.53289795, 0.77456665, -0.81481934, -0.57315063, -0.33148193, -0.08981323, 0.15185547, 0.39352417, 0.6351929, 0.8768616, -0.7125244, -0.4708557, -0.22918701, 0.012481689, 0.2541504, 0.4958191, 0.7374878, -0.8518982, -0.6102295, -0.3685608, -0.12689209, 0.11477661, 0.3564453, 0.598114, 0.8397827, -0.7496033, -0.5079346, -0.26626587, -0.024597168, 0.21707153, 0.45874023, 0.70040894, -0.88897705, -0.64730835, -0.40563965, -0.16397095, 0.077697754, 0.31936646, 0.56103516, 0.80270386, -0.7866821, -0.5450134, -0.30334473, -0.061676025, 0.17999268, 0.42166138, 0.6633301, 0.9049988, -0.6843872, -0.4427185, -0.2010498, 0.040618896, 0.2822876, 0.5239563, 0.765625, -0.823761, -0.5820923, -0.34042358, -0.09875488, 0.14291382, 0.38458252, 0.6262512, 0.8679199, -0.72146606, -0.47979736, -0.23812866, 0.003540039, 0.24520874, 0.48687744, 0.72854614, -0.86083984, -0.61917114, -0.37750244, -0.13583374, 0.10583496, 0.34750366, 0.58917236, 0.83084106, -0.7585449, -0.5168762, -0.27520752, -0.03353882, 0.20812988, 0.44979858, 0.6914673, -0.8979187, -0.65625, -0.4145813, -0.1729126, 0.0687561, 0.3104248, 0.5520935, 0.7937622, -0.7956238, -0.5539551, -0.31228638, -0.070617676, 0.17105103, 0.41271973, 0.6543884, 0.8960571, -0.69332886, -0.45166016, -0.20999146, 0.031677246, 0.27334595, 0.51501465, 0.75668335, -0.83270264, -0.59103394, -0.34936523, -0.10769653, 0.13397217, 0.37564087, 0.6173096, 0.8589783, -0.7304077, -0.488739, -0.24707031, -0.0054016113, 0.23626709, 0.4779358, 0.7196045, -0.8697815, -0.6281128, -0.3864441, -0.14477539, 0.09689331, 0.338562, 0.5802307, 0.8218994, -0.7674866, -0.5258179, -0.28414917, -0.04248047, 0.19918823, 0.44085693, 0.68252563, -0.90686035, -0.66519165, -0.42352295, -0.18185425, 0.059814453, 0.30148315, 0.54315186, 0.78482056, -0.8045654, -0.5628967, -0.32122803, -0.079559326, 0.16210938, 0.40377808, 0.6454468, 0.8871155, -0.7022705, -0.4606018, -0.2189331, 0.022735596, 0.2644043, 0.506073, 0.7477417, -0.8416443, -0.5999756, -0.35830688, -0.11663818, 0.12503052, 0.36669922, 0.6083679, 0.8500366, -0.73934937, -0.49768066, -0.25601196, -0.014343262, 0.22732544, 0.46899414, 0.71066284, -0.87872314, -0.63705444, -0.39538574, -0.15371704, 0.08795166, 0.32962036, 0.57128906, 0.81295776, -0.7764282, -0.5347595, -0.29309082, -0.05142212, 0.19024658, 0.43191528, 0.673584, 0.9152527, -0.6741333, -0.4324646, -0.1907959, 0.050872803, 0.2925415, 0.5342102, 0.7758789, -0.8135071, -0.5718384, -0.33016968, -0.08850098, 0.15316772, 0.39483643, 0.6365051, 0.8781738, -0.71121216, -0.46954346, -0.22787476, 0.013793945, 0.25546265, 0.49713135, 0.73880005, -0.85058594, -0.60891724, -0.36724854, -0.12557983, 0.11608887, 0.35775757, 0.59942627, 0.841095, -0.748291, -0.5066223, -0.2649536, -0.023284912, 0.21838379, 0.4600525, 0.7017212, -0.8876648, -0.6459961, -0.4043274, -0.16265869, 0.07901001, 0.3206787, 0.5623474, 0.8040161, -0.7853699, -0.5437012, -0.30203247, -0.06036377, 0.18130493, 0.42297363, 0.66464233, 0.90631104, -0.68307495, -0.44140625, -0.19973755, 0.041931152, 0.28359985, 0.52526855, 0.76693726, -0.82244873, -0.58078, -0.33911133, -0.09744263, 0.14422607, 0.38589478, 0.6275635, 0.8692322, -0.7201538, -0.4784851, -0.2368164, 0.004852295, 0.246521, 0.4881897, 0.7298584, -0.8595276, -0.6178589, -0.3761902, -0.13452148, 0.10714722, 0.34881592, 0.5904846, 0.8321533, -0.75723267, -0.51556396, -0.27389526, -0.032226563, 0.20944214, 0.45111084, 0.69277954, -0.89660645, -0.65493774, -0.41326904, -0.17160034, 0.07006836, 0.31173706, 0.55340576, 0.79507446, -0.7943115, -0.5526428, -0.31097412, -0.06930542, 0.17236328, 0.41403198, 0.6557007, 0.8973694, -0.6920166, -0.4503479, -0.2086792, 0.032989502, 0.2746582, 0.5163269, 0.7579956, -0.8313904, -0.5897217, -0.34805298, -0.10638428, 0.13528442, 0.37695313, 0.6186218, 0.8602905, -0.72909546, -0.48742676, -0.24575806, -0.0040893555, 0.23757935, 0.47924805, 0.72091675, -0.86846924, -0.62680054, -0.38513184, -0.14346313, 0.09820557, 0.33987427, 0.58154297, 0.82321167, -0.7661743, -0.5245056, -0.2828369, -0.041168213, 0.20050049, 0.4421692, 0.6838379, -0.9055481, -0.6638794, -0.4222107, -0.18054199, 0.06112671, 0.3027954, 0.5444641, 0.7861328, -0.8032532, -0.5615845, -0.31991577, -0.07824707, 0.16342163, 0.40509033, 0.64675903, 0.88842773, -0.70095825, -0.45928955, -0.21762085, 0.024047852, 0.26571655, 0.50738525, 0.74905396, -0.84033203, -0.59866333, -0.35699463, -0.11532593, 0.12634277, 0.36801147, 0.6096802, 0.8513489, -0.7380371, -0.4963684, -0.2546997, -0.013031006, 0.2286377, 0.4703064, 0.7119751, -0.8774109, -0.6357422, -0.3940735, -0.15240479, 0.089263916, 0.33093262, 0.5726013, 0.81427, -0.77511597, -0.53344727, -0.29177856, -0.050109863, 0.19155884, 0.43322754, 0.67489624, -0.91448975, -0.67282104, -0.43115234, -0.18948364, 0.05218506, 0.29385376, 0.53552246, 0.77719116, -0.8121948, -0.5705261, -0.32885742, -0.08718872, 0.15447998, 0.39614868, 0.6378174, 0.8794861, -0.7098999, -0.4682312, -0.2265625, 0.015106201, 0.2567749, 0.4984436, 0.7401123, -0.8492737, -0.607605, -0.36593628, -0.12426758, 0.11740112, 0.35906982, 0.6007385, 0.8424072, -0.74697876, -0.50531006, -0.26364136, -0.021972656, 0.21969604, 0.46136475, 0.70303345, -0.88635254, -0.64468384, -0.40301514, -0.16134644, 0.080322266, 0.32199097, 0.56365967, 0.80532837, -0.7840576, -0.5423889, -0.3007202, -0.059051514, 0.18261719, 0.4242859, 0.6659546, 0.9076233, -0.6817627, -0.440094, -0.1984253, 0.04324341, 0.2849121, 0.5265808, 0.7682495, -0.8211365, -0.5794678, -0.33779907, -0.09613037, 0.14553833, 0.38720703, 0.62887573, 0.87054443, -0.71884155, -0.47717285, -0.23550415, 0.006164551, 0.24783325, 0.48950195, 0.73117065, -0.85821533, -0.61654663, -0.37487793, -0.13320923, 0.10845947, 0.35012817, 0.5917969, 0.8334656, -0.7559204, -0.5142517, -0.272583, -0.030914307, 0.2107544, 0.4524231, 0.6940918, -0.8952942, -0.6536255, -0.4119568, -0.17028809, 0.071380615, 0.31304932, 0.554718, 0.7963867, -0.79299927, -0.55133057, -0.30966187, -0.067993164, 0.17367554, 0.41534424, 0.65701294, 0.89868164, -0.69070435, -0.44903564, -0.20736694, 0.034301758, 0.27597046, 0.51763916, 0.75930786, -0.8300781, -0.5884094, -0.34674072, -0.10507202, 0.13659668, 0.37826538, 0.6199341, 0.8616028, -0.7277832, -0.4861145, -0.2444458, -0.0027770996, 0.2388916, 0.4805603, 0.722229, -0.867157, -0.6254883, -0.38381958, -0.14215088, 0.09951782, 0.34118652, 0.5828552, 0.8245239, -0.76486206, -0.52319336, -0.28152466, -0.039855957, 0.20181274, 0.44348145, 0.68515015, -0.90423584, -0.66256714, -0.42089844, -0.17922974, 0.062438965, 0.30410767, 0.54577637, 0.78744507, -0.8019409, -0.5602722, -0.31860352, -0.076934814, 0.16473389, 0.4064026, 0.6480713, 0.88974, -0.699646, -0.4579773, -0.2163086, 0.025360107, 0.2670288, 0.5086975, 0.7503662, -0.8390198, -0.5973511, -0.35568237, -0.11401367, 0.12765503, 0.36932373, 0.61099243, 0.85266113, -0.73672485, -0.49505615, -0.25338745, -0.01171875, 0.22994995, 0.47161865, 0.71328735, -0.87609863, -0.63442993, -0.39276123, -0.15109253, 0.09057617, 0.33224487, 0.5739136, 0.8155823, -0.7738037, -0.532135, -0.2904663, -0.048797607, 0.1928711, 0.4345398, 0.6762085, -0.9131775, -0.6715088, -0.4298401, -0.18817139, 0.053497314, 0.29516602, 0.5368347, 0.7785034, -0.81088257, -0.56921387, -0.32754517, -0.085876465, 0.15579224, 0.39746094, 0.63912964, 0.88079834, -0.70858765, -0.46691895, -0.22525024, 0.016418457, 0.25808716, 0.49975586, 0.74142456, -0.8479614, -0.6062927, -0.36462402, -0.12295532, 0.11871338, 0.36038208, 0.6020508, 0.8437195, -0.7456665, -0.5039978, -0.2623291, -0.0206604, 0.2210083, 0.462677, 0.7043457, -0.8850403, -0.6433716, -0.40170288, -0.16003418, 0.08163452, 0.32330322, 0.5649719, 0.8066406, -0.78274536, -0.54107666, -0.29940796, -0.057739258, 0.18392944, 0.42559814, 0.66726685, 0.90893555, -0.68045044, -0.43878174, -0.19711304, 0.044555664, 0.28622437, 0.52789307, 0.76956177, -0.8198242, -0.5781555, -0.33648682, -0.094818115, 0.14685059, 0.3885193, 0.630188, 0.8718567, -0.7175293, -0.4758606, -0.2341919, 0.0074768066, 0.24914551, 0.4908142, 0.7324829, -0.8569031, -0.6152344, -0.37356567, -0.13189697, 0.10977173, 0.35144043, 0.59310913, 0.83477783, -0.75460815, -0.51293945, -0.27127075, -0.02960205, 0.21206665, 0.45373535, 0.69540405, -0.89398193, -0.65231323, -0.41064453, -0.16897583, 0.07269287, 0.31436157, 0.5560303, 0.797699, -0.791687, -0.5500183, -0.3083496, -0.06668091, 0.1749878, 0.4166565, 0.6583252, 0.8999939, -0.6893921, -0.4477234, -0.20605469, 0.035614014, 0.2772827, 0.5189514, 0.7606201, -0.82876587, -0.58709717, -0.34542847, -0.103759766, 0.13790894, 0.37957764, 0.62124634, 0.86291504, -0.72647095, -0.48480225, -0.24313354, -0.0014648438, 0.24020386, 0.48187256, 0.72354126, -0.8658447, -0.624176, -0.38250732, -0.14083862, 0.10083008, 0.34249878, 0.5841675, 0.8258362, -0.7635498, -0.5218811, -0.2802124, -0.0385437, 0.203125, 0.4447937, 0.6864624, -0.9029236, -0.6612549, -0.41958618, -0.17791748, 0.06375122, 0.30541992, 0.5470886, 0.7887573, -0.80062866, -0.55895996, -0.31729126, -0.07562256, 0.16604614, 0.40771484, 0.64938354, 0.89105225, -0.69833374, -0.45666504, -0.21499634, 0.026672363, 0.26834106, 0.51000977, 0.75167847, -0.8377075, -0.5960388, -0.35437012, -0.112701416, 0.12896729, 0.370636, 0.6123047, 0.8539734, -0.7354126, -0.4937439, -0.2520752, -0.010406494, 0.2312622, 0.4729309, 0.7145996, -0.8747864, -0.6331177, -0.39144897, -0.14978027, 0.09188843, 0.33355713, 0.57522583, 0.81689453, -0.77249146, -0.53082275, -0.28915405, -0.04748535, 0.19418335, 0.43585205, 0.67752075, -0.91186523, -0.67019653, -0.42852783, -0.18685913, 0.05480957, 0.29647827, 0.538147, 0.7798157, -0.8095703, -0.5679016, -0.3262329, -0.08456421, 0.15710449, 0.3987732, 0.6404419, 0.8821106, -0.7072754, -0.4656067, -0.22393799, 0.017730713, 0.2593994, 0.5010681, 0.7427368, -0.84664917, -0.60498047, -0.36331177, -0.12164307, 0.120025635, 0.36169434, 0.60336304, 0.84503174, -0.74435425, -0.50268555, -0.26101685, -0.019348145, 0.22232056, 0.46398926, 0.70565796, -0.883728, -0.6420593, -0.40039063, -0.15872192, 0.08294678, 0.32461548, 0.5662842, 0.8079529, -0.7814331, -0.5397644, -0.2980957, -0.056427002, 0.1852417, 0.4269104, 0.6685791, 0.9102478, -0.6791382, -0.43746948, -0.19580078, 0.04586792, 0.28753662, 0.5292053, 0.770874, -0.81851196, -0.57684326, -0.33517456, -0.09350586, 0.14816284, 0.38983154, 0.63150024, 0.87316895, -0.71621704, -0.47454834, -0.23287964, 0.0087890625, 0.25045776, 0.49212646, 0.73379517, -0.8555908, -0.6139221, -0.37225342, -0.13058472, 0.111083984, 0.3527527, 0.5944214, 0.8360901, -0.7532959, -0.5116272, -0.2699585, -0.028289795, 0.2133789, 0.4550476, 0.6967163, -0.8926697, -0.651001, -0.40933228, -0.16766357, 0.07400513, 0.31567383, 0.5573425, 0.79901123, -0.79037476, -0.54870605, -0.30703735, -0.06536865, 0.17630005, 0.41796875, 0.65963745, 0.90130615, -0.68807983, -0.44641113, -0.20474243, 0.03692627, 0.27859497, 0.5202637, 0.7619324, -0.8274536, -0.5857849, -0.3441162, -0.10244751, 0.13922119, 0.3808899, 0.6225586, 0.8642273, -0.7251587, -0.48349, -0.24182129, -0.00015258789, 0.24151611, 0.4831848, 0.7248535, -0.8645325, -0.62286377, -0.38119507, -0.13952637, 0.102142334, 0.34381104, 0.58547974, 0.82714844, -0.76223755, -0.52056885, -0.27890015, -0.037231445, 0.20443726, 0.44610596, 0.68777466, -0.9016113, -0.6599426, -0.41827393, -0.17660522, 0.06506348, 0.30673218, 0.5484009, 0.7900696, -0.7993164, -0.5576477, -0.315979, -0.0743103, 0.1673584, 0.4090271, 0.6506958, 0.8923645, -0.6970215, -0.45535278, -0.21368408, 0.02798462, 0.26965332, 0.511322, 0.7529907, -0.83639526, -0.59472656, -0.35305786, -0.11138916, 0.13027954, 0.37194824, 0.61361694, 0.85528564, -0.73410034, -0.49243164, -0.25076294, -0.009094238, 0.23257446, 0.47424316, 0.71591187, -0.8734741, -0.6318054, -0.39013672, -0.14846802, 0.09320068, 0.33486938, 0.5765381, 0.8182068, -0.7711792, -0.5295105, -0.2878418, -0.046173096, 0.1954956, 0.4371643, 0.678833, -0.910553, -0.6688843, -0.42721558, -0.18554688, 0.056121826, 0.29779053, 0.5394592, 0.7811279, -0.80825806, -0.56658936, -0.32492065, -0.08325195, 0.15841675, 0.40008545, 0.64175415, 0.88342285, -0.70596313, -0.46429443, -0.22262573, 0.019042969, 0.26071167, 0.5023804, 0.7440491, -0.8453369, -0.6036682, -0.3619995, -0.12033081, 0.12133789, 0.3630066, 0.6046753, 0.846344, -0.743042, -0.5013733, -0.2597046, -0.018035889, 0.22363281, 0.4653015, 0.7069702, -0.8824158, -0.6407471, -0.39907837, -0.15740967, 0.08425903, 0.32592773, 0.56759644, 0.80926514, -0.78012085, -0.53845215, -0.29678345, -0.055114746, 0.18655396, 0.42822266, 0.66989136, 0.91156006, -0.6778259, -0.43615723, -0.19448853, 0.047180176, 0.28884888, 0.5305176, 0.7721863, -0.8171997, -0.575531, -0.3338623, -0.0921936, 0.1494751, 0.3911438, 0.6328125, 0.8744812, -0.7149048, -0.47323608, -0.23156738, 0.010101318, 0.25177002, 0.49343872, 0.7351074, -0.85427856, -0.61260986, -0.37094116, -0.12927246, 0.11239624, 0.35406494, 0.59573364, 0.83740234, -0.75198364, -0.51031494, -0.26864624, -0.026977539, 0.21469116, 0.45635986, 0.69802856, -0.8913574, -0.6496887, -0.40802002, -0.16635132, 0.07531738, 0.31698608, 0.5586548, 0.8003235, -0.7890625, -0.5473938, -0.3057251, -0.0640564, 0.1776123, 0.419281, 0.6609497, 0.9026184, -0.6867676, -0.44509888, -0.20343018, 0.038238525, 0.27990723, 0.5215759, 0.7632446, -0.82614136, -0.58447266, -0.34280396, -0.101135254, 0.14053345, 0.38220215, 0.62387085, 0.86553955, -0.72384644, -0.48217773, -0.24050903, 0.001159668, 0.24282837, 0.48449707, 0.7261658, -0.8632202, -0.6215515, -0.3798828, -0.13821411, 0.10345459, 0.3451233, 0.586792, 0.8284607, -0.7609253, -0.5192566, -0.2775879, -0.03591919, 0.20574951, 0.4474182, 0.6890869, -0.9002991, -0.6586304, -0.41696167, -0.17529297, 0.06637573, 0.30804443, 0.54971313, 0.79138184, -0.79800415, -0.55633545, -0.31466675, -0.07299805, 0.16867065, 0.41033936, 0.65200806, 0.89367676, -0.6957092, -0.45404053, -0.21237183, 0.029296875, 0.27096558, 0.5126343, 0.754303, -0.835083, -0.5934143, -0.3517456, -0.110076904, 0.1315918, 0.3732605, 0.6149292, 0.8565979, -0.7327881, -0.49111938, -0.24945068, -0.0077819824, 0.23388672, 0.47555542, 0.7172241, -0.87216187, -0.63049316, -0.38882446, -0.14715576, 0.09451294, 0.33618164, 0.57785034, 0.81951904, -0.76986694, -0.52819824, -0.28652954, -0.04486084, 0.19680786, 0.43847656, 0.68014526, -0.9092407, -0.667572, -0.42590332, -0.18423462, 0.057434082, 0.29910278, 0.5407715, 0.7824402, -0.8069458, -0.5652771, -0.3236084, -0.0819397, 0.159729, 0.4013977, 0.6430664, 0.8847351, -0.7046509, -0.46298218, -0.22131348, 0.020355225, 0.26202393, 0.5036926, 0.7453613, -0.84402466, -0.60235596, -0.36068726, -0.119018555, 0.12265015, 0.36431885, 0.60598755, 0.84765625, -0.74172974, -0.50006104, -0.25839233, -0.016723633, 0.22494507, 0.46661377, 0.7082825, -0.8811035, -0.6394348, -0.3977661, -0.15609741, 0.08557129, 0.32724, 0.5689087, 0.8105774, -0.7788086, -0.5371399, -0.2954712, -0.05380249, 0.18786621, 0.4295349, 0.6712036, 0.9128723, -0.6765137, -0.43484497, -0.19317627, 0.04849243, 0.29016113, 0.53182983, 0.77349854, -0.81588745, -0.57421875, -0.33255005, -0.09088135, 0.15078735, 0.39245605, 0.63412476, 0.87579346, -0.7135925, -0.47192383, -0.23025513, 0.011413574, 0.25308228, 0.49475098, 0.7364197, -0.8529663, -0.6112976, -0.3696289, -0.1279602, 0.113708496, 0.3553772, 0.5970459, 0.8387146, -0.7506714, -0.5090027, -0.26733398, -0.025665283, 0.21600342, 0.45767212, 0.6993408, -0.89004517, -0.64837646, -0.40670776, -0.16503906, 0.07662964, 0.31829834, 0.55996704, 0.80163574, -0.78775024, -0.54608154, -0.30441284, -0.06274414, 0.17892456, 0.42059326, 0.66226196, 0.90393066, -0.6854553, -0.44378662, -0.20211792, 0.03955078, 0.28121948, 0.5228882, 0.7645569, -0.8248291, -0.5831604, -0.3414917, -0.099823, 0.1418457, 0.3835144, 0.6251831, 0.8668518, -0.7225342, -0.48086548, -0.23919678, 0.0024719238, 0.24414063, 0.48580933, 0.727478, -0.86190796, -0.62023926, -0.37857056, -0.13690186, 0.104766846, 0.34643555, 0.58810425, 0.82977295, -0.75961304, -0.51794434, -0.27627563, -0.034606934, 0.20706177, 0.44873047, 0.69039917, -0.8989868, -0.6573181, -0.4156494, -0.17398071, 0.06768799, 0.3093567, 0.5510254, 0.7926941, -0.7966919, -0.5550232, -0.3133545, -0.07168579, 0.16998291, 0.4116516, 0.6533203, 0.894989, -0.694397, -0.45272827, -0.21105957, 0.03060913, 0.27227783, 0.51394653, 0.75561523, -0.83377075, -0.59210205, -0.35043335, -0.10876465, 0.13290405, 0.37457275, 0.61624146, 0.85791016, -0.73147583, -0.48980713, -0.24813843, -0.0064697266, 0.23519897, 0.47686768, 0.7185364, -0.8708496, -0.6291809, -0.3875122, -0.1458435, 0.095825195, 0.3374939, 0.5791626, 0.8208313, -0.7685547, -0.526886, -0.2852173, -0.043548584, 0.19812012, 0.43978882, 0.6814575, -0.90792847, -0.66625977, -0.42459106, -0.18292236, 0.058746338, 0.30041504, 0.54208374, 0.78375244, -0.80563354, -0.56396484, -0.32229614, -0.08062744, 0.16104126, 0.40270996, 0.64437866, 0.88604736, -0.7033386, -0.46166992, -0.22000122, 0.02166748, 0.26333618, 0.5050049, 0.7466736, -0.8427124, -0.6010437, -0.359375, -0.1177063, 0.1239624, 0.3656311, 0.6072998, 0.8489685, -0.7404175, -0.49874878, -0.25708008, -0.015411377, 0.22625732, 0.46792603, 0.7095947, -0.87979126, -0.63812256, -0.39645386, -0.15478516, 0.086883545, 0.32855225, 0.57022095, 0.81188965, -0.77749634, -0.53582764, -0.29415894, -0.052490234, 0.18917847, 0.43084717, 0.67251587, 0.9141846, -0.6752014, -0.4335327, -0.19186401, 0.049804688, 0.2914734, 0.5331421, 0.7748108, -0.8145752, -0.5729065, -0.3312378, -0.08956909, 0.15209961, 0.3937683, 0.635437, 0.8771057, -0.7122803, -0.47061157, -0.22894287, 0.01272583, 0.25439453, 0.49606323, 0.73773193, -0.85165405, -0.60998535, -0.36831665, -0.12664795, 0.11502075, 0.35668945, 0.59835815, 0.84002686, -0.74935913, -0.5076904, -0.26602173, -0.024353027, 0.21731567, 0.45898438, 0.7006531, -0.8887329, -0.6470642, -0.4053955, -0.1637268, 0.077941895, 0.3196106, 0.5612793, 0.802948, -0.786438, -0.5447693, -0.3031006, -0.061431885, 0.18023682, 0.42190552, 0.6635742, 0.9052429, -0.68414307, -0.44247437, -0.20080566, 0.040863037, 0.28253174, 0.52420044, 0.76586914, -0.82351685, -0.58184814, -0.34017944, -0.09851074, 0.14315796, 0.38482666, 0.62649536, 0.86816406, -0.7212219, -0.47955322, -0.23788452, 0.0037841797, 0.24545288, 0.48712158, 0.7287903, -0.8605957, -0.618927, -0.3772583, -0.1355896, 0.1060791, 0.3477478, 0.5894165, 0.8310852, -0.7583008, -0.5166321, -0.27496338, -0.033294678, 0.20837402, 0.45004272, 0.6917114, -0.89767456, -0.65600586, -0.41433716, -0.17266846, 0.069000244, 0.31066895, 0.55233765, 0.79400635, -0.79537964, -0.55371094, -0.31204224, -0.070373535, 0.17129517, 0.41296387, 0.65463257, 0.89630127, -0.6930847, -0.45141602, -0.20974731, 0.031921387, 0.2735901, 0.5152588, 0.7569275, -0.8324585, -0.5907898, -0.3491211, -0.10745239, 0.13421631, 0.375885, 0.6175537, 0.8592224, -0.7301636, -0.48849487, -0.24682617, -0.0051574707, 0.23651123, 0.47817993, 0.71984863, -0.86953735, -0.62786865, -0.38619995, -0.14453125, 0.09713745, 0.33880615, 0.58047485, 0.82214355, -0.76724243, -0.52557373, -0.28390503, -0.042236328, 0.19943237, 0.44110107, 0.6827698, -0.9066162, -0.6649475, -0.4232788, -0.1816101, 0.060058594, 0.3017273, 0.543396, 0.7850647, -0.8043213, -0.5626526, -0.3209839, -0.079315186, 0.16235352, 0.40402222, 0.6456909, 0.8873596, -0.70202637, -0.46035767, -0.21868896, 0.022979736, 0.26464844, 0.50631714, 0.74798584, -0.84140015, -0.59973145, -0.35806274, -0.11639404, 0.12527466, 0.36694336, 0.60861206, 0.85028076, -0.7391052, -0.49743652, -0.25576782, -0.014099121, 0.22756958, 0.46923828, 0.710907, -0.878479, -0.6368103, -0.3951416, -0.1534729, 0.0881958, 0.3298645, 0.5715332, 0.8132019, -0.7761841, -0.5345154, -0.29284668, -0.05117798, 0.19049072, 0.43215942, 0.6738281, 0.9154968, -0.67388916, -0.43222046, -0.19055176, 0.051116943, 0.29278564, 0.53445435, 0.77612305, -0.81326294, -0.57159424, -0.32992554, -0.088256836, 0.15341187, 0.39508057, 0.63674927, 0.87841797, -0.710968, -0.46929932, -0.22763062, 0.014038086, 0.2557068, 0.4973755, 0.7390442, -0.8503418, -0.6086731, -0.3670044, -0.1253357, 0.11633301, 0.3580017, 0.5996704, 0.8413391, -0.7480469, -0.5063782, -0.26470947, -0.023040771, 0.21862793, 0.46029663, 0.70196533, -0.88742065, -0.64575195, -0.40408325, -0.16241455, 0.07925415, 0.32092285, 0.56259155, 0.80426025, -0.78512573, -0.54345703, -0.30178833, -0.06011963, 0.18154907, 0.42321777, 0.6648865, 0.9065552, -0.6828308, -0.4411621, -0.19949341, 0.042175293, 0.283844, 0.5255127, 0.7671814, -0.8222046, -0.5805359, -0.3388672, -0.09719849, 0.14447021, 0.38613892, 0.6278076, 0.8694763, -0.71990967, -0.47824097, -0.23657227, 0.0050964355, 0.24676514, 0.48843384, 0.73010254, -0.85928345, -0.61761475, -0.37594604, -0.13427734, 0.10739136, 0.34906006, 0.59072876, 0.83239746, -0.7569885, -0.5153198, -0.27365112, -0.031982422, 0.20968628, 0.45135498, 0.6930237, -0.8963623, -0.6546936, -0.4130249, -0.1713562, 0.0703125, 0.3119812, 0.5536499, 0.7953186, -0.7940674, -0.5523987, -0.31072998, -0.06906128, 0.17260742, 0.41427612, 0.6559448, 0.8976135, -0.69177246, -0.45010376, -0.20843506, 0.033233643, 0.27490234, 0.51657104, 0.75823975, -0.83114624, -0.58947754, -0.34780884, -0.10614014, 0.13552856, 0.37719727, 0.61886597, 0.86053467, -0.7288513, -0.48718262, -0.24551392, -0.0038452148, 0.23782349, 0.4794922, 0.7211609, -0.8682251, -0.6265564, -0.3848877, -0.143219, 0.09844971, 0.3401184, 0.5817871, 0.8234558, -0.7659302, -0.5242615, -0.28259277, -0.040924072, 0.20074463, 0.44241333, 0.68408203, -0.90530396, -0.66363525, -0.42196655, -0.18029785, 0.06137085, 0.30303955, 0.54470825, 0.78637695, -0.80300903, -0.56134033, -0.31967163, -0.07800293, 0.16366577, 0.40533447, 0.6470032, 0.8886719, -0.7007141, -0.4590454, -0.21737671, 0.024291992, 0.2659607, 0.5076294, 0.7492981, -0.8400879, -0.5984192, -0.3567505, -0.11508179, 0.12658691, 0.36825562, 0.6099243, 0.851593, -0.73779297, -0.49612427, -0.25445557, -0.012786865, 0.22888184, 0.47055054, 0.71221924, -0.87716675, -0.63549805, -0.39382935, -0.15216064, 0.08950806, 0.33117676, 0.57284546, 0.81451416, -0.7748718, -0.5332031, -0.29153442, -0.049865723, 0.19180298, 0.43347168, 0.6751404, -0.9142456, -0.6725769, -0.4309082, -0.1892395, 0.0524292, 0.2940979, 0.5357666, 0.7774353, -0.8119507, -0.570282, -0.32861328, -0.08694458, 0.15472412, 0.39639282, 0.6380615, 0.8797302, -0.70965576, -0.46798706, -0.22631836, 0.015350342, 0.25701904, 0.49868774, 0.74035645, -0.84902954, -0.60736084, -0.36569214, -0.12402344, 0.11764526, 0.35931396, 0.60098267, 0.84265137, -0.7467346, -0.5050659, -0.26339722, -0.021728516, 0.21994019, 0.4616089, 0.7032776, -0.8861084, -0.6444397, -0.402771, -0.1611023, 0.080566406, 0.3222351, 0.5639038, 0.8055725, -0.7838135, -0.5421448, -0.30047607, -0.058807373, 0.18286133, 0.42453003, 0.66619873, 0.90786743, -0.68151855, -0.43984985, -0.19818115, 0.04348755, 0.28515625, 0.52682495, 0.76849365, -0.82089233, -0.57922363, -0.33755493, -0.09588623, 0.14578247, 0.38745117, 0.6291199, 0.8707886, -0.7185974, -0.4769287, -0.23526001, 0.0064086914, 0.2480774, 0.4897461, 0.7314148, -0.8579712, -0.6163025, -0.3746338, -0.13296509, 0.10870361, 0.3503723, 0.592041, 0.8337097, -0.75567627, -0.51400757, -0.27233887, -0.030670166, 0.21099854, 0.45266724, 0.69433594, -0.89505005, -0.65338135, -0.41171265, -0.17004395, 0.071624756, 0.31329346, 0.55496216, 0.79663086, -0.7927551, -0.5510864, -0.30941772, -0.06774902, 0.17391968, 0.41558838, 0.6572571, 0.8989258, -0.6904602, -0.4487915, -0.2071228, 0.0345459, 0.2762146, 0.5178833, 0.759552, -0.829834, -0.5881653, -0.34649658, -0.10482788, 0.13684082, 0.37850952, 0.6201782, 0.8618469, -0.72753906, -0.48587036, -0.24420166, -0.002532959, 0.23913574, 0.48080444, 0.72247314, -0.86691284, -0.62524414, -0.38357544, -0.14190674, 0.09976196, 0.34143066, 0.58309937, 0.82476807, -0.7646179, -0.5229492, -0.28128052, -0.039611816, 0.20205688, 0.4437256, 0.6853943, -0.9039917, -0.662323, -0.4206543, -0.1789856, 0.062683105, 0.3043518, 0.5460205, 0.7876892, -0.8016968, -0.5600281, -0.31835938, -0.076690674, 0.16497803, 0.40664673, 0.6483154, 0.88998413, -0.69940186, -0.45773315, -0.21606445, 0.025604248, 0.26727295, 0.50894165, 0.75061035, -0.83877563, -0.59710693, -0.35543823, -0.11376953, 0.12789917, 0.36956787, 0.6112366, 0.8529053, -0.7364807, -0.494812, -0.2531433, -0.011474609, 0.23019409, 0.4718628, 0.7135315, -0.8758545, -0.6341858, -0.3925171, -0.15084839, 0.09082031, 0.332489, 0.5741577, 0.8158264, -0.7735596, -0.53189087, -0.29022217, -0.048553467, 0.19311523, 0.43478394, 0.67645264, -0.91293335, -0.67126465, -0.42959595, -0.18792725, 0.053741455, 0.29541016, 0.53707886, 0.77874756, -0.8106384, -0.5689697, -0.32730103, -0.085632324, 0.15603638, 0.39770508, 0.6393738, 0.8810425, -0.7083435, -0.4666748, -0.2250061, 0.016662598, 0.2583313, 0.5, 0.7416687, -0.8477173, -0.6060486, -0.36437988, -0.12271118, 0.11895752, 0.36062622, 0.6022949, 0.8439636, -0.74542236, -0.50375366, -0.26208496, -0.02041626, 0.22125244, 0.46292114, 0.70458984, -0.88479614, -0.64312744, -0.40145874, -0.15979004, 0.08187866, 0.32354736, 0.56521606, 0.80688477, -0.7825012, -0.5408325, -0.29916382, -0.057495117, 0.18417358, 0.4258423, 0.667511, 0.9091797, -0.6802063, -0.4385376, -0.1968689, 0.044799805, 0.2864685, 0.5281372, 0.7698059, -0.8195801, -0.5779114, -0.33624268, -0.094573975, 0.14709473, 0.38876343, 0.6304321, 0.87210083, -0.71728516, -0.47561646, -0.23394775, 0.0077209473, 0.24938965, 0.49105835, 0.73272705, -0.85665894, -0.61499023, -0.37332153, -0.13165283, 0.11001587, 0.35168457, 0.5933533, 0.835022, -0.754364, -0.5126953, -0.2710266, -0.02935791, 0.21231079, 0.4539795, 0.6956482, -0.8937378, -0.6520691, -0.4104004, -0.16873169, 0.07293701, 0.3146057, 0.5562744, 0.7979431, -0.7914429, -0.54977417, -0.30810547, -0.06643677, 0.17523193, 0.41690063, 0.65856934, 0.90023804, -0.68914795, -0.44747925, -0.20581055, 0.035858154, 0.27752686, 0.51919556, 0.76086426, -0.8285217, -0.586853, -0.34518433, -0.103515625, 0.13815308, 0.37982178, 0.6214905, 0.8631592, -0.7262268, -0.4845581, -0.2428894, -0.0012207031, 0.240448, 0.4821167, 0.7237854, -0.8656006, -0.6239319, -0.38226318, -0.14059448, 0.10107422, 0.34274292, 0.5844116, 0.8260803, -0.76330566, -0.52163696, -0.27996826, -0.03829956, 0.20336914, 0.44503784, 0.68670654, -0.90267944, -0.66101074, -0.41934204, -0.17767334, 0.06399536, 0.30566406, 0.54733276, 0.78900146, -0.8003845, -0.5587158, -0.31704712, -0.07537842, 0.16629028, 0.40795898, 0.6496277, 0.8912964, -0.6980896, -0.4564209, -0.2147522, 0.026916504, 0.2685852, 0.5102539, 0.7519226, -0.8374634, -0.5957947, -0.35412598, -0.112457275, 0.12921143, 0.37088013, 0.6125488, 0.8542175, -0.73516846, -0.49349976, -0.25183105, -0.0101623535, 0.23150635, 0.47317505, 0.71484375, -0.87454224, -0.63287354, -0.39120483, -0.14953613, 0.09213257, 0.33380127, 0.57547, 0.8171387, -0.7722473, -0.5305786, -0.2889099, -0.04724121, 0.19442749, 0.4360962, 0.6777649, -0.9116211, -0.6699524, -0.4282837, -0.18661499, 0.05505371, 0.2967224, 0.5383911, 0.7800598, -0.8093262, -0.5676575, -0.32598877, -0.08432007, 0.15734863, 0.39901733, 0.64068604, 0.88235474, -0.70703125, -0.46536255, -0.22369385, 0.017974854, 0.25964355, 0.50131226, 0.74298096, -0.846405, -0.6047363, -0.36306763, -0.121398926, 0.120269775, 0.36193848, 0.6036072, 0.8452759, -0.7441101, -0.5024414, -0.2607727, -0.019104004, 0.2225647, 0.4642334, 0.7059021, -0.8834839, -0.6418152, -0.40014648, -0.15847778, 0.08319092, 0.32485962, 0.5665283, 0.808197, -0.78118896, -0.53952026, -0.29785156, -0.05618286, 0.18548584, 0.42715454, 0.66882324, 0.91049194, -0.67889404, -0.43722534, -0.19555664, 0.04611206, 0.28778076, 0.52944946, 0.77111816, -0.8182678, -0.5765991, -0.33493042, -0.09326172, 0.14840698, 0.39007568, 0.6317444, 0.8734131, -0.7159729, -0.4743042, -0.2326355, 0.009033203, 0.2507019, 0.4923706, 0.7340393, -0.8553467, -0.613678, -0.37200928, -0.13034058, 0.111328125, 0.35299683, 0.5946655, 0.8363342, -0.75305176, -0.51138306, -0.26971436, -0.028045654, 0.21362305, 0.45529175, 0.69696045, -0.89242554, -0.65075684, -0.40908813, -0.16741943, 0.07424927, 0.31591797, 0.55758667, 0.7992554, -0.7901306, -0.5484619, -0.3067932, -0.06512451, 0.17654419, 0.4182129, 0.6598816, 0.9015503, -0.6878357, -0.446167, -0.20449829, 0.03717041, 0.2788391, 0.5205078, 0.7621765, -0.8272095, -0.5855408, -0.34387207, -0.10220337, 0.13946533, 0.38113403, 0.62280273, 0.86447144, -0.72491455, -0.48324585, -0.24157715, 9.1552734e-5, 0.24176025, 0.48342896, 0.72509766, -0.86428833, -0.6226196, -0.38095093, -0.13928223, 0.102386475, 0.34405518, 0.5857239, 0.8273926, -0.7619934, -0.5203247, -0.278656, -0.036987305, 0.2046814, 0.4463501, 0.6880188, -0.9013672, -0.6596985, -0.4180298, -0.17636108, 0.06530762, 0.30697632, 0.548645, 0.7903137, -0.79907227, -0.55740356, -0.31573486, -0.07406616, 0.16760254, 0.40927124, 0.65093994, 0.89260864, -0.69677734, -0.45510864, -0.21343994, 0.02822876, 0.26989746, 0.51156616, 0.75323486, -0.8361511, -0.5944824, -0.35281372, -0.11114502, 0.13052368, 0.37219238, 0.6138611, 0.8555298, -0.7338562, -0.4921875, -0.2505188, -0.008850098, 0.2328186, 0.4744873, 0.716156, -0.87323, -0.6315613, -0.38989258, -0.14822388, 0.093444824, 0.33511353, 0.5767822, 0.8184509, -0.77093506, -0.52926636, -0.28759766, -0.045928955, 0.19573975, 0.43740845, 0.67907715, -0.91030884, -0.66864014, -0.42697144, -0.18530273, 0.056365967, 0.29803467, 0.53970337, 0.7813721, -0.8080139, -0.5663452, -0.3246765, -0.08300781, 0.15866089, 0.4003296, 0.6419983, 0.883667, -0.705719, -0.4640503, -0.22238159, 0.01928711, 0.2609558, 0.5026245, 0.7442932, -0.8450928, -0.6034241, -0.36175537, -0.12008667, 0.12158203, 0.36325073, 0.60491943, 0.84658813, -0.74279785, -0.50112915, -0.25946045, -0.017791748, 0.22387695, 0.46554565, 0.70721436, -0.88217163, -0.6405029, -0.39883423, -0.15716553, 0.084503174, 0.32617188, 0.5678406, 0.8095093, -0.7798767, -0.538208, -0.2965393, -0.054870605, 0.1867981, 0.4284668, 0.6701355, 0.9118042, -0.6775818, -0.4359131, -0.19424438, 0.047424316, 0.28909302, 0.5307617, 0.7724304, -0.81695557, -0.57528687, -0.33361816, -0.09194946, 0.14971924, 0.39138794, 0.63305664, 0.87472534, -0.71466064, -0.47299194, -0.23132324, 0.010345459, 0.25201416, 0.49368286, 0.73535156, -0.8540344, -0.6123657, -0.37069702, -0.12902832, 0.11264038, 0.35430908, 0.5959778, 0.8376465, -0.7517395, -0.5100708, -0.2684021, -0.026733398, 0.2149353, 0.456604, 0.6982727, -0.8911133, -0.6494446, -0.40777588, -0.16610718, 0.07556152, 0.31723022, 0.5588989, 0.8005676, -0.78881836, -0.54714966, -0.30548096, -0.063812256, 0.17785645, 0.41952515, 0.66119385, 0.90286255, -0.68652344, -0.44485474, -0.20318604, 0.038482666, 0.28015137, 0.52182007, 0.76348877, -0.8258972, -0.5842285, -0.3425598, -0.10089111, 0.14077759, 0.3824463, 0.624115, 0.8657837, -0.7236023, -0.4819336, -0.2402649, 0.0014038086, 0.24307251, 0.4847412, 0.7264099, -0.8629761, -0.6213074, -0.37963867, -0.13796997, 0.10369873, 0.34536743, 0.58703613, 0.82870483, -0.76068115, -0.51901245, -0.27734375, -0.03567505, 0.20599365, 0.44766235, 0.68933105, -0.90005493, -0.65838623, -0.41671753, -0.17504883, 0.06661987, 0.30828857, 0.5499573, 0.791626, -0.79776, -0.5560913, -0.3144226, -0.072753906, 0.1689148, 0.4105835, 0.6522522, 0.8939209, -0.6954651, -0.4537964, -0.21212769, 0.029541016, 0.27120972, 0.5128784, 0.7545471, -0.83483887, -0.59317017, -0.35150146, -0.10983276, 0.13183594, 0.37350464, 0.61517334, 0.85684204, -0.73254395, -0.49087524, -0.24920654, -0.007537842, 0.23413086, 0.47579956, 0.71746826, -0.8719177, -0.630249, -0.38858032, -0.14691162, 0.09475708, 0.33642578, 0.5780945, 0.8197632, -0.7696228, -0.5279541, -0.2862854, -0.0446167, 0.197052, 0.4387207, 0.6803894, -0.9089966, -0.6673279, -0.42565918, -0.18399048, 0.057678223, 0.29934692, 0.5410156, 0.7826843, -0.80670166, -0.56503296, -0.32336426, -0.08169556, 0.15997314, 0.40164185, 0.64331055, 0.88497925, -0.70440674, -0.46273804, -0.22106934, 0.020599365, 0.26226807, 0.50393677, 0.74560547, -0.8437805, -0.6021118, -0.36044312, -0.118774414, 0.12289429, 0.364563, 0.6062317, 0.8479004, -0.7414856, -0.4998169, -0.2581482, -0.016479492, 0.22518921, 0.4668579, 0.7085266, -0.8808594, -0.6391907, -0.39752197, -0.15585327, 0.08581543, 0.32748413, 0.56915283, 0.81082153, -0.77856445, -0.53689575, -0.29522705, -0.05355835, 0.18811035, 0.42977905, 0.67144775, 0.91311646, -0.67626953, -0.43460083, -0.19293213, 0.048736572, 0.29040527, 0.532074, 0.7737427, -0.8156433, -0.5739746, -0.3323059, -0.09063721, 0.1510315, 0.3927002, 0.6343689, 0.8760376, -0.7133484, -0.4716797, -0.23001099, 0.011657715, 0.25332642, 0.49499512, 0.7366638, -0.85272217, -0.61105347, -0.36938477, -0.12771606, 0.11395264, 0.35562134, 0.59729004, 0.83895874, -0.75042725, -0.50875854, -0.26708984, -0.025421143, 0.21624756, 0.45791626, 0.69958496, -0.889801, -0.6481323, -0.40646362, -0.16479492, 0.07687378, 0.31854248, 0.5602112, 0.8018799, -0.7875061, -0.5458374, -0.3041687, -0.0625, 0.1791687, 0.4208374, 0.6625061, 0.9041748, -0.6852112, -0.44354248, -0.20187378, 0.039794922, 0.28146362, 0.5231323, 0.764801, -0.82458496, -0.58291626, -0.34124756, -0.09957886, 0.14208984, 0.38375854, 0.62542725, 0.86709595, -0.72229004, -0.48062134, -0.23895264, 0.0027160645, 0.24438477, 0.48605347, 0.72772217, -0.8616638, -0.6199951, -0.37832642, -0.13665771, 0.10501099, 0.3466797, 0.5883484, 0.8300171, -0.7593689, -0.5177002, -0.2760315, -0.034362793, 0.20730591, 0.4489746, 0.6906433, -0.8987427, -0.657074, -0.41540527, -0.17373657, 0.06793213, 0.30960083, 0.55126953, 0.79293823, -0.79644775, -0.55477905, -0.31311035, -0.07144165, 0.17022705, 0.41189575, 0.65356445, 0.89523315, -0.69415283, -0.45248413, -0.21081543, 0.030853271, 0.27252197, 0.5141907, 0.7558594, -0.8335266, -0.5918579, -0.3501892, -0.10852051, 0.1331482, 0.3748169, 0.6164856, 0.8581543, -0.7312317, -0.489563, -0.24789429, -0.006225586, 0.23544312, 0.47711182, 0.7187805, -0.87060547, -0.62893677, -0.38726807, -0.14559937, 0.096069336, 0.33773804, 0.57940674, 0.82107544, -0.76831055, -0.52664185, -0.28497314, -0.043304443, 0.19836426, 0.44003296, 0.68170166, -0.9076843, -0.6660156, -0.42434692, -0.18267822, 0.05899048, 0.30065918, 0.5423279, 0.7839966, -0.8053894, -0.5637207, -0.322052, -0.0803833, 0.1612854, 0.4029541, 0.6446228, 0.8862915, -0.7030945, -0.46142578, -0.21975708, 0.021911621, 0.26358032, 0.505249, 0.7469177, -0.84246826, -0.60079956, -0.35913086, -0.11746216, 0.12420654, 0.36587524, 0.60754395, 0.84921265, -0.74017334, -0.49850464, -0.25683594, -0.015167236, 0.22650146, 0.46817017, 0.70983887, -0.8795471, -0.6378784, -0.39620972, -0.15454102, 0.087127686, 0.3287964, 0.5704651, 0.8121338, -0.7772522, -0.5355835, -0.2939148, -0.052246094, 0.1894226, 0.4310913, 0.67276, 0.9144287, -0.6749573, -0.43328857, -0.19161987, 0.050048828, 0.29171753, 0.53338623, 0.77505493, -0.81433105, -0.57266235, -0.33099365, -0.08932495, 0.15234375, 0.39401245, 0.63568115, 0.87734985, -0.71203613, -0.47036743, -0.22869873, 0.012969971, 0.25463867, 0.49630737, 0.7379761, -0.8514099, -0.6097412, -0.3680725, -0.12640381, 0.11526489, 0.3569336, 0.5986023, 0.840271, -0.749115, -0.5074463, -0.2657776, -0.024108887, 0.21755981, 0.45922852, 0.7008972, -0.88848877, -0.64682007, -0.40515137, -0.16348267, 0.078186035, 0.31985474, 0.56152344, 0.80319214, -0.78619385, -0.54452515, -0.30285645, -0.061187744, 0.18048096, 0.42214966, 0.66381836, 0.90548706, -0.6838989, -0.44223022, -0.20056152, 0.041107178, 0.28277588, 0.5244446, 0.7661133, -0.8232727, -0.581604, -0.3399353, -0.0982666, 0.1434021, 0.3850708, 0.6267395, 0.8684082, -0.7209778, -0.47930908, -0.23764038, 0.0040283203, 0.24569702, 0.48736572, 0.7290344, -0.86035156, -0.61868286, -0.37701416, -0.13534546, 0.10632324, 0.34799194, 0.58966064, 0.83132935, -0.75805664, -0.51638794, -0.27471924, -0.033050537, 0.20861816, 0.45028687, 0.69195557, -0.8974304, -0.6557617, -0.41409302, -0.17242432, 0.069244385, 0.3109131, 0.5525818, 0.7942505, -0.7951355, -0.5534668, -0.3117981, -0.070129395, 0.1715393, 0.413208, 0.6548767, 0.8965454, -0.6928406, -0.45117188, -0.20950317, 0.032165527, 0.27383423, 0.5155029, 0.75717163, -0.83221436, -0.59054565, -0.34887695, -0.10720825, 0.13446045, 0.37612915, 0.61779785, 0.85946655, -0.72991943, -0.48825073, -0.24658203, -0.00491333, 0.23675537, 0.47842407, 0.7200928, -0.8692932, -0.6276245, -0.3859558, -0.14428711, 0.09738159, 0.3390503, 0.580719, 0.8223877, -0.7669983, -0.5253296, -0.2836609, -0.041992188, 0.19967651, 0.4413452, 0.6830139, -0.9063721, -0.66470337, -0.42303467, -0.18136597, 0.060302734, 0.30197144, 0.54364014, 0.78530884, -0.80407715, -0.56240845, -0.32073975, -0.079071045, 0.16259766, 0.40426636, 0.64593506, 0.88760376, -0.7017822, -0.46011353, -0.21844482, 0.023223877, 0.26489258, 0.5065613, 0.74823, -0.841156, -0.5994873, -0.3578186, -0.1161499, 0.1255188, 0.3671875, 0.6088562, 0.8505249, -0.7388611, -0.49719238, -0.25552368, -0.0138549805, 0.22781372, 0.46948242, 0.7111511, -0.87823486, -0.63656616, -0.39489746, -0.15322876, 0.08843994, 0.33010864, 0.57177734, 0.81344604, -0.77593994, -0.53427124, -0.29260254, -0.050933838, 0.19073486, 0.43240356, 0.67407227, -0.9153137, -0.673645, -0.43197632, -0.19030762, 0.051361084, 0.2930298, 0.5346985, 0.7763672, -0.8130188, -0.5713501, -0.3296814, -0.088012695, 0.153656, 0.3953247, 0.6369934, 0.8786621, -0.7107239, -0.46905518, -0.22738647, 0.014282227, 0.25595093, 0.49761963, 0.73928833, -0.85009766, -0.60842896, -0.36676025, -0.12509155, 0.11657715, 0.35824585, 0.59991455, 0.84158325, -0.74780273, -0.50613403, -0.26446533, -0.02279663, 0.21887207, 0.46054077, 0.7022095, -0.8871765, -0.6455078, -0.4038391, -0.16217041, 0.07949829, 0.321167, 0.5628357, 0.8045044, -0.7848816, -0.5432129, -0.3015442, -0.05987549, 0.18179321, 0.4234619, 0.6651306, 0.9067993, -0.68258667, -0.44091797, -0.19924927, 0.042419434, 0.28408813, 0.52575684, 0.76742554, -0.82196045, -0.58029175, -0.33862305, -0.096954346, 0.14471436, 0.38638306, 0.62805176, 0.86972046, -0.7196655, -0.47799683, -0.23632813, 0.005340576, 0.24700928, 0.48867798, 0.7303467, -0.8590393, -0.6173706, -0.3757019, -0.1340332, 0.1076355, 0.3493042, 0.5909729, 0.8326416, -0.7567444, -0.5150757, -0.27340698, -0.03173828, 0.20993042, 0.45159912, 0.6932678, -0.89611816, -0.65444946, -0.41278076, -0.17111206, 0.07055664, 0.31222534, 0.55389404, 0.79556274, -0.79382324, -0.55215454, -0.31048584, -0.06881714, 0.17285156, 0.41452026, 0.65618896, 0.89785767, -0.6915283, -0.44985962, -0.20819092, 0.033477783, 0.27514648, 0.5168152, 0.7584839, -0.8309021, -0.5892334, -0.3475647, -0.105895996, 0.1357727, 0.3774414, 0.6191101, 0.8607788, -0.7286072, -0.48693848, -0.24526978, -0.0036010742, 0.23806763, 0.47973633, 0.721405, -0.86798096, -0.62631226, -0.38464355, -0.14297485, 0.09869385, 0.34036255, 0.58203125, 0.82369995, -0.76568604, -0.52401733, -0.28234863, -0.04067993, 0.20098877, 0.44265747, 0.6843262, -0.9050598, -0.6633911, -0.4217224, -0.18005371, 0.06161499, 0.3032837, 0.5449524, 0.7866211, -0.8027649, -0.5610962, -0.3194275, -0.07775879, 0.16390991, 0.4055786, 0.6472473, 0.888916, -0.70047, -0.45880127, -0.21713257, 0.024536133, 0.26620483, 0.50787354, 0.74954224, -0.83984375, -0.59817505, -0.35650635, -0.11483765, 0.12683105, 0.36849976, 0.61016846, 0.85183716, -0.7375488, -0.49588013, -0.25421143, -0.012542725, 0.22912598, 0.47079468, 0.7124634, -0.8769226, -0.6352539, -0.3935852, -0.1519165, 0.0897522, 0.3314209, 0.5730896, 0.8147583, -0.7746277, -0.532959, -0.29129028, -0.049621582, 0.19204712, 0.43371582, 0.6753845, -0.91400146, -0.67233276, -0.43066406, -0.18899536, 0.05267334, 0.29434204, 0.53601074, 0.77767944, -0.81170654, -0.57003784, -0.32836914, -0.08670044, 0.15496826, 0.39663696, 0.63830566, 0.87997437, -0.7094116, -0.46774292, -0.22607422, 0.015594482, 0.25726318, 0.49893188, 0.7406006, -0.8487854, -0.6071167, -0.365448, -0.1237793, 0.117889404, 0.3595581, 0.6012268, 0.8428955, -0.7464905, -0.5048218, -0.26315308, -0.021484375, 0.22018433, 0.46185303, 0.7035217, -0.88586426, -0.64419556, -0.40252686, -0.16085815, 0.08081055, 0.32247925, 0.56414795, 0.80581665, -0.78356934, -0.54190063, -0.30023193, -0.058563232, 0.18310547, 0.42477417, 0.6664429, 0.9081116, -0.6812744, -0.4396057, -0.19793701, 0.04373169, 0.2854004, 0.5270691, 0.7687378, -0.8206482, -0.5789795, -0.3373108, -0.09564209, 0.14602661, 0.3876953, 0.629364, 0.8710327, -0.7183533, -0.47668457, -0.23501587, 0.006652832, 0.24832153, 0.48999023, 0.73165894, -0.85772705, -0.61605835, -0.37438965, -0.13272095, 0.108947754, 0.35061646, 0.59228516, 0.83395386, -0.7554321, -0.5137634, -0.27209473, -0.030426025, 0.21124268, 0.45291138, 0.6945801, -0.8948059, -0.6531372, -0.4114685, -0.1697998, 0.0718689, 0.3135376, 0.5552063, 0.796875, -0.792511, -0.5508423, -0.30917358, -0.06750488, 0.17416382, 0.41583252, 0.6575012, 0.8991699, -0.69021606, -0.44854736, -0.20687866, 0.03479004, 0.27645874, 0.51812744, 0.75979614, -0.82958984, -0.58792114, -0.34625244, -0.10458374, 0.13708496, 0.37875366, 0.62042236, 0.86209106, -0.7272949, -0.48562622, -0.24395752, -0.0022888184, 0.23937988, 0.48104858, 0.7227173, -0.8666687, -0.625, -0.3833313, -0.1416626, 0.1000061, 0.3416748, 0.5833435, 0.8250122, -0.7643738, -0.5227051, -0.28103638, -0.039367676, 0.20230103, 0.44396973, 0.6856384, -0.90374756, -0.66207886, -0.42041016, -0.17874146, 0.062927246, 0.30459595, 0.54626465, 0.78793335, -0.80145264, -0.55978394, -0.31811523, -0.07644653, 0.16522217, 0.40689087, 0.6485596, 0.8902283, -0.6991577, -0.457489, -0.21582031, 0.025848389, 0.2675171, 0.5091858, 0.7508545, -0.8385315, -0.5968628, -0.3551941, -0.11352539, 0.12814331, 0.369812, 0.6114807, 0.8531494, -0.7362366, -0.49456787, -0.25289917, -0.011230469, 0.23043823, 0.47210693, 0.71377563, -0.87561035, -0.63394165, -0.39227295, -0.15060425, 0.09106445, 0.33273315, 0.57440186, 0.81607056, -0.7733154, -0.5316467, -0.28997803, -0.048309326, 0.19335938, 0.43502808, 0.6766968, -0.9126892, -0.6710205, -0.4293518, -0.1876831, 0.053985596, 0.2956543, 0.537323, 0.7789917, -0.8103943, -0.5687256, -0.32705688, -0.08538818, 0.15628052, 0.39794922, 0.6396179, 0.8812866, -0.70809937, -0.46643066, -0.22476196, 0.016906738, 0.25857544, 0.50024414, 0.74191284, -0.84747314, -0.60580444, -0.36413574, -0.12246704, 0.11920166, 0.36087036, 0.60253906, 0.84420776, -0.7451782, -0.5035095, -0.26184082, -0.02017212, 0.22149658, 0.46316528, 0.704834, -0.884552, -0.6428833, -0.4012146, -0.1595459, 0.0821228, 0.3237915, 0.5654602, 0.8071289, -0.7822571, -0.5405884, -0.29891968, -0.057250977, 0.18441772, 0.42608643, 0.6677551, 0.9094238, -0.67996216, -0.43829346, -0.19662476, 0.045043945, 0.28671265, 0.52838135, 0.77005005, -0.81933594, -0.57766724, -0.33599854, -0.094329834, 0.14733887, 0.38900757, 0.63067627, 0.872345, -0.717041, -0.4753723, -0.23370361, 0.007965088, 0.24963379, 0.4913025, 0.7329712, -0.8564148, -0.6147461, -0.3730774, -0.13140869, 0.11026001, 0.3519287, 0.5935974, 0.8352661, -0.7541199, -0.5124512, -0.27078247, -0.02911377, 0.21255493, 0.45422363, 0.69589233, -0.89349365, -0.65182495, -0.41015625, -0.16848755, 0.07318115, 0.31484985, 0.55651855, 0.79818726, -0.79119873, -0.54953, -0.30786133, -0.06619263, 0.17547607, 0.41714478, 0.6588135, 0.9004822, -0.6889038, -0.4472351, -0.2055664, 0.036102295, 0.277771, 0.5194397, 0.7611084, -0.8282776, -0.5866089, -0.3449402, -0.103271484, 0.13839722, 0.38006592, 0.6217346, 0.8634033, -0.72598267, -0.48431396, -0.24264526, -0.0009765625, 0.24069214, 0.48236084, 0.72402954, -0.86535645, -0.62368774, -0.38201904, -0.14035034, 0.10131836, 0.34298706, 0.58465576, 0.82632446, -0.7630615, -0.5213928, -0.27972412, -0.03805542, 0.20361328, 0.44528198, 0.6869507, -0.9024353, -0.6607666, -0.4190979, -0.1774292, 0.0642395, 0.3059082, 0.5475769, 0.7892456, -0.8001404, -0.5584717, -0.31680298, -0.07513428, 0.16653442, 0.40820313, 0.6498718, 0.8915405, -0.69784546, -0.45617676, -0.21450806, 0.027160645, 0.26882935, 0.51049805, 0.75216675, -0.83721924, -0.59555054, -0.35388184, -0.112213135, 0.12945557, 0.37112427, 0.61279297, 0.85446167, -0.7349243, -0.49325562, -0.2515869, -0.009918213, 0.23175049, 0.4734192, 0.7150879, -0.8742981, -0.6326294, -0.3909607, -0.14929199, 0.09237671, 0.3340454, 0.5757141, 0.8173828, -0.7720032, -0.5303345, -0.28866577, -0.04699707, 0.19467163, 0.43634033, 0.67800903, -0.91137695, -0.66970825, -0.42803955, -0.18637085, 0.05529785, 0.29696655, 0.53863525, 0.78030396, -0.80908203, -0.56741333, -0.32574463, -0.08407593, 0.15759277, 0.39926147, 0.6409302, 0.8825989, -0.7067871, -0.4651184, -0.2234497, 0.018218994, 0.2598877, 0.5015564, 0.7432251, -0.8461609, -0.6044922, -0.3628235, -0.121154785, 0.120513916, 0.36218262, 0.6038513, 0.84552, -0.74386597, -0.50219727, -0.26052856, -0.018859863, 0.22280884, 0.46447754, 0.70614624, -0.88323975, -0.64157104, -0.39990234, -0.15823364, 0.08343506, 0.32510376, 0.56677246, 0.80844116, -0.7809448, -0.5392761, -0.29760742, -0.05593872, 0.18572998, 0.42739868, 0.6690674, 0.9107361, -0.6786499, -0.4369812, -0.1953125, 0.0463562, 0.2880249, 0.5296936, 0.7713623, -0.8180237, -0.576355, -0.33468628, -0.09301758, 0.14865112, 0.39031982, 0.6319885, 0.8736572, -0.71572876, -0.47406006, -0.23239136, 0.009277344, 0.25094604, 0.49261475, 0.73428345, -0.85510254, -0.61343384, -0.37176514, -0.13009644, 0.111572266, 0.35324097, 0.59490967, 0.83657837, -0.7528076, -0.5111389, -0.2694702, -0.027801514, 0.21386719, 0.4555359, 0.6972046, -0.8921814, -0.6505127, -0.408844, -0.1671753, 0.07449341, 0.3161621, 0.5578308, 0.7994995, -0.7898865, -0.5482178, -0.30654907, -0.06488037, 0.17678833, 0.41845703, 0.66012573, 0.90179443, -0.68759155, -0.44592285, -0.20425415, 0.03741455, 0.27908325, 0.52075195, 0.76242065, -0.82696533, -0.58529663, -0.34362793, -0.10195923, 0.13970947, 0.38137817, 0.6230469, 0.8647156, -0.7246704, -0.4830017, -0.24133301, 0.00033569336, 0.2420044, 0.4836731, 0.7253418, -0.8640442, -0.6223755, -0.3807068, -0.13903809, 0.102630615, 0.34429932, 0.585968, 0.8276367, -0.76174927, -0.52008057, -0.27841187, -0.036743164, 0.20492554, 0.44659424, 0.68826294, -0.90112305, -0.65945435, -0.41778564, -0.17611694, 0.06555176, 0.30722046, 0.54888916, 0.79055786, -0.7988281, -0.5571594, -0.31549072, -0.07382202, 0.16784668, 0.40951538, 0.6511841, 0.8928528, -0.6965332, -0.4548645, -0.2131958, 0.0284729, 0.2701416, 0.5118103, 0.753479, -0.835907, -0.5942383, -0.35256958, -0.11090088, 0.13076782, 0.37243652, 0.6141052, 0.8557739, -0.73361206, -0.49194336, -0.25027466, -0.008605957, 0.23306274, 0.47473145, 0.71640015, -0.87298584, -0.63131714, -0.38964844, -0.14797974, 0.093688965, 0.33535767, 0.57702637, 0.81869507, -0.7706909, -0.5290222, -0.28735352, -0.045684814, 0.19598389, 0.4376526, 0.6793213, -0.9100647, -0.668396, -0.4267273, -0.1850586, 0.056610107, 0.2982788, 0.5399475, 0.7816162, -0.8077698, -0.5661011, -0.32443237, -0.08276367, 0.15890503, 0.40057373, 0.64224243, 0.88391113, -0.70547485, -0.46380615, -0.22213745, 0.01953125, 0.26119995, 0.50286865, 0.74453735, -0.84484863, -0.60317993, -0.36151123, -0.11984253, 0.12182617, 0.36349487, 0.6051636, 0.8468323, -0.7425537, -0.500885, -0.2592163, -0.017547607, 0.2241211, 0.4657898, 0.7074585, -0.8819275, -0.6402588, -0.3985901, -0.15692139, 0.084747314, 0.32641602, 0.5680847, 0.8097534, -0.77963257, -0.53796387, -0.29629517, -0.054626465, 0.18704224, 0.42871094, 0.67037964, 0.91204834, -0.67733765, -0.43566895, -0.19400024, 0.047668457, 0.28933716, 0.53100586, 0.77267456, -0.8167114, -0.5750427, -0.33337402, -0.09170532, 0.14996338, 0.39163208, 0.6333008, 0.8749695, -0.7144165, -0.4727478, -0.2310791, 0.0105896, 0.2522583, 0.493927, 0.7355957, -0.8537903, -0.6121216, -0.37045288, -0.12878418, 0.11288452, 0.35455322, 0.5962219, 0.8378906, -0.75149536, -0.50982666, -0.26815796, -0.026489258, 0.21517944, 0.45684814, 0.69851685, -0.89086914, -0.64920044, -0.40753174, -0.16586304, 0.075805664, 0.31747437, 0.55914307, 0.80081177, -0.7885742, -0.5469055, -0.30523682, -0.063568115, 0.17810059, 0.4197693, 0.661438, 0.9031067, -0.6862793, -0.4446106, -0.2029419, 0.038726807, 0.2803955, 0.5220642, 0.7637329, -0.8256531, -0.5839844, -0.34231567, -0.10064697, 0.14102173, 0.38269043, 0.62435913, 0.86602783, -0.72335815, -0.48168945, -0.24002075, 0.0016479492, 0.24331665, 0.48498535, 0.72665405, -0.86273193, -0.62106323, -0.37939453, -0.13772583, 0.10394287, 0.34561157, 0.5872803, 0.828949, -0.760437, -0.5187683, -0.2770996, -0.03543091, 0.2062378, 0.4479065, 0.6895752, -0.8998108, -0.6581421, -0.4164734, -0.17480469, 0.06686401, 0.3085327, 0.5502014, 0.7918701, -0.79751587, -0.55584717, -0.31417847, -0.072509766, 0.16915894, 0.41082764, 0.65249634, 0.89416504, -0.69522095, -0.45355225, -0.21188354, 0.029785156, 0.27145386, 0.51312256, 0.75479126, -0.8345947, -0.592926, -0.35125732, -0.10958862, 0.13208008, 0.37374878, 0.6154175, 0.8570862, -0.7322998, -0.4906311, -0.2489624, -0.007293701, 0.234375, 0.4760437, 0.7177124, -0.8716736, -0.6300049, -0.38833618, -0.14666748, 0.09500122, 0.33666992, 0.5783386, 0.8200073, -0.76937866, -0.52770996, -0.28604126, -0.04437256, 0.19729614, 0.43896484, 0.68063354, -0.90875244, -0.66708374, -0.42541504, -0.18374634, 0.057922363, 0.29959106, 0.54125977, 0.78292847, -0.8064575, -0.5647888, -0.32312012, -0.081451416, 0.16021729, 0.401886, 0.6435547, 0.8852234, -0.7041626, -0.4624939, -0.2208252, 0.020843506, 0.2625122, 0.5041809, 0.7458496, -0.8435364, -0.6018677, -0.36019897, -0.11853027, 0.12313843, 0.36480713, 0.60647583, 0.84814453, -0.74124146, -0.49957275, -0.25790405, -0.016235352, 0.22543335, 0.46710205, 0.70877075, -0.88061523, -0.63894653, -0.39727783, -0.15560913, 0.08605957, 0.32772827, 0.569397, 0.8110657, -0.7783203, -0.5366516, -0.2949829, -0.05331421, 0.18835449, 0.4300232, 0.6716919, 0.9133606, -0.6760254, -0.4343567, -0.19268799, 0.048980713, 0.2906494, 0.5323181, 0.7739868, -0.81539917, -0.57373047, -0.33206177, -0.09039307, 0.15127563, 0.39294434, 0.63461304, 0.87628174, -0.71310425, -0.47143555, -0.22976685, 0.0119018555, 0.25357056, 0.49523926, 0.73690796, -0.852478, -0.6108093, -0.36914063, -0.12747192, 0.11419678, 0.35586548, 0.5975342, 0.8392029, -0.7501831, -0.5085144, -0.2668457, -0.025177002, 0.2164917, 0.4581604, 0.6998291, -0.8895569, -0.6478882, -0.40621948, -0.16455078, 0.07711792, 0.31878662, 0.5604553, 0.802124, -0.78726196, -0.54559326, -0.30392456, -0.06225586, 0.17941284, 0.42108154, 0.66275024, 0.90441895, -0.68496704, -0.44329834, -0.20162964, 0.040039063, 0.28170776, 0.52337646, 0.76504517, -0.8243408, -0.5826721, -0.34100342, -0.09933472, 0.14233398, 0.3840027, 0.6256714, 0.8673401, -0.7220459, -0.4803772, -0.2387085, 0.002960205, 0.2446289, 0.4862976, 0.7279663, -0.8614197, -0.619751, -0.37808228, -0.13641357, 0.10525513, 0.34692383, 0.5885925, 0.83026123, -0.75912476, -0.51745605, -0.27578735, -0.034118652, 0.20755005, 0.44921875, 0.69088745, -0.89849854, -0.65682983, -0.41516113, -0.17349243, 0.06817627, 0.30984497, 0.5515137, 0.7931824, -0.7962036, -0.5545349, -0.3128662, -0.07119751, 0.17047119, 0.4121399, 0.6538086, 0.8954773, -0.6939087, -0.45224, -0.21057129, 0.031097412, 0.2727661, 0.5144348, 0.7561035, -0.8332825, -0.59161377, -0.34994507, -0.10827637, 0.13339233, 0.37506104, 0.61672974, 0.85839844, -0.73098755, -0.48931885, -0.24765015, -0.0059814453, 0.23568726, 0.47735596, 0.71902466, -0.8703613, -0.6286926, -0.38702393, -0.14535522, 0.09631348, 0.33798218, 0.5796509, 0.8213196, -0.7680664, -0.5263977, -0.284729, -0.043060303, 0.1986084, 0.4402771, 0.6819458, -0.9074402, -0.6657715, -0.42410278, -0.18243408, 0.05923462, 0.30090332, 0.542572, 0.7842407, -0.80514526, -0.56347656, -0.32180786, -0.08013916, 0.16152954, 0.40319824, 0.64486694, 0.88653564, -0.70285034, -0.46118164, -0.21951294, 0.022155762, 0.26382446, 0.50549316, 0.74716187, -0.8422241, -0.6005554, -0.35888672, -0.11721802, 0.12445068, 0.36611938, 0.6077881, 0.8494568, -0.7399292, -0.4982605, -0.2565918, -0.014923096, 0.2267456, 0.4684143, 0.710083, -0.879303, -0.6376343, -0.39596558, -0.15429688, 0.087371826, 0.32904053, 0.5707092, 0.8123779, -0.77700806, -0.53533936, -0.29367065, -0.052001953, 0.18966675, 0.43133545, 0.67300415, 0.91467285, -0.67471313, -0.43304443, -0.19137573, 0.05029297, 0.29196167, 0.5336304, 0.7752991, -0.8140869, -0.5724182, -0.3307495, -0.08908081, 0.15258789, 0.3942566, 0.6359253, 0.877594, -0.711792, -0.4701233, -0.22845459, 0.013214111, 0.2548828, 0.4965515, 0.7382202, -0.8511658, -0.6094971, -0.36782837, -0.12615967, 0.11550903, 0.35717773, 0.59884644, 0.84051514, -0.74887085, -0.50720215, -0.26553345, -0.023864746, 0.21780396, 0.45947266, 0.70114136, -0.8882446, -0.6465759, -0.40490723, -0.16323853, 0.078430176, 0.32009888, 0.5617676, 0.8034363, -0.7859497, -0.544281, -0.3026123, -0.060943604, 0.1807251, 0.4223938, 0.6640625, 0.9057312, -0.6836548, -0.44198608, -0.20031738, 0.04135132, 0.28302002, 0.5246887, 0.7663574, -0.82302856, -0.58135986, -0.33969116, -0.09802246, 0.14364624, 0.38531494, 0.62698364, 0.86865234, -0.72073364, -0.47906494, -0.23739624, 0.004272461, 0.24594116, 0.48760986, 0.72927856, -0.8601074, -0.6184387, -0.37677002, -0.13510132, 0.10656738, 0.34823608, 0.5899048, 0.8315735, -0.7578125, -0.5161438, -0.2744751, -0.032806396, 0.2088623, 0.450531, 0.6921997, -0.8971863, -0.6555176, -0.41384888, -0.17218018, 0.069488525, 0.31115723, 0.5528259, 0.7944946, -0.79489136, -0.55322266, -0.31155396, -0.069885254, 0.17178345, 0.41345215, 0.65512085, 0.89678955, -0.69259644, -0.45092773, -0.20925903, 0.032409668, 0.27407837, 0.5157471, 0.7574158, -0.8319702, -0.5903015, -0.3486328, -0.10696411, 0.13470459, 0.3763733, 0.618042, 0.8597107, -0.7296753, -0.4880066, -0.24633789, -0.0046691895, 0.23699951, 0.4786682, 0.7203369, -0.8690491, -0.6273804, -0.38571167, -0.14404297, 0.09762573, 0.33929443, 0.58096313, 0.82263184, -0.76675415, -0.52508545, -0.28341675, -0.041748047, 0.19992065, 0.44158936, 0.68325806, -0.9061279, -0.6644592, -0.42279053, -0.18112183, 0.060546875, 0.30221558, 0.5438843, 0.785553, -0.803833, -0.5621643, -0.3204956, -0.078826904, 0.1628418, 0.4045105, 0.6461792, 0.8878479, -0.7015381, -0.45986938, -0.21820068, 0.023468018, 0.26513672, 0.5068054, 0.7484741, -0.84091187, -0.59924316, -0.35757446, -0.11590576, 0.12576294, 0.36743164, 0.60910034, 0.85076904, -0.73861694, -0.49694824, -0.25527954, -0.01361084, 0.22805786, 0.46972656, 0.71139526, -0.8779907, -0.636322, -0.39465332, -0.15298462, 0.08868408, 0.33035278, 0.5720215, 0.8136902, -0.7756958, -0.5340271, -0.2923584, -0.050689697, 0.190979, 0.4326477, 0.6743164, -0.9150696, -0.6734009, -0.43173218, -0.19006348, 0.051605225, 0.29327393, 0.5349426, 0.7766113, -0.81277466, -0.57110596, -0.32943726, -0.087768555, 0.15390015, 0.39556885, 0.63723755, 0.87890625, -0.71047974, -0.46881104, -0.22714233, 0.014526367, 0.25619507, 0.49786377, 0.7395325, -0.8498535, -0.6081848, -0.3665161, -0.12484741, 0.11682129, 0.35849, 0.6001587, 0.8418274, -0.7475586, -0.5058899, -0.2642212, -0.02255249, 0.21911621, 0.4607849, 0.7024536, -0.8869324, -0.6452637, -0.40359497, -0.16192627, 0.07974243, 0.32141113, 0.56307983, 0.80474854, -0.78463745, -0.54296875, -0.30130005, -0.059631348, 0.18203735, 0.42370605, 0.66537476, 0.90704346, -0.6823425, -0.44067383, -0.19900513, 0.042663574, 0.28433228, 0.526001, 0.7676697, -0.8217163, -0.5800476, -0.3383789, -0.096710205, 0.1449585, 0.3866272, 0.6282959, 0.8699646, -0.7194214, -0.4777527, -0.23608398, 0.005584717, 0.24725342, 0.48892212, 0.7305908, -0.85879517, -0.61712646, -0.37545776, -0.13378906, 0.10787964, 0.34954834, 0.59121704, 0.83288574, -0.75650024, -0.51483154, -0.27316284, -0.03149414, 0.21017456, 0.45184326, 0.69351196, -0.895874, -0.6542053, -0.41253662, -0.17086792, 0.07080078, 0.31246948, 0.5541382, 0.7958069, -0.7935791, -0.5519104, -0.3102417, -0.068573, 0.1730957, 0.4147644, 0.6564331, 0.8981018, -0.6912842, -0.44961548, -0.20794678, 0.033721924, 0.27539063, 0.5170593, 0.758728, -0.83065796, -0.58898926, -0.34732056, -0.105651855, 0.13601685, 0.37768555, 0.61935425, 0.86102295, -0.72836304, -0.48669434, -0.24502563, -0.0033569336, 0.23831177, 0.47998047, 0.72164917, -0.8677368, -0.6260681, -0.3843994, -0.14273071, 0.09893799, 0.3406067, 0.5822754, 0.8239441, -0.7654419, -0.5237732, -0.2821045, -0.04043579, 0.20123291, 0.4429016, 0.6845703, -0.9048157, -0.663147, -0.42147827, -0.17980957, 0.06185913, 0.30352783, 0.54519653, 0.78686523, -0.80252075, -0.56085205, -0.31918335, -0.07751465, 0.16415405, 0.40582275, 0.64749146, 0.88916016, -0.70022583, -0.45855713, -0.21688843, 0.024780273, 0.26644897, 0.5081177, 0.7497864, -0.8395996, -0.5979309, -0.3562622, -0.114593506, 0.1270752, 0.3687439, 0.6104126, 0.8520813, -0.7373047, -0.495636, -0.2539673, -0.012298584, 0.22937012, 0.47103882, 0.7127075, -0.87667847, -0.63500977, -0.39334106, -0.15167236, 0.08999634, 0.33166504, 0.57333374, 0.81500244, -0.77438354, -0.53271484, -0.29104614, -0.04937744, 0.19229126, 0.43395996, 0.67562866, -0.9137573, -0.6720886, -0.43041992, -0.18875122, 0.05291748, 0.29458618, 0.5362549, 0.7779236, -0.8114624, -0.5697937, -0.328125, -0.0864563, 0.1552124, 0.3968811, 0.6385498, 0.8802185, -0.7091675, -0.46749878, -0.22583008, 0.015838623, 0.25750732, 0.49917603, 0.7408447, -0.84854126, -0.60687256, -0.36520386, -0.123535156, 0.118133545, 0.35980225, 0.60147095, 0.84313965, -0.74624634, -0.50457764, -0.26290894, -0.021240234, 0.22042847, 0.46209717, 0.70376587, -0.8856201, -0.6439514, -0.4022827, -0.16061401, 0.08105469, 0.3227234, 0.5643921, 0.8060608, -0.7833252, -0.5416565, -0.2999878, -0.05831909, 0.18334961, 0.4250183, 0.666687, 0.9083557, -0.6810303, -0.43936157, -0.19769287, 0.04397583, 0.28564453, 0.52731323, 0.76898193, -0.82040405, -0.57873535, -0.33706665, -0.09539795, 0.14627075, 0.38793945, 0.62960815, 0.87127686, -0.71810913, -0.47644043, -0.23477173, 0.0068969727, 0.24856567, 0.49023438, 0.7319031, -0.8574829, -0.6158142, -0.3741455, -0.1324768, 0.109191895, 0.3508606, 0.5925293, 0.834198, -0.755188, -0.5135193, -0.2718506, -0.030181885, 0.21148682, 0.45315552, 0.6948242, -0.89456177, -0.65289307, -0.41122437, -0.16955566, 0.07211304, 0.31378174, 0.55545044, 0.79711914, -0.79226685, -0.55059814, -0.30892944, -0.06726074, 0.17440796, 0.41607666, 0.65774536, 0.89941406, -0.6899719, -0.44830322, -0.20663452, 0.03503418, 0.27670288, 0.5183716, 0.7600403, -0.8293457, -0.587677, -0.3460083, -0.1043396, 0.1373291, 0.3789978, 0.6206665, 0.8623352, -0.7270508, -0.48538208, -0.24371338, -0.0020446777, 0.23962402, 0.48129272, 0.7229614, -0.86642456, -0.62475586, -0.38308716, -0.14141846, 0.100250244, 0.34191895, 0.58358765, 0.82525635, -0.76412964, -0.52246094, -0.28079224, -0.039123535, 0.20254517, 0.44421387, 0.68588257, -0.9035034, -0.6618347, -0.42016602, -0.17849731, 0.06317139, 0.3048401, 0.5465088, 0.7881775, -0.8012085, -0.5595398, -0.3178711, -0.07620239, 0.16546631, 0.407135, 0.6488037, 0.8904724, -0.6989136, -0.45724487, -0.21557617, 0.02609253, 0.26776123, 0.50942993, 0.75109863, -0.83828735, -0.59661865, -0.35494995, -0.11328125, 0.12838745, 0.37005615, 0.61172485, 0.85339355, -0.73599243, -0.49432373, -0.25265503, -0.010986328, 0.23068237, 0.47235107, 0.7140198, -0.8753662, -0.6336975, -0.3920288, -0.1503601, 0.091308594, 0.3329773, 0.574646, 0.8163147, -0.7730713, -0.5314026, -0.2897339, -0.048065186, 0.19360352, 0.43527222, 0.6769409, -0.91244507, -0.67077637, -0.42910767, -0.18743896, 0.054229736, 0.29589844, 0.53756714, 0.77923584, -0.81015015, -0.56848145, -0.32681274, -0.08514404, 0.15652466, 0.39819336, 0.63986206, 0.88153076, -0.7078552, -0.46618652, -0.22451782, 0.017150879, 0.25881958, 0.5004883, 0.742157, -0.847229, -0.6055603, -0.3638916, -0.1222229, 0.1194458, 0.3611145, 0.6027832, 0.8444519, -0.7449341, -0.5032654, -0.26159668, -0.019927979, 0.22174072, 0.46340942, 0.7050781, -0.88430786, -0.64263916, -0.40097046, -0.15930176, 0.08236694, 0.32403564, 0.56570435, 0.80737305, -0.78201294, -0.54034424, -0.29867554, -0.057006836, 0.18466187, 0.42633057, 0.66799927, 0.90966797, -0.679718, -0.43804932, -0.19638062, 0.045288086, 0.2869568, 0.5286255, 0.7702942, -0.8190918, -0.5774231, -0.3357544, -0.09408569, 0.14758301, 0.3892517, 0.6309204, 0.8725891, -0.7167969, -0.47512817, -0.23345947, 0.0082092285, 0.24987793, 0.49154663, 0.73321533, -0.85617065, -0.61450195, -0.37283325, -0.13116455, 0.11050415, 0.35217285, 0.59384155, 0.83551025, -0.75387573, -0.51220703, -0.27053833, -0.028869629, 0.21279907, 0.45446777, 0.6961365, -0.8932495, -0.6515808, -0.4099121, -0.16824341, 0.07342529, 0.315094, 0.5567627, 0.7984314, -0.7909546, -0.5492859, -0.3076172, -0.06594849, 0.17572021, 0.41738892, 0.6590576, 0.9007263, -0.68865967, -0.44699097, -0.20532227, 0.036346436, 0.27801514, 0.51968384, 0.76135254, -0.82803345, -0.58636475, -0.34469604, -0.103027344, 0.13864136, 0.38031006, 0.62197876, 0.86364746, -0.7257385, -0.48406982, -0.24240112, -0.0007324219, 0.24093628, 0.48260498, 0.7242737, -0.8651123, -0.6234436, -0.3817749, -0.1401062, 0.1015625, 0.3432312, 0.5848999, 0.8265686, -0.7628174, -0.5211487, -0.27947998, -0.03781128, 0.20385742, 0.44552612, 0.6871948, -0.90219116, -0.66052246, -0.41885376, -0.17718506, 0.06448364, 0.30615234, 0.54782104, 0.78948975, -0.79989624, -0.55822754, -0.31655884, -0.07489014, 0.16677856, 0.40844727, 0.65011597, 0.89178467, -0.6976013, -0.45593262, -0.21426392, 0.027404785, 0.2690735, 0.5107422, 0.7524109, -0.8369751, -0.5953064, -0.3536377, -0.111968994, 0.1296997, 0.3713684, 0.6130371, 0.8547058, -0.7346802, -0.49301147, -0.25134277, -0.009674072, 0.23199463, 0.47366333, 0.71533203, -0.87405396, -0.63238525, -0.39071655, -0.14904785, 0.09262085, 0.33428955, 0.57595825, 0.81762695, -0.77175903, -0.53009033, -0.28842163, -0.04675293, 0.19491577, 0.43658447, 0.6782532, -0.9111328, -0.6694641, -0.4277954, -0.18612671, 0.055541992, 0.2972107, 0.5388794, 0.7805481, -0.8088379, -0.5671692, -0.3255005, -0.08383179, 0.15783691, 0.39950562, 0.6411743, 0.882843, -0.70654297, -0.46487427, -0.22320557, 0.018463135, 0.26013184, 0.50180054, 0.74346924, -0.84591675, -0.60424805, -0.36257935, -0.120910645, 0.12075806, 0.36242676, 0.60409546, 0.84576416, -0.7436218, -0.5019531, -0.26028442, -0.018615723, 0.22305298, 0.46472168, 0.7063904, -0.8829956, -0.6413269, -0.3996582, -0.1579895, 0.0836792, 0.3253479, 0.5670166, 0.8086853, -0.7807007, -0.539032, -0.29736328, -0.05569458, 0.18597412, 0.42764282, 0.6693115, 0.9109802, -0.67840576, -0.43673706, -0.19506836, 0.04660034, 0.28826904, 0.52993774, 0.77160645, -0.81777954, -0.57611084, -0.33444214, -0.09277344, 0.14889526, 0.39056396, 0.63223267, 0.87390137, -0.7154846, -0.47381592, -0.23214722, 0.009521484, 0.2511902, 0.4928589, 0.7345276, -0.8548584, -0.6131897, -0.371521, -0.1298523, 0.111816406, 0.3534851, 0.5951538, 0.8368225, -0.7525635, -0.5108948, -0.26922607, -0.027557373, 0.21411133, 0.45578003, 0.69744873, -0.89193726, -0.65026855, -0.40859985, -0.16693115, 0.07473755, 0.31640625, 0.55807495, 0.79974365, -0.78964233, -0.54797363, -0.30630493, -0.06463623, 0.17703247, 0.41870117, 0.6603699, 0.9020386, -0.6873474, -0.4456787, -0.20401001, 0.03765869, 0.2793274, 0.5209961, 0.7626648, -0.8267212, -0.5850525, -0.3433838, -0.10171509, 0.13995361, 0.3816223, 0.623291, 0.8649597, -0.72442627, -0.48275757, -0.24108887, 0.000579834, 0.24224854, 0.48391724, 0.72558594, -0.86380005, -0.62213135, -0.38046265, -0.13879395, 0.102874756, 0.34454346, 0.58621216, 0.82788086, -0.7615051, -0.5198364, -0.27816772, -0.036499023, 0.20516968, 0.44683838, 0.6885071, -0.9008789, -0.6592102, -0.4175415, -0.1758728, 0.0657959, 0.3074646, 0.5491333, 0.790802, -0.798584, -0.5569153, -0.31524658, -0.07357788, 0.16809082, 0.40975952, 0.6514282, 0.8930969, -0.69628906, -0.45462036, -0.21295166, 0.028717041, 0.27038574, 0.51205444, 0.75372314, -0.83566284, -0.59399414, -0.35232544, -0.11065674, 0.13101196, 0.37268066, 0.61434937, 0.85601807, -0.7333679, -0.49169922, -0.25003052, -0.008361816, 0.23330688, 0.4749756, 0.7166443, -0.8727417, -0.631073, -0.3894043, -0.1477356, 0.093933105, 0.3356018, 0.5772705, 0.8189392, -0.7704468, -0.5287781, -0.28710938, -0.045440674, 0.19622803, 0.43789673, 0.6795654, -0.90982056, -0.66815186, -0.42648315, -0.18481445, 0.056854248, 0.29852295, 0.54019165, 0.78186035, -0.80752563, -0.56585693, -0.32418823, -0.08251953, 0.15914917, 0.40081787, 0.6424866, 0.8841553, -0.7052307, -0.463562, -0.22189331, 0.01977539, 0.2614441, 0.5031128, 0.7447815, -0.8446045, -0.6029358, -0.3612671, -0.11959839, 0.12207031, 0.363739, 0.6054077, 0.8470764, -0.7423096, -0.50064087, -0.25897217, -0.017303467, 0.22436523, 0.46603394, 0.70770264, -0.88168335, -0.64001465, -0.39834595, -0.15667725, 0.084991455, 0.32666016, 0.56832886, 0.80999756, -0.7793884, -0.5377197, -0.29605103, -0.054382324, 0.18728638, 0.42895508, 0.6706238, 0.9122925, -0.6770935, -0.4354248, -0.1937561, 0.047912598, 0.2895813, 0.53125, 0.7729187, -0.8164673, -0.5747986, -0.33312988, -0.09146118, 0.15020752, 0.39187622, 0.6335449, 0.8752136, -0.71417236, -0.47250366, -0.23083496, 0.01083374, 0.25250244, 0.49417114, 0.73583984, -0.85354614, -0.61187744, -0.37020874, -0.12854004, 0.11312866, 0.35479736, 0.59646606, 0.83813477, -0.7512512, -0.5095825, -0.26791382, -0.026245117, 0.21542358, 0.4570923, 0.698761, -0.890625, -0.6489563, -0.4072876, -0.1656189, 0.076049805, 0.3177185, 0.5593872, 0.8010559, -0.7883301, -0.5466614, -0.30499268, -0.063323975, 0.17834473, 0.42001343, 0.6616821, 0.90335083, -0.68603516, -0.44436646, -0.20269775, 0.038970947, 0.28063965, 0.52230835, 0.76397705, -0.82540894, -0.58374023, -0.34207153, -0.10040283, 0.14126587, 0.38293457, 0.6246033, 0.866272, -0.723114, -0.4814453, -0.23977661, 0.0018920898, 0.24356079, 0.4852295, 0.7268982, -0.8624878, -0.6208191, -0.3791504, -0.13748169, 0.10418701, 0.3458557, 0.5875244, 0.8291931, -0.7601929, -0.51852417, -0.27685547, -0.035186768, 0.20648193, 0.44815063, 0.68981934, -0.89956665, -0.65789795, -0.41622925, -0.17456055, 0.067108154, 0.30877686, 0.55044556, 0.79211426, -0.7972717, -0.555603, -0.31393433, -0.072265625, 0.16940308, 0.41107178, 0.6527405, 0.8944092, -0.6949768, -0.4533081, -0.2116394, 0.030029297, 0.271698, 0.5133667, 0.7550354, -0.8343506, -0.5926819, -0.35101318, -0.10934448, 0.13232422, 0.37399292, 0.6156616, 0.8573303, -0.73205566, -0.49038696, -0.24871826, -0.0070495605, 0.23461914, 0.47628784, 0.71795654, -0.87142944, -0.62976074, -0.38809204, -0.14642334, 0.09524536, 0.33691406, 0.57858276, 0.82025146, -0.7691345, -0.5274658, -0.28579712, -0.044128418, 0.19754028, 0.43920898, 0.6808777, -0.9085083, -0.6668396, -0.4251709, -0.1835022, 0.058166504, 0.2998352, 0.5415039, 0.7831726, -0.8062134, -0.5645447, -0.32287598, -0.081207275, 0.16046143, 0.40213013, 0.6437988, 0.8854675, -0.70391846, -0.46224976, -0.22058105, 0.021087646, 0.26275635, 0.50442505, 0.74609375, -0.84329224, -0.60162354, -0.35995483, -0.11828613, 0.12338257, 0.36505127, 0.60672, 0.8483887, -0.7409973, -0.4993286, -0.2576599, -0.015991211, 0.22567749, 0.4673462, 0.7090149, -0.8803711, -0.6387024, -0.3970337, -0.15536499, 0.08630371, 0.3279724, 0.5696411, 0.8113098, -0.7780762, -0.5364075, -0.29473877, -0.05307007, 0.18859863, 0.43026733, 0.67193604, 0.91360474, -0.67578125, -0.43411255, -0.19244385, 0.049224854, 0.29089355, 0.53256226, 0.77423096, -0.815155, -0.5734863, -0.33181763, -0.090148926, 0.15151978, 0.39318848, 0.6348572, 0.8765259, -0.7128601, -0.4711914, -0.2295227, 0.012145996, 0.2538147, 0.4954834, 0.7371521, -0.8522339, -0.6105652, -0.36889648, -0.12722778, 0.11444092, 0.35610962, 0.5977783, 0.839447, -0.74993896, -0.50827026, -0.26660156, -0.024932861, 0.21673584, 0.45840454, 0.70007324, -0.88931274, -0.64764404, -0.40597534, -0.16430664, 0.07736206, 0.31903076, 0.56069946, 0.80236816, -0.7870178, -0.5453491, -0.30368042, -0.06201172, 0.17965698, 0.42132568, 0.6629944, 0.9046631, -0.6847229, -0.4430542, -0.2013855, 0.040283203, 0.2819519, 0.5236206, 0.7652893, -0.8240967, -0.582428, -0.34075928, -0.099090576, 0.14257813, 0.38424683, 0.6259155, 0.8675842, -0.72180176, -0.48013306, -0.23846436, 0.0032043457, 0.24487305, 0.48654175, 0.72821045, -0.86117554, -0.61950684, -0.37783813, -0.13616943, 0.10549927, 0.34716797, 0.58883667, 0.8305054, -0.7588806, -0.5172119, -0.2755432, -0.03387451, 0.20779419, 0.4494629, 0.6911316, -0.8982544, -0.6565857, -0.414917, -0.17324829, 0.06842041, 0.3100891, 0.5517578, 0.7934265, -0.7959595, -0.5542908, -0.31262207, -0.07095337, 0.17071533, 0.41238403, 0.65405273, 0.89572144, -0.69366455, -0.45199585, -0.21032715, 0.031341553, 0.27301025, 0.51467896, 0.75634766, -0.83303833, -0.5913696, -0.34970093, -0.10803223, 0.13363647, 0.37530518, 0.6169739, 0.8586426, -0.7307434, -0.4890747, -0.247406, -0.0057373047, 0.2359314, 0.4776001, 0.7192688, -0.8701172, -0.6284485, -0.3867798, -0.14511108, 0.09655762, 0.33822632, 0.579895, 0.8215637, -0.76782227, -0.52615356, -0.28448486, -0.042816162, 0.19885254, 0.44052124, 0.68218994, -0.90719604, -0.66552734, -0.42385864, -0.18218994, 0.05947876, 0.30114746, 0.54281616, 0.78448486, -0.8049011, -0.5632324, -0.32156372, -0.07989502, 0.16177368, 0.40344238, 0.6451111, 0.8867798, -0.7026062, -0.4609375, -0.2192688, 0.022399902, 0.2640686, 0.5057373, 0.747406, -0.84198, -0.6003113, -0.35864258, -0.11697388, 0.124694824, 0.36636353, 0.6080322, 0.8497009, -0.73968506, -0.49801636, -0.25634766, -0.014678955, 0.22698975, 0.46865845, 0.71032715, -0.87905884, -0.63739014, -0.39572144, -0.15405273, 0.08761597, 0.32928467, 0.57095337, 0.8126221, -0.7767639, -0.5350952, -0.2934265, -0.051757813, 0.18991089, 0.4315796, 0.6732483, 0.914917, -0.674469, -0.4328003, -0.19113159, 0.05053711, 0.2922058, 0.5338745, 0.7755432, -0.8138428, -0.5721741, -0.33050537, -0.08883667, 0.15283203, 0.39450073, 0.63616943, 0.87783813, -0.71154785, -0.46987915, -0.22821045, 0.013458252, 0.25512695, 0.49679565, 0.73846436, -0.85092163, -0.6092529, -0.36758423, -0.12591553, 0.115753174, 0.35742188, 0.5990906, 0.8407593, -0.7486267, -0.506958, -0.2652893, -0.023620605, 0.2180481, 0.4597168, 0.7013855, -0.8880005, -0.6463318, -0.4046631, -0.16299438, 0.07867432, 0.32034302, 0.5620117, 0.8036804, -0.78570557, -0.54403687, -0.30236816, -0.060699463, 0.18096924, 0.42263794, 0.66430664, 0.90597534, -0.68341064, -0.44174194, -0.20007324, 0.04159546, 0.28326416, 0.52493286, 0.76660156, -0.8227844, -0.5811157, -0.33944702, -0.09777832, 0.14389038, 0.38555908, 0.6272278, 0.8688965, -0.7204895, -0.4788208, -0.2371521, 0.0045166016, 0.2461853, 0.487854, 0.7295227, -0.8598633, -0.6181946, -0.37652588, -0.13485718, 0.10681152, 0.34848022, 0.5901489, 0.8318176, -0.75756836, -0.51589966, -0.27423096, -0.032562256, 0.20910645, 0.45077515, 0.69244385, -0.89694214, -0.65527344, -0.41360474, -0.17193604, 0.069732666, 0.31140137, 0.55307007, 0.79473877, -0.7946472, -0.5529785, -0.3113098, -0.06964111, 0.17202759, 0.4136963, 0.655365, 0.8970337, -0.6923523, -0.4506836, -0.2090149, 0.03265381, 0.2743225, 0.5159912, 0.7576599, -0.8317261, -0.5900574, -0.34838867, -0.10671997, 0.13494873, 0.37661743, 0.61828613, 0.85995483, -0.72943115, -0.48776245, -0.24609375, -0.004425049, 0.23724365, 0.47891235, 0.72058105, -0.86880493, -0.62713623, -0.38546753, -0.14379883, 0.09786987, 0.33953857, 0.5812073, 0.822876, -0.76651, -0.5248413, -0.2831726, -0.041503906, 0.2001648, 0.4418335, 0.6835022, -0.9058838, -0.6642151, -0.4225464, -0.18087769, 0.060791016, 0.30245972, 0.5441284, 0.7857971, -0.80358887, -0.56192017, -0.32025146, -0.07858276, 0.16308594, 0.40475464, 0.64642334, 0.88809204, -0.70129395, -0.45962524, -0.21795654, 0.023712158, 0.26538086, 0.50704956, 0.74871826, -0.8406677, -0.598999, -0.35733032, -0.11566162, 0.12600708, 0.36767578, 0.6093445, 0.8510132, -0.7383728, -0.4967041, -0.2550354, -0.013366699, 0.228302, 0.4699707, 0.7116394, -0.8777466, -0.6360779, -0.39440918, -0.15274048, 0.08892822, 0.33059692, 0.5722656, 0.8139343, -0.77545166, -0.53378296, -0.29211426, -0.050445557, 0.19122314, 0.43289185, 0.67456055, -0.91482544, -0.67315674, -0.43148804, -0.18981934, 0.051849365, 0.29351807, 0.53518677, 0.77685547, -0.8125305, -0.5708618, -0.32919312, -0.087524414, 0.15414429, 0.395813, 0.6374817, 0.8791504, -0.7102356, -0.4685669, -0.2268982, 0.014770508, 0.2564392, 0.4981079, 0.7397766, -0.8496094, -0.6079407, -0.36627197, -0.12460327, 0.11706543, 0.35873413, 0.60040283, 0.84207153, -0.74731445, -0.50564575, -0.26397705, -0.02230835, 0.21936035, 0.46102905, 0.70269775, -0.88668823, -0.64501953, -0.40335083, -0.16168213, 0.07998657, 0.32165527, 0.563324, 0.8049927, -0.7843933, -0.5427246, -0.3010559, -0.059387207, 0.1822815, 0.4239502, 0.6656189, 0.9072876, -0.6820984, -0.4404297, -0.19876099, 0.042907715, 0.28457642, 0.5262451, 0.7679138, -0.82147217, -0.57980347, -0.33813477, -0.096466064, 0.14520264, 0.38687134, 0.62854004, 0.87020874, -0.71917725, -0.47750854, -0.23583984, 0.0058288574, 0.24749756, 0.48916626, 0.73083496, -0.858551, -0.6168823, -0.37521362, -0.13354492, 0.10812378, 0.34979248, 0.5914612, 0.8331299, -0.7562561, -0.5145874, -0.2729187, -0.03125, 0.2104187, 0.4520874, 0.6937561, -0.8956299, -0.6539612, -0.41229248, -0.17062378, 0.07104492, 0.31271362, 0.5543823, 0.796051, -0.79333496, -0.55166626, -0.30999756, -0.06832886, 0.17333984, 0.41500854, 0.65667725, 0.89834595, -0.69104004, -0.44937134, -0.20770264, 0.033966064, 0.27563477, 0.51730347, 0.75897217, -0.8304138, -0.5887451, -0.34707642, -0.105407715, 0.13626099, 0.3779297, 0.6195984, 0.8612671, -0.7281189, -0.4864502, -0.2447815, -0.003112793, 0.23855591, 0.4802246, 0.7218933, -0.8674927, -0.625824, -0.38415527, -0.14248657, 0.09918213, 0.34085083, 0.58251953, 0.82418823, -0.76519775, -0.52352905, -0.28186035, -0.04019165, 0.20147705, 0.44314575, 0.68481445, -0.90457153, -0.66290283, -0.42123413, -0.17956543, 0.06210327, 0.30377197, 0.5454407, 0.7871094, -0.8022766, -0.5606079, -0.3189392, -0.07727051, 0.1643982, 0.4060669, 0.6477356, 0.8894043, -0.6999817, -0.458313, -0.21664429, 0.025024414, 0.26669312, 0.5083618, 0.7500305, -0.83935547, -0.59768677, -0.35601807, -0.114349365, 0.12731934, 0.36898804, 0.61065674, 0.85232544, -0.73706055, -0.49539185, -0.25372314, -0.012054443, 0.22961426, 0.47128296, 0.71295166, -0.8764343, -0.6347656, -0.39309692, -0.15142822, 0.09024048, 0.33190918, 0.5735779, 0.8152466, -0.7741394, -0.5324707, -0.290802, -0.0491333, 0.1925354, 0.4342041, 0.6758728, -0.9135132, -0.6718445, -0.43017578, -0.18850708, 0.05316162, 0.29483032, 0.536499, 0.7781677, -0.81121826, -0.56954956, -0.32788086, -0.08621216, 0.15545654, 0.39712524, 0.63879395, 0.88046265, -0.70892334, -0.46725464, -0.22558594, 0.016082764, 0.25775146, 0.49942017, 0.74108887, -0.8482971, -0.6066284, -0.36495972, -0.123291016, 0.118377686, 0.3600464, 0.6017151, 0.8433838, -0.7460022, -0.5043335, -0.2626648, -0.020996094, 0.2206726, 0.4623413, 0.70401, -0.885376, -0.6437073, -0.40203857, -0.16036987, 0.08129883, 0.32296753, 0.56463623, 0.80630493, -0.78308105, -0.54141235, -0.29974365, -0.05807495, 0.18359375, 0.42526245, 0.66693115, 0.90859985, -0.68078613, -0.43911743, -0.19744873, 0.04421997, 0.28588867, 0.5275574, 0.7692261, -0.8201599, -0.5784912, -0.3368225, -0.09515381, 0.1465149, 0.3881836, 0.6298523, 0.871521, -0.717865, -0.4761963, -0.23452759, 0.0071411133, 0.24880981, 0.49047852, 0.7321472, -0.85723877, -0.61557007, -0.37390137, -0.13223267, 0.109436035, 0.35110474, 0.59277344, 0.83444214, -0.75494385, -0.51327515, -0.27160645, -0.029937744, 0.21173096, 0.45339966, 0.69506836, -0.8943176, -0.6526489, -0.41098022, -0.16931152, 0.07235718, 0.31402588, 0.5556946, 0.7973633, -0.7920227, -0.550354, -0.3086853, -0.0670166, 0.1746521, 0.4163208, 0.6579895, 0.8996582, -0.6897278, -0.44805908, -0.20639038, 0.03527832, 0.27694702, 0.5186157, 0.7602844, -0.82910156, -0.58743286, -0.34576416, -0.10409546, 0.13757324, 0.37924194, 0.62091064, 0.86257935, -0.72680664, -0.48513794, -0.24346924, -0.0018005371, 0.23986816, 0.48153687, 0.72320557, -0.8661804, -0.6245117, -0.38284302, -0.14117432, 0.100494385, 0.3421631, 0.5838318, 0.8255005, -0.7638855, -0.5222168, -0.2805481, -0.038879395, 0.2027893, 0.444458, 0.6861267, -0.9032593, -0.6615906, -0.41992188, -0.17825317, 0.06341553, 0.30508423, 0.5467529, 0.78842163, -0.80096436, -0.55929565, -0.31762695, -0.07595825, 0.16571045, 0.40737915, 0.64904785, 0.89071655, -0.69866943, -0.45700073, -0.21533203, 0.02633667, 0.26800537, 0.5096741, 0.7513428, -0.8380432, -0.5963745, -0.3547058, -0.11303711, 0.12863159, 0.3703003, 0.611969, 0.8536377, -0.7357483, -0.4940796, -0.2524109, -0.0107421875, 0.23092651, 0.4725952, 0.7142639, -0.8751221, -0.63345337, -0.39178467, -0.15011597, 0.091552734, 0.33322144, 0.57489014, 0.81655884, -0.77282715, -0.53115845, -0.28948975, -0.047821045, 0.19384766, 0.43551636, 0.67718506, -0.9122009, -0.6705322, -0.42886353, -0.18719482, 0.054473877, 0.29614258, 0.5378113, 0.77948, -0.809906, -0.5682373, -0.3265686, -0.0848999, 0.1567688, 0.3984375, 0.6401062, 0.8817749, -0.7076111, -0.46594238, -0.22427368, 0.01739502, 0.25906372, 0.5007324, 0.7424011, -0.84698486, -0.60531616, -0.36364746, -0.12197876, 0.11968994, 0.36135864, 0.60302734, 0.84469604, -0.74468994, -0.50302124, -0.26135254, -0.019683838, 0.22198486, 0.46365356, 0.70532227, -0.8840637, -0.642395, -0.40072632, -0.15905762, 0.082611084, 0.3242798, 0.5659485, 0.8076172, -0.7817688, -0.5401001, -0.2984314, -0.056762695, 0.184906, 0.4265747, 0.6682434, 0.9099121, -0.6794739, -0.43780518, -0.19613647, 0.045532227, 0.28720093, 0.5288696, 0.77053833, -0.81884766, -0.57717896, -0.33551025, -0.09384155, 0.14782715, 0.38949585, 0.63116455, 0.87283325, -0.71655273, -0.47488403, -0.23321533, 0.008453369, 0.25012207, 0.49179077, 0.7334595, -0.8559265, -0.6142578, -0.3725891, -0.13092041, 0.11074829, 0.352417, 0.5940857, 0.8357544, -0.7536316, -0.5119629, -0.2702942, -0.028625488, 0.21304321, 0.4547119, 0.6963806, -0.8930054, -0.65133667, -0.40966797, -0.16799927, 0.07366943, 0.31533813, 0.55700684, 0.79867554, -0.79071045, -0.54904175, -0.30737305, -0.065704346, 0.17596436, 0.41763306, 0.65930176, 0.90097046, -0.6884155, -0.44674683, -0.20507813, 0.036590576, 0.27825928, 0.519928, 0.7615967, -0.8277893, -0.5861206, -0.3444519, -0.1027832, 0.1388855, 0.3805542, 0.6222229, 0.8638916, -0.7254944, -0.48382568, -0.24215698, -0.00048828125, 0.24118042, 0.48284912, 0.7245178, -0.86486816, -0.62319946, -0.38153076, -0.13986206, 0.10180664, 0.34347534, 0.58514404, 0.82681274, -0.76257324, -0.52090454, -0.27923584, -0.03756714, 0.20410156, 0.44577026, 0.68743896, -0.901947, -0.6602783, -0.41860962, -0.17694092, 0.06472778, 0.30639648, 0.5480652, 0.7897339, -0.7996521, -0.5579834, -0.3163147, -0.074645996, 0.1670227, 0.4086914, 0.6503601, 0.8920288, -0.6973572, -0.45568848, -0.21401978, 0.027648926, 0.26931763, 0.5109863, 0.752655, -0.83673096, -0.59506226, -0.35339355, -0.11172485, 0.12994385, 0.37161255, 0.61328125, 0.85494995, -0.73443604, -0.49276733, -0.25109863, -0.009429932, 0.23223877, 0.47390747, 0.7155762, -0.8738098, -0.6321411, -0.3904724, -0.14880371, 0.09286499, 0.3345337, 0.5762024, 0.8178711, -0.7715149, -0.5298462, -0.2881775, -0.04650879, 0.19515991, 0.4368286, 0.6784973, -0.9108887, -0.66922, -0.42755127, -0.18588257, 0.055786133, 0.29745483, 0.53912354, 0.78079224, -0.80859375, -0.56692505, -0.32525635, -0.08358765, 0.15808105, 0.39974976, 0.64141846, 0.88308716, -0.7062988, -0.46463013, -0.22296143, 0.018707275, 0.26037598, 0.5020447, 0.7437134, -0.8456726, -0.6040039, -0.3623352, -0.120666504, 0.1210022, 0.3626709, 0.6043396, 0.8460083, -0.7433777, -0.501709, -0.26004028, -0.018371582, 0.22329712, 0.46496582, 0.7066345, -0.88275146, -0.64108276, -0.39941406, -0.15774536, 0.08392334, 0.32559204, 0.56726074, 0.80892944, -0.78045654, -0.53878784, -0.29711914, -0.05545044, 0.18621826, 0.42788696, 0.66955566, 0.91122437, -0.6781616, -0.43649292, -0.19482422, 0.046844482, 0.28851318, 0.5301819, 0.7718506, -0.8175354, -0.5758667, -0.334198, -0.0925293, 0.1491394, 0.3908081, 0.6324768, 0.8741455, -0.7152405, -0.47357178, -0.23190308, 0.009765625, 0.25143433, 0.49310303, 0.7347717, -0.85461426, -0.61294556, -0.37127686, -0.12960815, 0.11206055, 0.35372925, 0.59539795, 0.83706665, -0.75231934, -0.51065063, -0.26898193, -0.027313232, 0.21435547, 0.45602417, 0.6976929, -0.8916931, -0.6500244, -0.4083557, -0.16668701, 0.07498169, 0.3166504, 0.5583191, 0.7999878, -0.7893982, -0.5477295, -0.3060608, -0.06439209, 0.17727661, 0.4189453, 0.660614, 0.9022827, -0.6871033, -0.44543457, -0.20376587, 0.037902832, 0.27957153, 0.52124023, 0.76290894, -0.82647705, -0.58480835, -0.34313965, -0.10147095, 0.14019775, 0.38186646, 0.62353516, 0.86520386, -0.7241821, -0.48251343, -0.24084473, 0.0008239746, 0.24249268, 0.48416138, 0.7258301, -0.8635559, -0.6218872, -0.3802185, -0.1385498, 0.1031189, 0.3447876, 0.5864563, 0.828125, -0.761261, -0.5195923, -0.27792358, -0.036254883, 0.20541382, 0.44708252, 0.6887512, -0.90063477, -0.65896606, -0.41729736, -0.17562866, 0.06604004, 0.30770874, 0.54937744, 0.79104614, -0.79833984, -0.55667114, -0.31500244, -0.07333374, 0.16833496, 0.41000366, 0.65167236, 0.89334106, -0.6960449, -0.45437622, -0.21270752, 0.028961182, 0.27062988, 0.5122986, 0.7539673, -0.8354187, -0.59375, -0.3520813, -0.1104126, 0.1312561, 0.3729248, 0.6145935, 0.8562622, -0.7331238, -0.49145508, -0.24978638, -0.008117676, 0.23355103, 0.47521973, 0.7168884, -0.87249756, -0.63082886, -0.38916016, -0.14749146, 0.094177246, 0.33584595, 0.57751465, 0.81918335, -0.77020264, -0.52853394, -0.28686523, -0.045196533, 0.19647217, 0.43814087, 0.6798096, -0.9095764, -0.6679077, -0.426239, -0.18457031, 0.05709839, 0.2987671, 0.5404358, 0.7821045, -0.8072815, -0.5656128, -0.3239441, -0.08227539, 0.15939331, 0.401062, 0.6427307, 0.8843994, -0.7049866, -0.46331787, -0.22164917, 0.020019531, 0.26168823, 0.50335693, 0.74502563, -0.84436035, -0.60269165, -0.36102295, -0.11935425, 0.12231445, 0.36398315, 0.60565186, 0.84732056, -0.7420654, -0.5003967, -0.25872803, -0.017059326, 0.22460938, 0.46627808, 0.7079468, -0.8814392, -0.6397705, -0.3981018, -0.1564331, 0.085235596, 0.3269043, 0.568573, 0.8102417, -0.7791443, -0.5374756, -0.29580688, -0.054138184, 0.18753052, 0.42919922, 0.6708679, 0.9125366, -0.67684937, -0.43518066, -0.19351196, 0.04815674, 0.28982544, 0.53149414, 0.77316284, -0.81622314, -0.57455444, -0.33288574, -0.09121704, 0.15045166, 0.39212036, 0.63378906, 0.87545776, -0.7139282, -0.47225952, -0.23059082, 0.011077881, 0.25274658, 0.49441528, 0.736084, -0.853302, -0.6116333, -0.3699646, -0.1282959, 0.1133728, 0.3550415, 0.5967102, 0.8383789, -0.7510071, -0.5093384, -0.26766968, -0.026000977, 0.21566772, 0.45733643, 0.6990051, -0.89038086, -0.64871216, -0.40704346, -0.16537476, 0.076293945, 0.31796265, 0.55963135, 0.80130005, -0.78808594, -0.54641724, -0.30474854, -0.063079834, 0.17858887, 0.42025757, 0.66192627, 0.903595, -0.685791, -0.4441223, -0.20245361, 0.039215088, 0.2808838, 0.5225525, 0.7642212, -0.8251648, -0.5834961, -0.3418274, -0.10015869, 0.14151001, 0.3831787, 0.6248474, 0.8665161, -0.7228699, -0.48120117, -0.23953247, 0.0021362305, 0.24380493, 0.48547363, 0.72714233, -0.86224365, -0.62057495, -0.37890625, -0.13723755, 0.10443115, 0.34609985, 0.58776855, 0.82943726, -0.75994873, -0.51828, -0.27661133, -0.034942627, 0.20672607, 0.44839478, 0.6900635, -0.8993225, -0.6576538, -0.4159851, -0.1743164, 0.067352295, 0.309021, 0.5506897, 0.7923584, -0.7970276, -0.5553589, -0.3136902, -0.072021484, 0.16964722, 0.41131592, 0.6529846, 0.8946533, -0.69473267, -0.45306396, -0.21139526, 0.030273438, 0.27194214, 0.51361084, 0.75527954, -0.83410645, -0.59243774, -0.35076904, -0.10910034, 0.13256836, 0.37423706, 0.61590576, 0.85757446, -0.7318115, -0.49014282, -0.24847412, -0.00680542, 0.23486328, 0.47653198, 0.7182007, -0.8711853, -0.6295166, -0.3878479, -0.1461792, 0.0954895, 0.3371582, 0.5788269, 0.8204956, -0.7688904, -0.5272217, -0.28555298, -0.043884277, 0.19778442, 0.43945313, 0.6811218, -0.90826416, -0.66659546, -0.42492676, -0.18325806, 0.058410645, 0.30007935, 0.54174805, 0.78341675, -0.80596924, -0.56430054, -0.32263184, -0.080963135, 0.16070557, 0.40237427, 0.64404297, 0.88571167, -0.7036743, -0.46200562, -0.22033691, 0.021331787, 0.2630005, 0.5046692, 0.7463379, -0.8430481, -0.6013794, -0.3597107, -0.11804199, 0.12362671, 0.3652954, 0.6069641, 0.8486328, -0.7407532, -0.49908447, -0.25741577, -0.01574707, 0.22592163, 0.46759033, 0.70925903, -0.88012695, -0.63845825, -0.39678955, -0.15512085, 0.08654785, 0.32821655, 0.56988525, 0.81155396, -0.77783203, -0.53616333, -0.29449463, -0.052825928, 0.18884277, 0.43051147, 0.6721802, 0.9138489, -0.6755371, -0.4338684, -0.1921997, 0.049468994, 0.2911377, 0.5328064, 0.7744751, -0.8149109, -0.5732422, -0.3315735, -0.089904785, 0.15176392, 0.39343262, 0.6351013, 0.87677, -0.71261597, -0.47094727, -0.22927856, 0.012390137, 0.25405884, 0.49572754, 0.73739624, -0.85198975, -0.61032104, -0.36865234, -0.12698364, 0.11468506, 0.35635376, 0.59802246, 0.83969116, -0.7496948, -0.5080261, -0.26635742, -0.02468872, 0.21697998, 0.45864868, 0.7003174, -0.8890686, -0.6473999, -0.4057312, -0.1640625, 0.0776062, 0.3192749, 0.5609436, 0.8026123, -0.7867737, -0.545105, -0.30343628, -0.061767578, 0.17990112, 0.42156982, 0.6632385, 0.9049072, -0.68447876, -0.44281006, -0.20114136, 0.040527344, 0.28219604, 0.52386475, 0.76553345, -0.82385254, -0.58218384, -0.34051514, -0.098846436, 0.14282227, 0.38449097, 0.62615967, 0.86782837, -0.7215576, -0.47988892, -0.23822021, 0.0034484863, 0.24511719, 0.4867859, 0.7284546, -0.8609314, -0.6192627, -0.377594, -0.1359253, 0.10574341, 0.3474121, 0.5890808, 0.8307495, -0.7586365, -0.5169678, -0.27529907, -0.03363037, 0.20803833, 0.44970703, 0.69137573, -0.89801025, -0.65634155, -0.41467285, -0.17300415, 0.06866455, 0.31033325, 0.55200195, 0.79367065, -0.79571533, -0.55404663, -0.31237793, -0.07070923, 0.17095947, 0.41262817, 0.6542969, 0.8959656, -0.6934204, -0.4517517, -0.21008301, 0.031585693, 0.2732544, 0.5149231, 0.7565918, -0.8327942, -0.5911255, -0.3494568, -0.107788086, 0.13388062, 0.37554932, 0.617218, 0.8588867, -0.73049927, -0.48883057, -0.24716187, -0.005493164, 0.23617554, 0.47784424, 0.71951294, -0.86987305, -0.62820435, -0.38653564, -0.14486694, 0.09680176, 0.33847046, 0.58013916, 0.82180786, -0.7675781, -0.5259094, -0.28424072, -0.04257202, 0.19909668, 0.44076538, 0.6824341, -0.9069519, -0.6652832, -0.4236145, -0.1819458, 0.0597229, 0.3013916, 0.5430603, 0.784729, -0.804657, -0.5629883, -0.32131958, -0.07965088, 0.16201782, 0.40368652, 0.6453552, 0.8870239, -0.70236206, -0.46069336, -0.21902466, 0.022644043, 0.26431274, 0.50598145, 0.74765015, -0.84173584, -0.60006714, -0.35839844, -0.11672974, 0.124938965, 0.36660767, 0.60827637, 0.84994507, -0.7394409, -0.49777222, -0.25610352, -0.014434814, 0.22723389, 0.4689026, 0.7105713, -0.8788147, -0.637146, -0.3954773, -0.1538086, 0.08786011, 0.3295288, 0.5711975, 0.8128662, -0.7765198, -0.5348511, -0.29318237, -0.051513672, 0.19015503, 0.43182373, 0.67349243, 0.91516113, -0.67422485, -0.43255615, -0.19088745, 0.05078125, 0.29244995, 0.53411865, 0.77578735, -0.81359863, -0.57192993, -0.33026123, -0.08859253, 0.15307617, 0.39474487, 0.6364136, 0.8780823, -0.7113037, -0.469635, -0.22796631, 0.013702393, 0.2553711, 0.4970398, 0.7387085, -0.8506775, -0.6090088, -0.3673401, -0.12567139, 0.115997314, 0.35766602, 0.5993347, 0.8410034, -0.74838257, -0.50671387, -0.26504517, -0.023376465, 0.21829224, 0.45996094, 0.70162964, -0.88775635, -0.64608765, -0.40441895, -0.16275024, 0.07891846, 0.32058716, 0.56225586, 0.80392456, -0.7854614, -0.5437927, -0.30212402, -0.060455322, 0.18121338, 0.42288208, 0.6645508, 0.9062195, -0.6831665, -0.4414978, -0.1998291, 0.0418396, 0.2835083, 0.525177, 0.7668457, -0.8225403, -0.5808716, -0.33920288, -0.09753418, 0.14413452, 0.38580322, 0.6274719, 0.8691406, -0.72024536, -0.47857666, -0.23690796, 0.004760742, 0.24642944, 0.48809814, 0.72976685, -0.85961914, -0.61795044, -0.37628174, -0.13461304, 0.107055664, 0.34872437, 0.59039307, 0.83206177, -0.7573242, -0.5156555, -0.27398682, -0.032318115, 0.20935059, 0.4510193, 0.692688, -0.896698, -0.6550293, -0.4133606, -0.1716919, 0.06997681, 0.3116455, 0.5533142, 0.7949829, -0.7944031, -0.5527344, -0.31106567, -0.06939697, 0.17227173, 0.41394043, 0.65560913, 0.89727783, -0.69210815, -0.45043945, -0.20877075, 0.03289795, 0.27456665, 0.51623535, 0.75790405, -0.83148193, -0.58981323, -0.34814453, -0.10647583, 0.13519287, 0.37686157, 0.6185303, 0.860199, -0.729187, -0.4875183, -0.24584961, -0.004180908, 0.2374878, 0.4791565, 0.7208252, -0.8685608, -0.6268921, -0.3852234, -0.14355469, 0.09811401, 0.3397827, 0.5814514, 0.8231201, -0.76626587, -0.52459717, -0.28292847, -0.041259766, 0.20040894, 0.44207764, 0.68374634, -0.90563965, -0.66397095, -0.42230225, -0.18063354, 0.061035156, 0.30270386, 0.54437256, 0.78604126, -0.8033447, -0.561676, -0.32000732, -0.07833862, 0.16333008, 0.40499878, 0.6466675, 0.8883362, -0.7010498, -0.4593811, -0.2177124, 0.023956299, 0.265625, 0.5072937, 0.7489624, -0.8404236, -0.5987549, -0.35708618, -0.11541748, 0.12625122, 0.36791992, 0.6095886, 0.8512573, -0.73812866, -0.49645996, -0.25479126, -0.013122559, 0.22854614, 0.47021484, 0.71188354, -0.87750244, -0.63583374, -0.39416504, -0.15249634, 0.08917236, 0.33084106, 0.57250977, 0.81417847, -0.7752075, -0.5335388, -0.29187012, -0.050201416, 0.19146729, 0.433136, 0.6748047, -0.9145813, -0.6729126, -0.4312439, -0.1895752, 0.052093506, 0.2937622, 0.5354309, 0.7770996, -0.8122864, -0.5706177, -0.32894897, -0.08728027, 0.15438843, 0.39605713, 0.63772583, 0.87939453, -0.70999146, -0.46832275, -0.22665405, 0.015014648, 0.25668335, 0.49835205, 0.74002075, -0.84936523, -0.60769653, -0.36602783, -0.12435913, 0.11730957, 0.35897827, 0.600647, 0.8423157, -0.7470703, -0.5054016, -0.2637329, -0.022064209, 0.21960449, 0.4612732, 0.7029419, -0.8864441, -0.6447754, -0.4031067, -0.16143799, 0.08023071, 0.3218994, 0.5635681, 0.8052368, -0.78414917, -0.54248047, -0.30081177, -0.059143066, 0.18252563, 0.42419434, 0.66586304, 0.90753174, -0.68185425, -0.44018555, -0.19851685, 0.043151855, 0.28482056, 0.52648926, 0.76815796, -0.821228, -0.5795593, -0.33789063, -0.096221924, 0.14544678, 0.38711548, 0.6287842, 0.8704529, -0.7189331, -0.4772644, -0.2355957, 0.006072998, 0.2477417, 0.4894104, 0.7310791, -0.8583069, -0.6166382, -0.37496948, -0.13330078, 0.10836792, 0.35003662, 0.5917053, 0.833374, -0.75601196, -0.51434326, -0.27267456, -0.03100586, 0.21066284, 0.45233154, 0.69400024, -0.89538574, -0.65371704, -0.41204834, -0.17037964, 0.07128906, 0.31295776, 0.55462646, 0.79629517, -0.7930908, -0.5514221, -0.30975342, -0.06808472, 0.17358398, 0.4152527, 0.6569214, 0.8985901, -0.6907959, -0.4491272, -0.2074585, 0.034210205, 0.2758789, 0.5175476, 0.7592163, -0.8301697, -0.588501, -0.34683228, -0.105163574, 0.13650513, 0.37817383, 0.6198425, 0.86151123, -0.72787476, -0.48620605, -0.24453735, -0.0028686523, 0.23880005, 0.48046875, 0.72213745, -0.86724854, -0.62557983, -0.38391113, -0.14224243, 0.09942627, 0.34109497, 0.5827637, 0.8244324, -0.7649536, -0.5232849, -0.2816162, -0.03994751, 0.20172119, 0.4433899, 0.6850586, -0.9043274, -0.6626587, -0.42099, -0.17932129, 0.062347412, 0.3040161, 0.5456848, 0.7873535, -0.8020325, -0.56036377, -0.31869507, -0.07702637, 0.16464233, 0.40631104, 0.64797974, 0.88964844, -0.69973755, -0.45806885, -0.21640015, 0.025268555, 0.26693726, 0.50860596, 0.75027466, -0.8391113, -0.5974426, -0.35577393, -0.114105225, 0.12756348, 0.36923218, 0.6109009, 0.8525696, -0.7368164, -0.4951477, -0.253479, -0.011810303, 0.2298584, 0.4715271, 0.7131958, -0.8761902, -0.6345215, -0.39285278, -0.15118408, 0.09048462, 0.33215332, 0.573822, 0.8154907, -0.77389526, -0.53222656, -0.29055786, -0.04888916, 0.19277954, 0.43444824, 0.67611694, -0.91326904, -0.67160034, -0.42993164, -0.18826294, 0.05340576, 0.29507446, 0.53674316, 0.77841187, -0.8109741, -0.5693054, -0.32763672, -0.08596802, 0.15570068, 0.39736938, 0.6390381, 0.8807068, -0.7086792, -0.4670105, -0.2253418, 0.016326904, 0.2579956, 0.4996643, 0.741333, -0.848053, -0.6063843, -0.36471558, -0.123046875, 0.118621826, 0.36029053, 0.6019592, 0.8436279, -0.74575806, -0.50408936, -0.26242065, -0.020751953, 0.22091675, 0.46258545, 0.70425415, -0.88513184, -0.64346313, -0.40179443, -0.16012573, 0.08154297, 0.32321167, 0.5648804, 0.8065491, -0.7828369, -0.5411682, -0.2994995, -0.05783081, 0.18383789, 0.4255066, 0.6671753, 0.908844, -0.680542, -0.4388733, -0.19720459, 0.04446411, 0.2861328, 0.5278015, 0.7694702, -0.8199158, -0.5782471, -0.33657837, -0.09490967, 0.14675903, 0.38842773, 0.63009644, 0.87176514, -0.71762085, -0.47595215, -0.23428345, 0.007385254, 0.24905396, 0.49072266, 0.73239136, -0.8569946, -0.6153259, -0.37365723, -0.13198853, 0.109680176, 0.35134888, 0.5930176, 0.8346863, -0.7546997, -0.513031, -0.2713623, -0.029693604, 0.2119751, 0.4536438, 0.6953125, -0.8940735, -0.6524048, -0.41073608, -0.16906738, 0.07260132, 0.31427002, 0.5559387, 0.7976074, -0.79177856, -0.55010986, -0.30844116, -0.06677246, 0.17489624, 0.41656494, 0.65823364, 0.89990234, -0.68948364, -0.44781494, -0.20614624, 0.03552246, 0.27719116, 0.51885986, 0.76052856, -0.8288574, -0.5871887, -0.34552002, -0.10385132, 0.13781738, 0.37948608, 0.6211548, 0.8628235, -0.7265625, -0.4848938, -0.2432251, -0.0015563965, 0.2401123, 0.481781, 0.7234497, -0.8659363, -0.6242676, -0.38259888, -0.14093018, 0.100738525, 0.34240723, 0.5840759, 0.8257446, -0.76364136, -0.52197266, -0.28030396, -0.038635254, 0.20303345, 0.44470215, 0.68637085, -0.90301514, -0.66134644, -0.41967773, -0.17800903, 0.06365967, 0.30532837, 0.5469971, 0.7886658, -0.8007202, -0.5590515, -0.3173828, -0.07571411, 0.16595459, 0.4076233, 0.649292, 0.8909607, -0.6984253, -0.4567566, -0.21508789, 0.02658081, 0.2682495, 0.5099182, 0.7515869, -0.8377991, -0.5961304, -0.35446167, -0.11279297, 0.12887573, 0.37054443, 0.61221313, 0.85388184, -0.73550415, -0.49383545, -0.25216675, -0.010498047, 0.23117065, 0.47283936, 0.71450806, -0.8748779, -0.6332092, -0.39154053, -0.14987183, 0.091796875, 0.33346558, 0.5751343, 0.816803, -0.772583, -0.5309143, -0.2892456, -0.047576904, 0.1940918, 0.4357605, 0.6774292, -0.9119568, -0.6702881, -0.42861938, -0.18695068, 0.054718018, 0.29638672, 0.5380554, 0.7797241, -0.80966187, -0.56799316, -0.32632446, -0.08465576, 0.15701294, 0.39868164, 0.64035034, 0.88201904, -0.70736694, -0.46569824, -0.22402954, 0.01763916, 0.25930786, 0.50097656, 0.74264526, -0.8467407, -0.605072, -0.36340332, -0.12173462, 0.11993408, 0.36160278, 0.6032715, 0.8449402, -0.7444458, -0.5027771, -0.2611084, -0.019439697, 0.222229, 0.4638977, 0.7055664, -0.8838196, -0.6421509, -0.40048218, -0.15881348, 0.082855225, 0.32452393, 0.5661926, 0.8078613, -0.78152466, -0.53985596, -0.29818726, -0.056518555, 0.18515015, 0.42681885, 0.66848755, 0.91015625, -0.67922974, -0.43756104, -0.19589233, 0.045776367, 0.28744507, 0.52911377, 0.7707825, -0.8186035, -0.5769348, -0.3352661, -0.09359741, 0.14807129, 0.38974, 0.6314087, 0.8730774, -0.7163086, -0.4746399, -0.23297119, 0.00869751, 0.2503662, 0.4920349, 0.7337036, -0.8556824, -0.6140137, -0.37234497, -0.13067627, 0.11099243, 0.35266113, 0.59432983, 0.83599854, -0.75338745, -0.51171875, -0.27005005, -0.028381348, 0.21328735, 0.45495605, 0.69662476, -0.89276123, -0.6510925, -0.40942383, -0.16775513, 0.073913574, 0.31558228, 0.557251, 0.7989197, -0.7904663, -0.5487976, -0.3071289, -0.065460205, 0.1762085, 0.4178772, 0.6595459, 0.9012146, -0.6881714, -0.4465027, -0.20483398, 0.036834717, 0.27850342, 0.5201721, 0.7618408, -0.82754517, -0.58587646, -0.34420776, -0.10253906, 0.13912964, 0.38079834, 0.62246704, 0.86413574, -0.72525024, -0.48358154, -0.24191284, -0.00024414063, 0.24142456, 0.48309326, 0.72476196, -0.864624, -0.6229553, -0.38128662, -0.13961792, 0.10205078, 0.34371948, 0.5853882, 0.8270569, -0.7623291, -0.5206604, -0.2789917, -0.037322998, 0.2043457, 0.4460144, 0.6876831, -0.9017029, -0.6600342, -0.41836548, -0.17669678, 0.064971924, 0.30664063, 0.5483093, 0.789978, -0.79940796, -0.55773926, -0.31607056, -0.074401855, 0.16726685, 0.40893555, 0.65060425, 0.89227295, -0.69711304, -0.45544434, -0.21377563, 0.027893066, 0.26956177, 0.51123047, 0.75289917, -0.8364868, -0.5948181, -0.3531494, -0.11148071, 0.13018799, 0.3718567, 0.6135254, 0.8551941, -0.7341919, -0.4925232, -0.2508545, -0.009185791, 0.23248291, 0.4741516, 0.7158203, -0.8735657, -0.631897, -0.39022827, -0.14855957, 0.09310913, 0.33477783, 0.57644653, 0.81811523, -0.77127075, -0.52960205, -0.28793335, -0.04626465, 0.19540405, 0.43707275, 0.67874146, -0.91064453, -0.66897583, -0.42730713, -0.18563843, 0.056030273, 0.29769897, 0.5393677, 0.7810364, -0.8083496, -0.5666809, -0.3250122, -0.083343506, 0.1583252, 0.3999939, 0.6416626, 0.8833313, -0.7060547, -0.464386, -0.22271729, 0.018951416, 0.26062012, 0.5022888, 0.7439575, -0.84542847, -0.60375977, -0.36209106, -0.12042236, 0.12124634, 0.36291504, 0.60458374, 0.84625244, -0.74313354, -0.50146484, -0.25979614, -0.018127441, 0.22354126, 0.46520996, 0.70687866, -0.8825073, -0.6408386, -0.39916992, -0.15750122, 0.08416748, 0.32583618, 0.5675049, 0.8091736, -0.7802124, -0.5385437, -0.296875, -0.0552063, 0.1864624, 0.4281311, 0.6697998, 0.9114685, -0.6779175, -0.43624878, -0.19458008, 0.047088623, 0.28875732, 0.530426, 0.7720947, -0.81729126, -0.57562256, -0.33395386, -0.092285156, 0.14938354, 0.39105225, 0.63272095, 0.87438965, -0.71499634, -0.47332764, -0.23165894, 0.010009766, 0.25167847, 0.49334717, 0.73501587, -0.8543701, -0.6127014, -0.3710327, -0.12936401, 0.11230469, 0.3539734, 0.5956421, 0.8373108, -0.7520752, -0.5104065, -0.2687378, -0.027069092, 0.21459961, 0.4562683, 0.697937, -0.891449, -0.6497803, -0.40811157, -0.16644287, 0.07522583, 0.31689453, 0.55856323, 0.80023193, -0.78915405, -0.54748535, -0.30581665, -0.06414795, 0.17752075, 0.41918945, 0.66085815, 0.90252686, -0.68685913, -0.44519043, -0.20352173, 0.038146973, 0.27981567, 0.5214844, 0.7631531, -0.8262329, -0.5845642, -0.3428955, -0.10122681, 0.1404419, 0.3821106, 0.6237793, 0.865448, -0.723938, -0.4822693, -0.24060059, 0.0010681152, 0.24273682, 0.48440552, 0.7260742, -0.86331177, -0.62164307, -0.37997437, -0.13830566, 0.10336304, 0.34503174, 0.58670044, 0.82836914, -0.76101685, -0.51934814, -0.27767944, -0.036010742, 0.20565796, 0.44732666, 0.68899536, -0.9003906, -0.6587219, -0.41705322, -0.17538452, 0.06628418, 0.30795288, 0.5496216, 0.7912903, -0.7980957, -0.556427, -0.3147583, -0.0730896, 0.1685791, 0.4102478, 0.6519165, 0.8935852, -0.6958008, -0.45413208, -0.21246338, 0.029205322, 0.27087402, 0.5125427, 0.7542114, -0.83517456, -0.59350586, -0.35183716, -0.11016846, 0.13150024, 0.37316895, 0.61483765, 0.85650635, -0.73287964, -0.49121094, -0.24954224, -0.007873535, 0.23379517, 0.47546387, 0.71713257, -0.8722534, -0.6305847, -0.38891602, -0.14724731, 0.09442139, 0.3360901, 0.5777588, 0.8194275, -0.7699585, -0.5282898, -0.2866211, -0.044952393, 0.19671631, 0.438385, 0.6800537, -0.9093323, -0.6676636, -0.42599487, -0.18432617, 0.05734253, 0.29901123, 0.54067993, 0.78234863, -0.80703735, -0.56536865, -0.32369995, -0.08203125, 0.15963745, 0.40130615, 0.64297485, 0.88464355, -0.70474243, -0.46307373, -0.22140503, 0.020263672, 0.26193237, 0.5036011, 0.7452698, -0.8441162, -0.6024475, -0.3607788, -0.11911011, 0.122558594, 0.3642273, 0.605896, 0.8475647, -0.7418213, -0.5001526, -0.2584839, -0.016815186, 0.22485352, 0.46652222, 0.7081909, -0.88119507, -0.63952637, -0.39785767, -0.15618896, 0.08547974, 0.32714844, 0.56881714, 0.81048584, -0.77890015, -0.53723145, -0.29556274, -0.053894043, 0.18777466, 0.42944336, 0.67111206, 0.91278076, -0.6766052, -0.43493652, -0.19326782, 0.04840088, 0.29006958, 0.5317383, 0.773407, -0.815979, -0.5743103, -0.3326416, -0.0909729, 0.1506958, 0.3923645, 0.6340332, 0.8757019, -0.7136841, -0.47201538, -0.23034668, 0.0113220215, 0.25299072, 0.49465942, 0.7363281, -0.85305786, -0.61138916, -0.36972046, -0.12805176, 0.11361694, 0.35528564, 0.59695435, 0.83862305, -0.75076294, -0.50909424, -0.26742554, -0.025756836, 0.21591187, 0.45758057, 0.69924927, -0.8901367, -0.648468, -0.40679932, -0.16513062, 0.076538086, 0.3182068, 0.5598755, 0.8015442, -0.7878418, -0.5461731, -0.3045044, -0.06283569, 0.17883301, 0.4205017, 0.6621704, 0.9038391, -0.6855469, -0.44387817, -0.20220947, 0.03945923, 0.28112793, 0.52279663, 0.76446533, -0.82492065, -0.58325195, -0.34158325, -0.09991455, 0.14175415, 0.38342285, 0.62509155, 0.86676025, -0.72262573, -0.48095703, -0.23928833, 0.002380371, 0.24404907, 0.48571777, 0.7273865, -0.8619995, -0.6203308, -0.3786621, -0.13699341, 0.10467529, 0.346344, 0.5880127, 0.8296814, -0.7597046, -0.5180359, -0.2763672, -0.034698486, 0.20697021, 0.44863892, 0.6903076, -0.89907837, -0.65740967, -0.41574097, -0.17407227, 0.067596436, 0.30926514, 0.55093384, 0.79260254, -0.79678345, -0.55511475, -0.31344604, -0.071777344, 0.16989136, 0.41156006, 0.65322876, 0.89489746, -0.6944885, -0.45281982, -0.21115112, 0.030517578, 0.27218628, 0.513855, 0.7555237, -0.8338623, -0.5921936, -0.3505249, -0.1088562, 0.1328125, 0.3744812, 0.6161499, 0.8578186, -0.7315674, -0.48989868, -0.24822998, -0.0065612793, 0.23510742, 0.47677612, 0.7184448, -0.87094116, -0.62927246, -0.38760376, -0.14593506, 0.09573364, 0.33740234, 0.57907104, 0.82073975, -0.76864624, -0.52697754, -0.28530884, -0.043640137, 0.19802856, 0.43969727, 0.68136597, -0.90802, -0.6663513, -0.42468262, -0.18301392, 0.058654785, 0.3003235, 0.5419922, 0.7836609, -0.8057251, -0.5640564, -0.3223877, -0.080718994, 0.1609497, 0.4026184, 0.6442871, 0.8859558, -0.7034302, -0.46176147, -0.22009277, 0.021575928, 0.26324463, 0.50491333, 0.74658203, -0.84280396, -0.60113525, -0.35946655, -0.11779785, 0.12387085, 0.36553955, 0.60720825, 0.84887695, -0.74050903, -0.49884033, -0.25717163, -0.01550293, 0.22616577, 0.46783447, 0.7095032, -0.8798828, -0.6382141, -0.3965454, -0.15487671, 0.08679199, 0.3284607, 0.5701294, 0.8117981, -0.7775879, -0.5359192, -0.2942505, -0.052581787, 0.18908691, 0.43075562, 0.6724243, 0.914093, -0.67529297, -0.43362427, -0.19195557, 0.049713135, 0.29138184, 0.53305054, 0.77471924, -0.81466675, -0.57299805, -0.33132935, -0.089660645, 0.15200806, 0.39367676, 0.63534546, 0.87701416, -0.7123718, -0.47070313, -0.22903442, 0.012634277, 0.25430298, 0.49597168, 0.7376404, -0.8517456, -0.6100769, -0.3684082, -0.1267395, 0.1149292, 0.3565979, 0.5982666, 0.8399353, -0.7494507, -0.507782, -0.26611328, -0.02444458, 0.21722412, 0.45889282, 0.7005615, -0.88882446, -0.64715576, -0.40548706, -0.16381836, 0.07785034, 0.31951904, 0.56118774, 0.80285645, -0.78652954, -0.54486084, -0.30319214, -0.061523438, 0.18014526, 0.42181396, 0.66348267, 0.90515137, -0.6842346, -0.44256592, -0.20089722, 0.040771484, 0.2824402, 0.5241089, 0.7657776, -0.8236084, -0.5819397, -0.340271, -0.098602295, 0.1430664, 0.3847351, 0.6264038, 0.8680725, -0.7213135, -0.47964478, -0.23797607, 0.003692627, 0.24536133, 0.48703003, 0.72869873, -0.86068726, -0.61901855, -0.37734985, -0.13568115, 0.10598755, 0.34765625, 0.58932495, 0.83099365, -0.75839233, -0.51672363, -0.27505493, -0.03338623, 0.20828247, 0.44995117, 0.6916199, -0.8977661, -0.6560974, -0.4144287, -0.17276001, 0.06890869, 0.3105774, 0.5522461, 0.7939148, -0.7954712, -0.5538025, -0.3121338, -0.07046509, 0.17120361, 0.4128723, 0.654541, 0.8962097, -0.69317627, -0.45150757, -0.20983887, 0.031829834, 0.27349854, 0.51516724, 0.75683594, -0.83255005, -0.59088135, -0.34921265, -0.107543945, 0.13412476, 0.37579346, 0.61746216, 0.85913086, -0.7302551, -0.48858643, -0.24691772, -0.0052490234, 0.23641968, 0.47808838, 0.7197571, -0.8696289, -0.6279602, -0.3862915, -0.1446228, 0.0970459, 0.3387146, 0.5803833, 0.822052, -0.767334, -0.5256653, -0.28399658, -0.04232788, 0.19934082, 0.44100952, 0.6826782, -0.90670776, -0.66503906, -0.42337036, -0.18170166, 0.05996704, 0.30163574, 0.54330444, 0.78497314, -0.80441284, -0.56274414, -0.32107544, -0.07940674, 0.16226196, 0.40393066, 0.64559937, 0.88726807, -0.7021179, -0.46044922, -0.21878052, 0.022888184, 0.26455688, 0.5062256, 0.7478943, -0.8414917, -0.599823, -0.3581543, -0.116485596, 0.1251831, 0.3668518, 0.6085205, 0.8501892, -0.7391968, -0.49752808, -0.25585938, -0.014190674, 0.22747803, 0.46914673, 0.7108154, -0.87857056, -0.63690186, -0.39523315, -0.15356445, 0.08810425, 0.32977295, 0.57144165, 0.81311035, -0.77627563, -0.53460693, -0.29293823, -0.05126953, 0.19039917, 0.43206787, 0.6737366, 0.9154053, -0.6739807, -0.432312, -0.19064331, 0.05102539, 0.2926941, 0.5343628, 0.7760315, -0.8133545, -0.5716858, -0.3300171, -0.08834839, 0.15332031, 0.394989, 0.6366577, 0.8783264, -0.7110596, -0.46939087, -0.22772217, 0.013946533, 0.25561523, 0.49728394, 0.73895264, -0.85043335, -0.60876465, -0.36709595, -0.12542725, 0.116241455, 0.35791016, 0.59957886, 0.84124756, -0.7481384, -0.5064697, -0.26480103, -0.023132324, 0.21853638, 0.46020508, 0.7018738, -0.8875122, -0.6458435, -0.4041748, -0.1625061, 0.0791626, 0.3208313, 0.5625, 0.8041687, -0.7852173, -0.5435486, -0.30187988, -0.06021118, 0.18145752, 0.42312622, 0.6647949, 0.9064636, -0.68292236, -0.44125366, -0.19958496, 0.04208374, 0.28375244, 0.52542114, 0.76708984, -0.82229614, -0.58062744, -0.33895874, -0.09729004, 0.14437866, 0.38604736, 0.62771606, 0.86938477, -0.7200012, -0.47833252, -0.23666382, 0.005004883, 0.24667358, 0.4883423, 0.730011, -0.859375, -0.6177063, -0.3760376, -0.1343689, 0.107299805, 0.3489685, 0.5906372, 0.8323059, -0.7570801, -0.5154114, -0.27374268, -0.032073975, 0.20959473, 0.45126343, 0.6929321, -0.89645386, -0.65478516, -0.41311646, -0.17144775, 0.07022095, 0.31188965, 0.55355835, 0.79522705, -0.79415894, -0.55249023, -0.31082153, -0.06915283, 0.17251587, 0.41418457, 0.6558533, 0.897522, -0.691864, -0.4501953, -0.20852661, 0.03314209, 0.2748108, 0.5164795, 0.7581482, -0.8312378, -0.5895691, -0.3479004, -0.10623169, 0.13543701, 0.3771057, 0.6187744, 0.8604431, -0.7289429, -0.48727417, -0.24560547, -0.0039367676, 0.23773193, 0.47940063, 0.72106934, -0.86831665, -0.62664795, -0.38497925, -0.14331055, 0.098358154, 0.34002686, 0.58169556, 0.82336426, -0.7660217, -0.524353, -0.28268433, -0.041015625, 0.20065308, 0.44232178, 0.6839905, -0.9053955, -0.6637268, -0.4220581, -0.1803894, 0.061279297, 0.302948, 0.5446167, 0.7862854, -0.8031006, -0.5614319, -0.31976318, -0.07809448, 0.16357422, 0.40524292, 0.6469116, 0.8885803, -0.70080566, -0.45913696, -0.21746826, 0.02420044, 0.26586914, 0.50753784, 0.74920654, -0.84017944, -0.59851074, -0.35684204, -0.11517334, 0.12649536, 0.36816406, 0.60983276, 0.85150146, -0.7378845, -0.49621582, -0.25454712, -0.012878418, 0.22879028, 0.47045898, 0.7121277, -0.8772583, -0.6355896, -0.3939209, -0.1522522, 0.089416504, 0.3310852, 0.5727539, 0.8144226, -0.7749634, -0.5332947, -0.29162598, -0.049957275, 0.19171143, 0.43338013, 0.6750488, -0.91433716, -0.67266846, -0.43099976, -0.18933105, 0.052337646, 0.29400635, 0.53567505, 0.77734375, -0.81204224, -0.57037354, -0.32870483, -0.08703613, 0.15463257, 0.39630127, 0.63797, 0.8796387, -0.7097473, -0.4680786, -0.22640991, 0.015258789, 0.2569275, 0.4985962, 0.7402649, -0.8491211, -0.6074524, -0.3657837, -0.12411499, 0.11755371, 0.3592224, 0.6008911, 0.8425598, -0.7468262, -0.5051575, -0.26348877, -0.021820068, 0.21984863, 0.46151733, 0.70318604, -0.88619995, -0.64453125, -0.40286255, -0.16119385, 0.08047485, 0.32214355, 0.56381226, 0.80548096, -0.783905, -0.5422363, -0.30056763, -0.058898926, 0.18276978, 0.42443848, 0.6661072, 0.9077759, -0.6816101, -0.4399414, -0.1982727, 0.043395996, 0.2850647, 0.5267334, 0.7684021, -0.8209839, -0.5793152, -0.33764648, -0.09597778, 0.14569092, 0.38735962, 0.6290283, 0.870697, -0.71868896, -0.47702026, -0.23535156, 0.0063171387, 0.24798584, 0.48965454, 0.73132324, -0.85806274, -0.61639404, -0.37472534, -0.13305664, 0.10861206, 0.35028076, 0.59194946, 0.83361816, -0.7557678, -0.5140991, -0.27243042, -0.030761719, 0.21090698, 0.45257568, 0.6942444, -0.8951416, -0.6534729, -0.4118042, -0.1701355, 0.0715332, 0.3132019, 0.5548706, 0.7965393, -0.7928467, -0.551178, -0.30950928, -0.067840576, 0.17382813, 0.41549683, 0.6571655, 0.8988342, -0.69055176, -0.44888306, -0.20721436, 0.034454346, 0.27612305, 0.51779175, 0.75946045, -0.82992554, -0.58825684, -0.34658813, -0.10491943, 0.13674927, 0.37841797, 0.62008667, 0.8617554, -0.7276306, -0.4859619, -0.24429321, -0.0026245117, 0.23904419, 0.4807129, 0.7223816, -0.8670044, -0.6253357, -0.383667, -0.14199829, 0.09967041, 0.3413391, 0.5830078, 0.8246765, -0.7647095, -0.5230408, -0.28137207, -0.03970337, 0.20196533, 0.44363403, 0.68530273, -0.90408325, -0.66241455, -0.42074585, -0.17907715, 0.06259155, 0.30426025, 0.54592896, 0.78759766, -0.80178833, -0.5601196, -0.31845093, -0.07678223, 0.16488647, 0.40655518, 0.6482239, 0.8898926, -0.6994934, -0.4578247, -0.216156, 0.025512695, 0.2671814, 0.5088501, 0.7505188, -0.8388672, -0.5971985, -0.3555298, -0.113861084, 0.12780762, 0.36947632, 0.611145, 0.8528137, -0.73657227, -0.49490356, -0.25323486, -0.011566162, 0.23010254, 0.47177124, 0.71343994, -0.87594604, -0.63427734, -0.39260864, -0.15093994, 0.09072876, 0.33239746, 0.57406616, 0.81573486, -0.7736511, -0.5319824, -0.29031372, -0.04864502, 0.19302368, 0.43469238, 0.6763611, -0.9130249, -0.6713562, -0.4296875, -0.1880188, 0.053649902, 0.2953186, 0.5369873, 0.778656, -0.81073, -0.5690613, -0.32739258, -0.08572388, 0.15594482, 0.39761353, 0.6392822, 0.8809509, -0.70843506, -0.46676636, -0.22509766, 0.016571045, 0.25823975, 0.49990845, 0.74157715, -0.84780884, -0.60614014, -0.36447144, -0.122802734, 0.11886597, 0.36053467, 0.60220337, 0.8438721, -0.7455139, -0.5038452, -0.2621765, -0.020507813, 0.22116089, 0.4628296, 0.7044983, -0.8848877, -0.643219, -0.4015503, -0.15988159, 0.08178711, 0.3234558, 0.5651245, 0.8067932, -0.7825928, -0.5409241, -0.29925537, -0.05758667, 0.18408203, 0.42575073, 0.66741943, 0.90908813, -0.68029785, -0.43862915, -0.19696045, 0.044708252, 0.28637695, 0.52804565, 0.76971436, -0.81967163, -0.5780029, -0.33633423, -0.09466553, 0.14700317, 0.38867188, 0.6303406, 0.8720093, -0.7173767, -0.475708, -0.2340393, 0.0076293945, 0.2492981, 0.4909668, 0.7326355, -0.8567505, -0.6150818, -0.3734131, -0.13174438, 0.10992432, 0.35159302, 0.5932617, 0.8349304, -0.75445557, -0.51278687, -0.27111816, -0.029449463, 0.21221924, 0.45388794, 0.69555664, -0.89382935, -0.65216064, -0.41049194, -0.16882324, 0.07284546, 0.31451416, 0.55618286, 0.79785156, -0.7915344, -0.5498657, -0.30819702, -0.06652832, 0.17514038, 0.41680908, 0.6584778, 0.9001465, -0.6892395, -0.4475708, -0.2059021, 0.0357666, 0.2774353, 0.519104, 0.7607727, -0.8286133, -0.5869446, -0.34527588, -0.10360718, 0.13806152, 0.37973022, 0.6213989, 0.8630676, -0.72631836, -0.48464966, -0.24298096, -0.0013122559, 0.24035645, 0.48202515, 0.72369385, -0.86569214, -0.62402344, -0.38235474, -0.14068604, 0.100982666, 0.34265137, 0.58432007, 0.82598877, -0.7633972, -0.5217285, -0.2800598, -0.038391113, 0.20327759, 0.4449463, 0.686615, -0.902771, -0.6611023, -0.4194336, -0.1777649, 0.06390381, 0.3055725, 0.5472412, 0.7889099, -0.8004761, -0.5588074, -0.31713867, -0.07546997, 0.16619873, 0.40786743, 0.64953613, 0.89120483, -0.69818115, -0.45651245, -0.21484375, 0.026824951, 0.26849365, 0.51016235, 0.75183105, -0.83755493, -0.59588623, -0.35421753, -0.11254883, 0.12911987, 0.37078857, 0.6124573, 0.854126, -0.73526, -0.4935913, -0.2519226, -0.010253906, 0.2314148, 0.4730835, 0.7147522, -0.8746338, -0.6329651, -0.3912964, -0.14962769, 0.092041016, 0.33370972, 0.5753784, 0.8170471, -0.77233887, -0.53067017, -0.28900146, -0.047332764, 0.19433594, 0.43600464, 0.67767334, -0.91171265, -0.67004395, -0.42837524, -0.18670654, 0.05496216, 0.29663086, 0.53829956, 0.77996826, -0.8094177, -0.567749, -0.32608032, -0.08441162, 0.15725708, 0.39892578, 0.6405945, 0.8822632, -0.7071228, -0.4654541, -0.2237854, 0.0178833, 0.259552, 0.5012207, 0.7428894, -0.8464966, -0.6048279, -0.36315918, -0.12149048, 0.12017822, 0.36184692, 0.6035156, 0.8451843, -0.74420166, -0.50253296, -0.26086426, -0.019195557, 0.22247314, 0.46414185, 0.70581055, -0.88357544, -0.64190674, -0.40023804, -0.15856934, 0.083099365, 0.32476807, 0.56643677, 0.80810547, -0.7812805, -0.5396118, -0.29794312, -0.056274414, 0.18539429, 0.427063, 0.6687317, 0.9104004, -0.6789856, -0.4373169, -0.1956482, 0.046020508, 0.2876892, 0.5293579, 0.7710266, -0.8183594, -0.5766907, -0.33502197, -0.09335327, 0.14831543, 0.38998413, 0.63165283, 0.87332153, -0.71606445, -0.47439575, -0.23272705, 0.00894165, 0.25061035, 0.49227905, 0.73394775, -0.85543823, -0.61376953, -0.37210083, -0.13043213, 0.11123657, 0.35290527, 0.594574, 0.8362427, -0.7531433, -0.5114746, -0.2698059, -0.028137207, 0.2135315, 0.4552002, 0.6968689, -0.8925171, -0.6508484, -0.4091797, -0.16751099, 0.074157715, 0.31582642, 0.5574951, 0.7991638, -0.79022217, -0.54855347, -0.30688477, -0.065216064, 0.17645264, 0.41812134, 0.65979004, 0.90145874, -0.68792725, -0.44625854, -0.20458984, 0.037078857, 0.27874756, 0.52041626, 0.76208496, -0.827301, -0.5856323, -0.34396362, -0.10229492, 0.13937378, 0.38104248, 0.6227112, 0.8643799, -0.7250061, -0.4833374, -0.2416687, 0.0, 0.2416687, 0.4833374, 0.7250061, -0.8643799, -0.6227112, -0.38104248, -0.13937378, 0.10229492, 0.34396362, 0.5856323, 0.827301, -0.76208496, -0.52041626, -0.27874756, -0.037078857, 0.20458984, 0.44625854, 0.68792725, -0.90145874, -0.65979004, -0.41812134, -0.17645264, 0.065216064, 0.30688477, 0.54855347, 0.79022217, -0.7991638, -0.5574951, -0.31582642, -0.074157715, 0.16751099, 0.4091797, 0.6508484, 0.8925171, -0.6968689, -0.4552002, -0.2135315, 0.028137207, 0.2698059, 0.5114746, 0.7531433, -0.8362427, -0.594574, -0.35290527, -0.11123657, 0.13043213, 0.37210083, 0.61376953, 0.85543823, -0.73394775, -0.49227905, -0.25061035, -0.00894165, 0.23272705, 0.47439575, 0.71606445, -0.87332153, -0.63165283, -0.38998413, -0.14831543, 0.09335327, 0.33502197, 0.5766907, 0.8183594, -0.7710266, -0.5293579, -0.2876892, -0.046020508, 0.1956482, 0.4373169, 0.6789856, -0.9104004, -0.6687317, -0.427063, -0.18539429, 0.056274414, 0.29794312, 0.5396118, 0.7812805, -0.80810547, -0.56643677, -0.32476807, -0.083099365, 0.15856934, 0.40023804, 0.64190674, 0.88357544, -0.70581055, -0.46414185, -0.22247314, 0.019195557, 0.26086426, 0.50253296, 0.74420166, -0.8451843, -0.6035156, -0.36184692, -0.12017822, 0.12149048, 0.36315918, 0.6048279, 0.8464966, -0.7428894, -0.5012207, -0.259552, -0.0178833, 0.2237854, 0.4654541, 0.7071228, -0.8822632, -0.6405945, -0.39892578, -0.15725708, 0.08441162, 0.32608032, 0.567749, 0.8094177, -0.77996826, -0.53829956, -0.29663086, -0.05496216, 0.18670654, 0.42837524, 0.67004395, 0.91171265, -0.67767334, -0.43600464, -0.19433594, 0.047332764, 0.28900146, 0.53067017, 0.77233887, -0.8170471, -0.5753784, -0.33370972, -0.092041016, 0.14962769, 0.3912964, 0.6329651, 0.8746338, -0.7147522, -0.4730835, -0.2314148, 0.010253906, 0.2519226, 0.4935913, 0.73526, -0.854126, -0.6124573, -0.37078857, -0.12911987, 0.11254883, 0.35421753, 0.59588623, 0.83755493, -0.75183105, -0.51016235, -0.26849365, -0.026824951, 0.21484375, 0.45651245, 0.69818115, -0.89120483, -0.64953613, -0.40786743, -0.16619873, 0.07546997, 0.31713867, 0.5588074, 0.8004761, -0.7889099, -0.5472412, -0.3055725, -0.06390381, 0.1777649, 0.4194336, 0.6611023, 0.902771, -0.686615, -0.4449463, -0.20327759, 0.038391113, 0.2800598, 0.5217285, 0.7633972, -0.82598877, -0.58432007, -0.34265137, -0.100982666, 0.14068604, 0.38235474, 0.62402344, 0.86569214, -0.72369385, -0.48202515, -0.24035645, 0.0013122559, 0.24298096, 0.48464966, 0.72631836, -0.8630676, -0.6213989, -0.37973022, -0.13806152, 0.10360718, 0.34527588, 0.5869446, 0.8286133, -0.7607727, -0.519104, -0.2774353, -0.0357666, 0.2059021, 0.4475708, 0.6892395, -0.9001465, -0.6584778, -0.41680908, -0.17514038, 0.06652832, 0.30819702, 0.5498657, 0.7915344, -0.79785156, -0.55618286, -0.31451416, -0.07284546, 0.16882324, 0.41049194, 0.65216064, 0.89382935, -0.69555664, -0.45388794, -0.21221924, 0.029449463, 0.27111816, 0.51278687, 0.75445557, -0.8349304, -0.5932617, -0.35159302, -0.10992432, 0.13174438, 0.3734131, 0.6150818, 0.8567505, -0.7326355, -0.4909668, -0.2492981, -0.0076293945, 0.2340393, 0.475708, 0.7173767, -0.8720093, -0.6303406, -0.38867188, -0.14700317, 0.09466553, 0.33633423, 0.5780029, 0.81967163, -0.76971436, -0.52804565, -0.28637695, -0.044708252, 0.19696045, 0.43862915, 0.68029785, -0.90908813, -0.66741943, -0.42575073, -0.18408203, 0.05758667, 0.29925537, 0.5409241, 0.7825928, -0.8067932, -0.5651245, -0.3234558, -0.08178711, 0.15988159, 0.4015503, 0.643219, 0.8848877, -0.7044983, -0.4628296, -0.22116089, 0.020507813, 0.2621765, 0.5038452, 0.7455139, -0.8438721, -0.60220337, -0.36053467, -0.11886597, 0.122802734, 0.36447144, 0.60614014, 0.84780884, -0.74157715, -0.49990845, -0.25823975, -0.016571045, 0.22509766, 0.46676636, 0.70843506, -0.8809509, -0.6392822, -0.39761353, -0.15594482, 0.08572388, 0.32739258, 0.5690613, 0.81073, -0.778656, -0.5369873, -0.2953186, -0.053649902, 0.1880188, 0.4296875, 0.6713562, 0.9130249, -0.6763611, -0.43469238, -0.19302368, 0.04864502, 0.29031372, 0.5319824, 0.7736511, -0.81573486, -0.57406616, -0.33239746, -0.09072876, 0.15093994, 0.39260864, 0.63427734, 0.87594604, -0.71343994, -0.47177124, -0.23010254, 0.011566162, 0.25323486, 0.49490356, 0.73657227, -0.8528137, -0.611145, -0.36947632, -0.12780762, 0.113861084, 0.3555298, 0.5971985, 0.8388672, -0.7505188, -0.5088501, -0.2671814, -0.025512695, 0.216156, 0.4578247, 0.6994934, -0.8898926, -0.6482239, -0.40655518, -0.16488647, 0.07678223, 0.31845093, 0.5601196, 0.80178833, -0.78759766, -0.54592896, -0.30426025, -0.06259155, 0.17907715, 0.42074585, 0.66241455, 0.90408325, -0.68530273, -0.44363403, -0.20196533, 0.03970337, 0.28137207, 0.5230408, 0.7647095, -0.8246765, -0.5830078, -0.3413391, -0.09967041, 0.14199829, 0.383667, 0.6253357, 0.8670044, -0.7223816, -0.4807129, -0.23904419, 0.0026245117, 0.24429321, 0.4859619, 0.7276306, -0.8617554, -0.62008667, -0.37841797, -0.13674927, 0.10491943, 0.34658813, 0.58825684, 0.82992554, -0.75946045, -0.51779175, -0.27612305, -0.034454346, 0.20721436, 0.44888306, 0.69055176, -0.8988342, -0.6571655, -0.41549683, -0.17382813, 0.067840576, 0.30950928, 0.551178, 0.7928467, -0.7965393, -0.5548706, -0.3132019, -0.0715332, 0.1701355, 0.4118042, 0.6534729, 0.8951416, -0.6942444, -0.45257568, -0.21090698, 0.030761719, 0.27243042, 0.5140991, 0.7557678, -0.83361816, -0.59194946, -0.35028076, -0.10861206, 0.13305664, 0.37472534, 0.61639404, 0.85806274, -0.73132324, -0.48965454, -0.24798584, -0.0063171387, 0.23535156, 0.47702026, 0.71868896, -0.870697, -0.6290283, -0.38735962, -0.14569092, 0.09597778, 0.33764648, 0.5793152, 0.8209839, -0.7684021, -0.5267334, -0.2850647, -0.043395996, 0.1982727, 0.4399414, 0.6816101, -0.9077759, -0.6661072, -0.42443848, -0.18276978, 0.058898926, 0.30056763, 0.5422363, 0.783905, -0.80548096, -0.56381226, -0.32214355, -0.08047485, 0.16119385, 0.40286255, 0.64453125, 0.88619995, -0.70318604, -0.46151733, -0.21984863, 0.021820068, 0.26348877, 0.5051575, 0.7468262, -0.8425598, -0.6008911, -0.3592224, -0.11755371, 0.12411499, 0.3657837, 0.6074524, 0.8491211, -0.7402649, -0.4985962, -0.2569275, -0.015258789, 0.22640991, 0.4680786, 0.7097473, -0.8796387, -0.63797, -0.39630127, -0.15463257, 0.08703613, 0.32870483, 0.57037354, 0.81204224, -0.77734375, -0.53567505, -0.29400635, -0.052337646, 0.18933105, 0.43099976, 0.67266846, 0.91433716, -0.6750488, -0.43338013, -0.19171143, 0.049957275, 0.29162598, 0.5332947, 0.7749634, -0.8144226, -0.5727539, -0.3310852, -0.089416504, 0.1522522, 0.3939209, 0.6355896, 0.8772583, -0.7121277, -0.47045898, -0.22879028, 0.012878418, 0.25454712, 0.49621582, 0.7378845, -0.85150146, -0.60983276, -0.36816406, -0.12649536, 0.11517334, 0.35684204, 0.59851074, 0.84017944, -0.74920654, -0.50753784, -0.26586914, -0.02420044, 0.21746826, 0.45913696, 0.70080566, -0.8885803, -0.6469116, -0.40524292, -0.16357422, 0.07809448, 0.31976318, 0.5614319, 0.8031006, -0.7862854, -0.5446167, -0.302948, -0.061279297, 0.1803894, 0.4220581, 0.6637268, 0.9053955, -0.6839905, -0.44232178, -0.20065308, 0.041015625, 0.28268433, 0.524353, 0.7660217, -0.82336426, -0.58169556, -0.34002686, -0.098358154, 0.14331055, 0.38497925, 0.62664795, 0.86831665, -0.72106934, -0.47940063, -0.23773193, 0.0039367676, 0.24560547, 0.48727417, 0.7289429, -0.8604431, -0.6187744, -0.3771057, -0.13543701, 0.10623169, 0.3479004, 0.5895691, 0.8312378, -0.7581482, -0.5164795, -0.2748108, -0.03314209, 0.20852661, 0.4501953, 0.691864, -0.897522, -0.6558533, -0.41418457, -0.17251587, 0.06915283, 0.31082153, 0.55249023, 0.79415894, -0.79522705, -0.55355835, -0.31188965, -0.07022095, 0.17144775, 0.41311646, 0.65478516, 0.89645386, -0.6929321, -0.45126343, -0.20959473, 0.032073975, 0.27374268, 0.5154114, 0.7570801, -0.8323059, -0.5906372, -0.3489685, -0.107299805, 0.1343689, 0.3760376, 0.6177063, 0.859375, -0.730011, -0.4883423, -0.24667358, -0.005004883, 0.23666382, 0.47833252, 0.7200012, -0.86938477, -0.62771606, -0.38604736, -0.14437866, 0.09729004, 0.33895874, 0.58062744, 0.82229614, -0.76708984, -0.52542114, -0.28375244, -0.04208374, 0.19958496, 0.44125366, 0.68292236, -0.9064636, -0.6647949, -0.42312622, -0.18145752, 0.06021118, 0.30187988, 0.5435486, 0.7852173, -0.8041687, -0.5625, -0.3208313, -0.0791626, 0.1625061, 0.4041748, 0.6458435, 0.8875122, -0.7018738, -0.46020508, -0.21853638, 0.023132324, 0.26480103, 0.5064697, 0.7481384, -0.84124756, -0.59957886, -0.35791016, -0.116241455, 0.12542725, 0.36709595, 0.60876465, 0.85043335, -0.73895264, -0.49728394, -0.25561523, -0.013946533, 0.22772217, 0.46939087, 0.7110596, -0.8783264, -0.6366577, -0.394989, -0.15332031, 0.08834839, 0.3300171, 0.5716858, 0.8133545, -0.7760315, -0.5343628, -0.2926941, -0.05102539, 0.19064331, 0.432312, 0.6739807, -0.9154053, -0.6737366, -0.43206787, -0.19039917, 0.05126953, 0.29293823, 0.53460693, 0.77627563, -0.81311035, -0.57144165, -0.32977295, -0.08810425, 0.15356445, 0.39523315, 0.63690186, 0.87857056, -0.7108154, -0.46914673, -0.22747803, 0.014190674, 0.25585938, 0.49752808, 0.7391968, -0.8501892, -0.6085205, -0.3668518, -0.1251831, 0.116485596, 0.3581543, 0.599823, 0.8414917, -0.7478943, -0.5062256, -0.26455688, -0.022888184, 0.21878052, 0.46044922, 0.7021179, -0.88726807, -0.64559937, -0.40393066, -0.16226196, 0.07940674, 0.32107544, 0.56274414, 0.80441284, -0.78497314, -0.54330444, -0.30163574, -0.05996704, 0.18170166, 0.42337036, 0.66503906, 0.90670776, -0.6826782, -0.44100952, -0.19934082, 0.04232788, 0.28399658, 0.5256653, 0.767334, -0.822052, -0.5803833, -0.3387146, -0.0970459, 0.1446228, 0.3862915, 0.6279602, 0.8696289, -0.7197571, -0.47808838, -0.23641968, 0.0052490234, 0.24691772, 0.48858643, 0.7302551, -0.85913086, -0.61746216, -0.37579346, -0.13412476, 0.107543945, 0.34921265, 0.59088135, 0.83255005, -0.75683594, -0.51516724, -0.27349854, -0.031829834, 0.20983887, 0.45150757, 0.69317627, -0.8962097, -0.654541, -0.4128723, -0.17120361, 0.07046509, 0.3121338, 0.5538025, 0.7954712, -0.7939148, -0.5522461, -0.3105774, -0.06890869, 0.17276001, 0.4144287, 0.6560974, 0.8977661, -0.6916199, -0.44995117, -0.20828247, 0.03338623, 0.27505493, 0.51672363, 0.75839233, -0.83099365, -0.58932495, -0.34765625, -0.10598755, 0.13568115, 0.37734985, 0.61901855, 0.86068726, -0.72869873, -0.48703003, -0.24536133, -0.003692627, 0.23797607, 0.47964478, 0.7213135, -0.8680725, -0.6264038, -0.3847351, -0.1430664, 0.098602295, 0.340271, 0.5819397, 0.8236084, -0.7657776, -0.5241089, -0.2824402, -0.040771484, 0.20089722, 0.44256592, 0.6842346, -0.90515137, -0.66348267, -0.42181396, -0.18014526, 0.061523438, 0.30319214, 0.54486084, 0.78652954, -0.80285645, -0.56118774, -0.31951904, -0.07785034, 0.16381836, 0.40548706, 0.64715576, 0.88882446, -0.7005615, -0.45889282, -0.21722412, 0.02444458, 0.26611328, 0.507782, 0.7494507, -0.8399353, -0.5982666, -0.3565979, -0.1149292, 0.1267395, 0.3684082, 0.6100769, 0.8517456, -0.7376404, -0.49597168, -0.25430298, -0.012634277, 0.22903442, 0.47070313, 0.7123718, -0.87701416, -0.63534546, -0.39367676, -0.15200806, 0.089660645, 0.33132935, 0.57299805, 0.81466675, -0.77471924, -0.53305054, -0.29138184, -0.049713135, 0.19195557, 0.43362427, 0.67529297, -0.914093, -0.6724243, -0.43075562, -0.18908691, 0.052581787, 0.2942505, 0.5359192, 0.7775879, -0.8117981, -0.5701294, -0.3284607, -0.08679199, 0.15487671, 0.3965454, 0.6382141, 0.8798828, -0.7095032, -0.46783447, -0.22616577, 0.01550293, 0.25717163, 0.49884033, 0.74050903, -0.84887695, -0.60720825, -0.36553955, -0.12387085, 0.11779785, 0.35946655, 0.60113525, 0.84280396, -0.74658203, -0.50491333, -0.26324463, -0.021575928, 0.22009277, 0.46176147, 0.7034302, -0.8859558, -0.6442871, -0.4026184, -0.1609497, 0.080718994, 0.3223877, 0.5640564, 0.8057251, -0.7836609, -0.5419922, -0.3003235, -0.058654785, 0.18301392, 0.42468262, 0.6663513, 0.90802, -0.68136597, -0.43969727, -0.19802856, 0.043640137, 0.28530884, 0.52697754, 0.76864624, -0.82073975, -0.57907104, -0.33740234, -0.09573364, 0.14593506, 0.38760376, 0.62927246, 0.87094116, -0.7184448, -0.47677612, -0.23510742, 0.0065612793, 0.24822998, 0.48989868, 0.7315674, -0.8578186, -0.6161499, -0.3744812, -0.1328125, 0.1088562, 0.3505249, 0.5921936, 0.8338623, -0.7555237, -0.513855, -0.27218628, -0.030517578, 0.21115112, 0.45281982, 0.6944885, -0.89489746, -0.65322876, -0.41156006, -0.16989136, 0.071777344, 0.31344604, 0.55511475, 0.79678345, -0.79260254, -0.55093384, -0.30926514, -0.067596436, 0.17407227, 0.41574097, 0.65740967, 0.89907837, -0.6903076, -0.44863892, -0.20697021, 0.034698486, 0.2763672, 0.5180359, 0.7597046, -0.8296814, -0.5880127, -0.346344, -0.10467529, 0.13699341, 0.3786621, 0.6203308, 0.8619995, -0.7273865, -0.48571777, -0.24404907, -0.002380371, 0.23928833, 0.48095703, 0.72262573, -0.86676025, -0.62509155, -0.38342285, -0.14175415, 0.09991455, 0.34158325, 0.58325195, 0.82492065, -0.76446533, -0.52279663, -0.28112793, -0.03945923, 0.20220947, 0.44387817, 0.6855469, -0.9038391, -0.6621704, -0.4205017, -0.17883301, 0.06283569, 0.3045044, 0.5461731, 0.7878418, -0.8015442, -0.5598755, -0.3182068, -0.076538086, 0.16513062, 0.40679932, 0.648468, 0.8901367, -0.69924927, -0.45758057, -0.21591187, 0.025756836, 0.26742554, 0.50909424, 0.75076294, -0.83862305, -0.59695435, -0.35528564, -0.11361694, 0.12805176, 0.36972046, 0.61138916, 0.85305786, -0.7363281, -0.49465942, -0.25299072, -0.0113220215, 0.23034668, 0.47201538, 0.7136841, -0.8757019, -0.6340332, -0.3923645, -0.1506958, 0.0909729, 0.3326416, 0.5743103, 0.815979, -0.773407, -0.5317383, -0.29006958, -0.04840088, 0.19326782, 0.43493652, 0.6766052, -0.91278076, -0.67111206, -0.42944336, -0.18777466, 0.053894043, 0.29556274, 0.53723145, 0.77890015, -0.81048584, -0.56881714, -0.32714844, -0.08547974, 0.15618896, 0.39785767, 0.63952637, 0.88119507, -0.7081909, -0.46652222, -0.22485352, 0.016815186, 0.2584839, 0.5001526, 0.7418213, -0.8475647, -0.605896, -0.3642273, -0.122558594, 0.11911011, 0.3607788, 0.6024475, 0.8441162, -0.7452698, -0.5036011, -0.26193237, -0.020263672, 0.22140503, 0.46307373, 0.70474243, -0.88464355, -0.64297485, -0.40130615, -0.15963745, 0.08203125, 0.32369995, 0.56536865, 0.80703735, -0.78234863, -0.54067993, -0.29901123, -0.05734253, 0.18432617, 0.42599487, 0.6676636, 0.9093323, -0.6800537, -0.438385, -0.19671631, 0.044952393, 0.2866211, 0.5282898, 0.7699585, -0.8194275, -0.5777588, -0.3360901, -0.09442139, 0.14724731, 0.38891602, 0.6305847, 0.8722534, -0.71713257, -0.47546387, -0.23379517, 0.007873535, 0.24954224, 0.49121094, 0.73287964, -0.85650635, -0.61483765, -0.37316895, -0.13150024, 0.11016846, 0.35183716, 0.59350586, 0.83517456, -0.7542114, -0.5125427, -0.27087402, -0.029205322, 0.21246338, 0.45413208, 0.6958008, -0.8935852, -0.6519165, -0.4102478, -0.1685791, 0.0730896, 0.3147583, 0.556427, 0.7980957, -0.7912903, -0.5496216, -0.30795288, -0.06628418, 0.17538452, 0.41705322, 0.6587219, 0.9003906, -0.68899536, -0.44732666, -0.20565796, 0.036010742, 0.27767944, 0.51934814, 0.76101685, -0.82836914, -0.58670044, -0.34503174, -0.10336304, 0.13830566, 0.37997437, 0.62164307, 0.86331177, -0.7260742, -0.48440552, -0.24273682, -0.0010681152, 0.24060059, 0.4822693, 0.723938, -0.865448, -0.6237793, -0.3821106, -0.1404419, 0.10122681, 0.3428955, 0.5845642, 0.8262329, -0.7631531, -0.5214844, -0.27981567, -0.038146973, 0.20352173, 0.44519043, 0.68685913, -0.90252686, -0.66085815, -0.41918945, -0.17752075, 0.06414795, 0.30581665, 0.54748535, 0.78915405, -0.80023193, -0.55856323, -0.31689453, -0.07522583, 0.16644287, 0.40811157, 0.6497803, 0.891449, -0.697937, -0.4562683, -0.21459961, 0.027069092, 0.2687378, 0.5104065, 0.7520752, -0.8373108, -0.5956421, -0.3539734, -0.11230469, 0.12936401, 0.3710327, 0.6127014, 0.8543701, -0.73501587, -0.49334717, -0.25167847, -0.010009766, 0.23165894, 0.47332764, 0.71499634, -0.87438965, -0.63272095, -0.39105225, -0.14938354, 0.092285156, 0.33395386, 0.57562256, 0.81729126, -0.7720947, -0.530426, -0.28875732, -0.047088623, 0.19458008, 0.43624878, 0.6779175, -0.9114685, -0.6697998, -0.4281311, -0.1864624, 0.0552063, 0.296875, 0.5385437, 0.7802124, -0.8091736, -0.5675049, -0.32583618, -0.08416748, 0.15750122, 0.39916992, 0.6408386, 0.8825073, -0.70687866, -0.46520996, -0.22354126, 0.018127441, 0.25979614, 0.50146484, 0.74313354, -0.84625244, -0.60458374, -0.36291504, -0.12124634, 0.12042236, 0.36209106, 0.60375977, 0.84542847, -0.7439575, -0.5022888, -0.26062012, -0.018951416, 0.22271729, 0.464386, 0.7060547, -0.8833313, -0.6416626, -0.3999939, -0.1583252, 0.083343506, 0.3250122, 0.5666809, 0.8083496, -0.7810364, -0.5393677, -0.29769897, -0.056030273, 0.18563843, 0.42730713, 0.66897583, 0.91064453, -0.67874146, -0.43707275, -0.19540405, 0.04626465, 0.28793335, 0.52960205, 0.77127075, -0.81811523, -0.57644653, -0.33477783, -0.09310913, 0.14855957, 0.39022827, 0.631897, 0.8735657, -0.7158203, -0.4741516, -0.23248291, 0.009185791, 0.2508545, 0.4925232, 0.7341919, -0.8551941, -0.6135254, -0.3718567, -0.13018799, 0.11148071, 0.3531494, 0.5948181, 0.8364868, -0.75289917, -0.51123047, -0.26956177, -0.027893066, 0.21377563, 0.45544434, 0.69711304, -0.89227295, -0.65060425, -0.40893555, -0.16726685, 0.074401855, 0.31607056, 0.55773926, 0.79940796, -0.789978, -0.5483093, -0.30664063, -0.064971924, 0.17669678, 0.41836548, 0.6600342, 0.9017029, -0.6876831, -0.4460144, -0.2043457, 0.037322998, 0.2789917, 0.5206604, 0.7623291, -0.8270569, -0.5853882, -0.34371948, -0.10205078, 0.13961792, 0.38128662, 0.6229553, 0.864624, -0.72476196, -0.48309326, -0.24142456, 0.00024414063, 0.24191284, 0.48358154, 0.72525024, -0.86413574, -0.62246704, -0.38079834, -0.13912964, 0.10253906, 0.34420776, 0.58587646, 0.82754517, -0.7618408, -0.5201721, -0.27850342, -0.036834717, 0.20483398, 0.4465027, 0.6881714, -0.9012146, -0.6595459, -0.4178772, -0.1762085, 0.065460205, 0.3071289, 0.5487976, 0.7904663, -0.7989197, -0.557251, -0.31558228, -0.073913574, 0.16775513, 0.40942383, 0.6510925, 0.89276123, -0.69662476, -0.45495605, -0.21328735, 0.028381348, 0.27005005, 0.51171875, 0.75338745, -0.83599854, -0.59432983, -0.35266113, -0.11099243, 0.13067627, 0.37234497, 0.6140137, 0.8556824, -0.7337036, -0.4920349, -0.2503662, -0.00869751, 0.23297119, 0.4746399, 0.7163086, -0.8730774, -0.6314087, -0.38974, -0.14807129, 0.09359741, 0.3352661, 0.5769348, 0.8186035, -0.7707825, -0.52911377, -0.28744507, -0.045776367, 0.19589233, 0.43756104, 0.67922974, -0.91015625, -0.66848755, -0.42681885, -0.18515015, 0.056518555, 0.29818726, 0.53985596, 0.78152466, -0.8078613, -0.5661926, -0.32452393, -0.082855225, 0.15881348, 0.40048218, 0.6421509, 0.8838196, -0.7055664, -0.4638977, -0.222229, 0.019439697, 0.2611084, 0.5027771, 0.7444458, -0.8449402, -0.6032715, -0.36160278, -0.11993408, 0.12173462, 0.36340332, 0.605072, 0.8467407, -0.74264526, -0.50097656, -0.25930786, -0.01763916, 0.22402954, 0.46569824, 0.70736694, -0.88201904, -0.64035034, -0.39868164, -0.15701294, 0.08465576, 0.32632446, 0.56799316, 0.80966187, -0.7797241, -0.5380554, -0.29638672, -0.054718018, 0.18695068, 0.42861938, 0.6702881, 0.9119568, -0.6774292, -0.4357605, -0.1940918, 0.047576904, 0.2892456, 0.5309143, 0.772583, -0.816803, -0.5751343, -0.33346558, -0.091796875, 0.14987183, 0.39154053, 0.6332092, 0.8748779, -0.71450806, -0.47283936, -0.23117065, 0.010498047, 0.25216675, 0.49383545, 0.73550415, -0.85388184, -0.61221313, -0.37054443, -0.12887573, 0.11279297, 0.35446167, 0.5961304, 0.8377991, -0.7515869, -0.5099182, -0.2682495, -0.02658081, 0.21508789, 0.4567566, 0.6984253, -0.8909607, -0.649292, -0.4076233, -0.16595459, 0.07571411, 0.3173828, 0.5590515, 0.8007202, -0.7886658, -0.5469971, -0.30532837, -0.06365967, 0.17800903, 0.41967773, 0.66134644, 0.90301514, -0.68637085, -0.44470215, -0.20303345, 0.038635254, 0.28030396, 0.52197266, 0.76364136, -0.8257446, -0.5840759, -0.34240723, -0.100738525, 0.14093018, 0.38259888, 0.6242676, 0.8659363, -0.7234497, -0.481781, -0.2401123, 0.0015563965, 0.2432251, 0.4848938, 0.7265625, -0.8628235, -0.6211548, -0.37948608, -0.13781738, 0.10385132, 0.34552002, 0.5871887, 0.8288574, -0.76052856, -0.51885986, -0.27719116, -0.03552246, 0.20614624, 0.44781494, 0.68948364, -0.89990234, -0.65823364, -0.41656494, -0.17489624, 0.06677246, 0.30844116, 0.55010986, 0.79177856, -0.7976074, -0.5559387, -0.31427002, -0.07260132, 0.16906738, 0.41073608, 0.6524048, 0.8940735, -0.6953125, -0.4536438, -0.2119751, 0.029693604, 0.2713623, 0.513031, 0.7546997, -0.8346863, -0.5930176, -0.35134888, -0.109680176, 0.13198853, 0.37365723, 0.6153259, 0.8569946, -0.73239136, -0.49072266, -0.24905396, -0.007385254, 0.23428345, 0.47595215, 0.71762085, -0.87176514, -0.63009644, -0.38842773, -0.14675903, 0.09490967, 0.33657837, 0.5782471, 0.8199158, -0.7694702, -0.5278015, -0.2861328, -0.04446411, 0.19720459, 0.4388733, 0.680542, -0.908844, -0.6671753, -0.4255066, -0.18383789, 0.05783081, 0.2994995, 0.5411682, 0.7828369, -0.8065491, -0.5648804, -0.32321167, -0.08154297, 0.16012573, 0.40179443, 0.64346313, 0.88513184, -0.70425415, -0.46258545, -0.22091675, 0.020751953, 0.26242065, 0.50408936, 0.74575806, -0.8436279, -0.6019592, -0.36029053, -0.118621826, 0.123046875, 0.36471558, 0.6063843, 0.848053, -0.741333, -0.4996643, -0.2579956, -0.016326904, 0.2253418, 0.4670105, 0.7086792, -0.8807068, -0.6390381, -0.39736938, -0.15570068, 0.08596802, 0.32763672, 0.5693054, 0.8109741, -0.77841187, -0.53674316, -0.29507446, -0.05340576, 0.18826294, 0.42993164, 0.67160034, 0.91326904, -0.67611694, -0.43444824, -0.19277954, 0.04888916, 0.29055786, 0.53222656, 0.77389526, -0.8154907, -0.573822, -0.33215332, -0.09048462, 0.15118408, 0.39285278, 0.6345215, 0.8761902, -0.7131958, -0.4715271, -0.2298584, 0.011810303, 0.253479, 0.4951477, 0.7368164, -0.8525696, -0.6109009, -0.36923218, -0.12756348, 0.114105225, 0.35577393, 0.5974426, 0.8391113, -0.75027466, -0.50860596, -0.26693726, -0.025268555, 0.21640015, 0.45806885, 0.69973755, -0.88964844, -0.64797974, -0.40631104, -0.16464233, 0.07702637, 0.31869507, 0.56036377, 0.8020325, -0.7873535, -0.5456848, -0.3040161, -0.062347412, 0.17932129, 0.42099, 0.6626587, 0.9043274, -0.6850586, -0.4433899, -0.20172119, 0.03994751, 0.2816162, 0.5232849, 0.7649536, -0.8244324, -0.5827637, -0.34109497, -0.09942627, 0.14224243, 0.38391113, 0.62557983, 0.86724854, -0.72213745, -0.48046875, -0.23880005, 0.0028686523, 0.24453735, 0.48620605, 0.72787476, -0.86151123, -0.6198425, -0.37817383, -0.13650513, 0.105163574, 0.34683228, 0.588501, 0.8301697, -0.7592163, -0.5175476, -0.2758789, -0.034210205, 0.2074585, 0.4491272, 0.6907959, -0.8985901, -0.6569214, -0.4152527, -0.17358398, 0.06808472, 0.30975342, 0.5514221, 0.7930908, -0.79629517, -0.55462646, -0.31295776, -0.07128906, 0.17037964, 0.41204834, 0.65371704, 0.89538574, -0.69400024, -0.45233154, -0.21066284, 0.03100586, 0.27267456, 0.51434326, 0.75601196, -0.833374, -0.5917053, -0.35003662, -0.10836792, 0.13330078, 0.37496948, 0.6166382, 0.8583069, -0.7310791, -0.4894104, -0.2477417, -0.006072998, 0.2355957, 0.4772644, 0.7189331, -0.8704529, -0.6287842, -0.38711548, -0.14544678, 0.096221924, 0.33789063, 0.5795593, 0.821228, -0.76815796, -0.52648926, -0.28482056, -0.043151855, 0.19851685, 0.44018555, 0.68185425, -0.90753174, -0.66586304, -0.42419434, -0.18252563, 0.059143066, 0.30081177, 0.54248047, 0.78414917, -0.8052368, -0.5635681, -0.3218994, -0.08023071, 0.16143799, 0.4031067, 0.6447754, 0.8864441, -0.7029419, -0.4612732, -0.21960449, 0.022064209, 0.2637329, 0.5054016, 0.7470703, -0.8423157, -0.600647, -0.35897827, -0.11730957, 0.12435913, 0.36602783, 0.60769653, 0.84936523, -0.74002075, -0.49835205, -0.25668335, -0.015014648, 0.22665405, 0.46832275, 0.70999146, -0.87939453, -0.63772583, -0.39605713, -0.15438843, 0.08728027, 0.32894897, 0.5706177, 0.8122864, -0.7770996, -0.5354309, -0.2937622, -0.052093506, 0.1895752, 0.4312439, 0.6729126, 0.9145813, -0.6748047, -0.433136, -0.19146729, 0.050201416, 0.29187012, 0.5335388, 0.7752075, -0.81417847, -0.57250977, -0.33084106, -0.08917236, 0.15249634, 0.39416504, 0.63583374, 0.87750244, -0.71188354, -0.47021484, -0.22854614, 0.013122559, 0.25479126, 0.49645996, 0.73812866, -0.8512573, -0.6095886, -0.36791992, -0.12625122, 0.11541748, 0.35708618, 0.5987549, 0.8404236, -0.7489624, -0.5072937, -0.265625, -0.023956299, 0.2177124, 0.4593811, 0.7010498, -0.8883362, -0.6466675, -0.40499878, -0.16333008, 0.07833862, 0.32000732, 0.561676, 0.8033447, -0.78604126, -0.54437256, -0.30270386, -0.061035156, 0.18063354, 0.42230225, 0.66397095, 0.90563965, -0.68374634, -0.44207764, -0.20040894, 0.041259766, 0.28292847, 0.52459717, 0.76626587, -0.8231201, -0.5814514, -0.3397827, -0.09811401, 0.14355469, 0.3852234, 0.6268921, 0.8685608, -0.7208252, -0.4791565, -0.2374878, 0.004180908, 0.24584961, 0.4875183, 0.729187, -0.860199, -0.6185303, -0.37686157, -0.13519287, 0.10647583, 0.34814453, 0.58981323, 0.83148193, -0.75790405, -0.51623535, -0.27456665, -0.03289795, 0.20877075, 0.45043945, 0.69210815, -0.89727783, -0.65560913, -0.41394043, -0.17227173, 0.06939697, 0.31106567, 0.5527344, 0.7944031, -0.7949829, -0.5533142, -0.3116455, -0.06997681, 0.1716919, 0.4133606, 0.6550293, 0.896698, -0.692688, -0.4510193, -0.20935059, 0.032318115, 0.27398682, 0.5156555, 0.7573242, -0.83206177, -0.59039307, -0.34872437, -0.107055664, 0.13461304, 0.37628174, 0.61795044, 0.85961914, -0.72976685, -0.48809814, -0.24642944, -0.004760742, 0.23690796, 0.47857666, 0.72024536, -0.8691406, -0.6274719, -0.38580322, -0.14413452, 0.09753418, 0.33920288, 0.5808716, 0.8225403, -0.7668457, -0.525177, -0.2835083, -0.0418396, 0.1998291, 0.4414978, 0.6831665, -0.9062195, -0.6645508, -0.42288208, -0.18121338, 0.060455322, 0.30212402, 0.5437927, 0.7854614, -0.80392456, -0.56225586, -0.32058716, -0.07891846, 0.16275024, 0.40441895, 0.64608765, 0.88775635, -0.70162964, -0.45996094, -0.21829224, 0.023376465, 0.26504517, 0.50671387, 0.74838257, -0.8410034, -0.5993347, -0.35766602, -0.115997314, 0.12567139, 0.3673401, 0.6090088, 0.8506775, -0.7387085, -0.4970398, -0.2553711, -0.013702393, 0.22796631, 0.469635, 0.7113037, -0.8780823, -0.6364136, -0.39474487, -0.15307617, 0.08859253, 0.33026123, 0.57192993, 0.81359863, -0.77578735, -0.53411865, -0.29244995, -0.05078125, 0.19088745, 0.43255615, 0.67422485, -0.91516113, -0.67349243, -0.43182373, -0.19015503, 0.051513672, 0.29318237, 0.5348511, 0.7765198, -0.8128662, -0.5711975, -0.3295288, -0.08786011, 0.1538086, 0.3954773, 0.637146, 0.8788147, -0.7105713, -0.4689026, -0.22723389, 0.014434814, 0.25610352, 0.49777222, 0.7394409, -0.84994507, -0.60827637, -0.36660767, -0.124938965, 0.11672974, 0.35839844, 0.60006714, 0.84173584, -0.74765015, -0.50598145, -0.26431274, -0.022644043, 0.21902466, 0.46069336, 0.70236206, -0.8870239, -0.6453552, -0.40368652, -0.16201782, 0.07965088, 0.32131958, 0.5629883, 0.804657, -0.784729, -0.5430603, -0.3013916, -0.0597229, 0.1819458, 0.4236145, 0.6652832, 0.9069519, -0.6824341, -0.44076538, -0.19909668, 0.04257202, 0.28424072, 0.5259094, 0.7675781, -0.82180786, -0.58013916, -0.33847046, -0.09680176, 0.14486694, 0.38653564, 0.62820435, 0.86987305, -0.71951294, -0.47784424, -0.23617554, 0.005493164, 0.24716187, 0.48883057, 0.73049927, -0.8588867, -0.617218, -0.37554932, -0.13388062, 0.107788086, 0.3494568, 0.5911255, 0.8327942, -0.7565918, -0.5149231, -0.2732544, -0.031585693, 0.21008301, 0.4517517, 0.6934204, -0.8959656, -0.6542969, -0.41262817, -0.17095947, 0.07070923, 0.31237793, 0.55404663, 0.79571533, -0.79367065, -0.55200195, -0.31033325, -0.06866455, 0.17300415, 0.41467285, 0.65634155, 0.89801025, -0.69137573, -0.44970703, -0.20803833, 0.03363037, 0.27529907, 0.5169678, 0.7586365, -0.8307495, -0.5890808, -0.3474121, -0.10574341, 0.1359253, 0.377594, 0.6192627, 0.8609314, -0.7284546, -0.4867859, -0.24511719, -0.0034484863, 0.23822021, 0.47988892, 0.7215576, -0.86782837, -0.62615967, -0.38449097, -0.14282227, 0.098846436, 0.34051514, 0.58218384, 0.82385254, -0.76553345, -0.52386475, -0.28219604, -0.040527344, 0.20114136, 0.44281006, 0.68447876, -0.9049072, -0.6632385, -0.42156982, -0.17990112, 0.061767578, 0.30343628, 0.545105, 0.7867737, -0.8026123, -0.5609436, -0.3192749, -0.0776062, 0.1640625, 0.4057312, 0.6473999, 0.8890686, -0.7003174, -0.45864868, -0.21697998, 0.02468872, 0.26635742, 0.5080261, 0.7496948, -0.83969116, -0.59802246, -0.35635376, -0.11468506, 0.12698364, 0.36865234, 0.61032104, 0.85198975, -0.73739624, -0.49572754, -0.25405884, -0.012390137, 0.22927856, 0.47094727, 0.71261597, -0.87677, -0.6351013, -0.39343262, -0.15176392, 0.089904785, 0.3315735, 0.5732422, 0.8149109, -0.7744751, -0.5328064, -0.2911377, -0.049468994, 0.1921997, 0.4338684, 0.6755371, -0.9138489, -0.6721802, -0.43051147, -0.18884277, 0.052825928, 0.29449463, 0.53616333, 0.77783203, -0.81155396, -0.56988525, -0.32821655, -0.08654785, 0.15512085, 0.39678955, 0.63845825, 0.88012695, -0.70925903, -0.46759033, -0.22592163, 0.01574707, 0.25741577, 0.49908447, 0.7407532, -0.8486328, -0.6069641, -0.3652954, -0.12362671, 0.11804199, 0.3597107, 0.6013794, 0.8430481, -0.7463379, -0.5046692, -0.2630005, -0.021331787, 0.22033691, 0.46200562, 0.7036743, -0.88571167, -0.64404297, -0.40237427, -0.16070557, 0.080963135, 0.32263184, 0.56430054, 0.80596924, -0.78341675, -0.54174805, -0.30007935, -0.058410645, 0.18325806, 0.42492676, 0.66659546, 0.90826416, -0.6811218, -0.43945313, -0.19778442, 0.043884277, 0.28555298, 0.5272217, 0.7688904, -0.8204956, -0.5788269, -0.3371582, -0.0954895, 0.1461792, 0.3878479, 0.6295166, 0.8711853, -0.7182007, -0.47653198, -0.23486328, 0.00680542, 0.24847412, 0.49014282, 0.7318115, -0.85757446, -0.61590576, -0.37423706, -0.13256836, 0.10910034, 0.35076904, 0.59243774, 0.83410645, -0.75527954, -0.51361084, -0.27194214, -0.030273438, 0.21139526, 0.45306396, 0.69473267, -0.8946533, -0.6529846, -0.41131592, -0.16964722, 0.072021484, 0.3136902, 0.5553589, 0.7970276, -0.7923584, -0.5506897, -0.309021, -0.067352295, 0.1743164, 0.4159851, 0.6576538, 0.8993225, -0.6900635, -0.44839478, -0.20672607, 0.034942627, 0.27661133, 0.51828, 0.75994873, -0.82943726, -0.58776855, -0.34609985, -0.10443115, 0.13723755, 0.37890625, 0.62057495, 0.86224365, -0.72714233, -0.48547363, -0.24380493, -0.0021362305, 0.23953247, 0.48120117, 0.7228699, -0.8665161, -0.6248474, -0.3831787, -0.14151001, 0.10015869, 0.3418274, 0.5834961, 0.8251648, -0.7642212, -0.5225525, -0.2808838, -0.039215088, 0.20245361, 0.4441223, 0.685791, -0.903595, -0.66192627, -0.42025757, -0.17858887, 0.063079834, 0.30474854, 0.54641724, 0.78808594, -0.80130005, -0.55963135, -0.31796265, -0.076293945, 0.16537476, 0.40704346, 0.64871216, 0.89038086, -0.6990051, -0.45733643, -0.21566772, 0.026000977, 0.26766968, 0.5093384, 0.7510071, -0.8383789, -0.5967102, -0.3550415, -0.1133728, 0.1282959, 0.3699646, 0.6116333, 0.853302, -0.736084, -0.49441528, -0.25274658, -0.011077881, 0.23059082, 0.47225952, 0.7139282, -0.87545776, -0.63378906, -0.39212036, -0.15045166, 0.09121704, 0.33288574, 0.57455444, 0.81622314, -0.77316284, -0.53149414, -0.28982544, -0.04815674, 0.19351196, 0.43518066, 0.67684937, -0.9125366, -0.6708679, -0.42919922, -0.18753052, 0.054138184, 0.29580688, 0.5374756, 0.7791443, -0.8102417, -0.568573, -0.3269043, -0.085235596, 0.1564331, 0.3981018, 0.6397705, 0.8814392, -0.7079468, -0.46627808, -0.22460938, 0.017059326, 0.25872803, 0.5003967, 0.7420654, -0.84732056, -0.60565186, -0.36398315, -0.12231445, 0.11935425, 0.36102295, 0.60269165, 0.84436035, -0.74502563, -0.50335693, -0.26168823, -0.020019531, 0.22164917, 0.46331787, 0.7049866, -0.8843994, -0.6427307, -0.401062, -0.15939331, 0.08227539, 0.3239441, 0.5656128, 0.8072815, -0.7821045, -0.5404358, -0.2987671, -0.05709839, 0.18457031, 0.426239, 0.6679077, 0.9095764, -0.6798096, -0.43814087, -0.19647217, 0.045196533, 0.28686523, 0.52853394, 0.77020264, -0.81918335, -0.57751465, -0.33584595, -0.094177246, 0.14749146, 0.38916016, 0.63082886, 0.87249756, -0.7168884, -0.47521973, -0.23355103, 0.008117676, 0.24978638, 0.49145508, 0.7331238, -0.8562622, -0.6145935, -0.3729248, -0.1312561, 0.1104126, 0.3520813, 0.59375, 0.8354187, -0.7539673, -0.5122986, -0.27062988, -0.028961182, 0.21270752, 0.45437622, 0.6960449, -0.89334106, -0.65167236, -0.41000366, -0.16833496, 0.07333374, 0.31500244, 0.55667114, 0.79833984, -0.79104614, -0.54937744, -0.30770874, -0.06604004, 0.17562866, 0.41729736, 0.65896606, 0.90063477, -0.6887512, -0.44708252, -0.20541382, 0.036254883, 0.27792358, 0.5195923, 0.761261, -0.828125, -0.5864563, -0.3447876, -0.1031189, 0.1385498, 0.3802185, 0.6218872, 0.8635559, -0.7258301, -0.48416138, -0.24249268, -0.0008239746, 0.24084473, 0.48251343, 0.7241821, -0.86520386, -0.62353516, -0.38186646, -0.14019775, 0.10147095, 0.34313965, 0.58480835, 0.82647705, -0.76290894, -0.52124023, -0.27957153, -0.037902832, 0.20376587, 0.44543457, 0.6871033, -0.9022827, -0.660614, -0.4189453, -0.17727661, 0.06439209, 0.3060608, 0.5477295, 0.7893982, -0.7999878, -0.5583191, -0.3166504, -0.07498169, 0.16668701, 0.4083557, 0.6500244, 0.8916931, -0.6976929, -0.45602417, -0.21435547, 0.027313232, 0.26898193, 0.51065063, 0.75231934, -0.83706665, -0.59539795, -0.35372925, -0.11206055, 0.12960815, 0.37127686, 0.61294556, 0.85461426, -0.7347717, -0.49310303, -0.25143433, -0.009765625, 0.23190308, 0.47357178, 0.7152405, -0.8741455, -0.6324768, -0.3908081, -0.1491394, 0.0925293, 0.334198, 0.5758667, 0.8175354, -0.7718506, -0.5301819, -0.28851318, -0.046844482, 0.19482422, 0.43649292, 0.6781616, -0.91122437, -0.66955566, -0.42788696, -0.18621826, 0.05545044, 0.29711914, 0.53878784, 0.78045654, -0.80892944, -0.56726074, -0.32559204, -0.08392334, 0.15774536, 0.39941406, 0.64108276, 0.88275146, -0.7066345, -0.46496582, -0.22329712, 0.018371582, 0.26004028, 0.501709, 0.7433777, -0.8460083, -0.6043396, -0.3626709, -0.1210022, 0.120666504, 0.3623352]
note: run with `RUST_BACKTRACE=1` environment variable to display a backtrace


failures:
    pcm_packets_are_sample_exact_despite_millisecond_timestamps

test result: FAILED. 1 passed; 1 failed; 0 ignored; 0 measured; 0 filtered out; finished in 0.00s

error: test failed, to rerun pass `-p filmcraft-codecs --test pcm_packet_timing`
